x,y,score,row_id,region,x_min,x_max,y_min,y_max
6300.4673,17472.508,0.09809285573842,40058,Bottom-left,6300,9700,15500,18200
6301.476,18001.883,0.0384284361573593,58202,Bottom-left,6300,9700,15500,18200
6301.757,17910.467,-0.165611267490834,40250,Bottom-left,6300,9700,15500,18200
6307.431,18100.799,0.0452035966197193,58233,Bottom-left,6300,9700,15500,18200
6308.082,16509.42,-0.14309679452476,39430,Bottom-left,6300,9700,15500,18200
6308.188,17203.209,0.158390580178056,39867,Bottom-left,6300,9700,15500,18200
6310.991,17773.197,-0.0145045162377593,40193,Bottom-left,6300,9700,15500,18200
6312.127,17088.416,0.0197247521095316,39765,Bottom-left,6300,9700,15500,18200
6317.3354,17820.17,-0.192022476162575,40219,Bottom-left,6300,9700,15500,18200
6317.349,17363.99,0.162922330227204,39998,Bottom-left,6300,9700,15500,18200
6317.5815,16999.307,0.140125422935327,39702,Bottom-left,6300,9700,15500,18200
6319.013,16287.26,-0.0937381422529821,39319,Bottom-left,6300,9700,15500,18200
6323.7075,17165.705,-0.0270606646226853,39838,Bottom-left,6300,9700,15500,18200
6325.818,16715.318,-0.0791150068115129,39554,Bottom-left,6300,9700,15500,18200
6327.283,17139.17,0.0233435361667911,39813,Bottom-left,6300,9700,15500,18200
6336.268,16623.56,-0.0422956682198498,39495,Bottom-left,6300,9700,15500,18200
6340.299,16214.568,0.051810998852687,39269,Bottom-left,6300,9700,15500,18200
6341.425,17380.545,0.120196384151879,40013,Bottom-left,6300,9700,15500,18200
6342.087,16084.0205,0.0144051125931352,39188,Bottom-left,6300,9700,15500,18200
6342.2017,17723.174,0.0730588257239063,40168,Bottom-left,6300,9700,15500,18200
6343.0933,17238.729,0.201681013040915,39901,Bottom-left,6300,9700,15500,18200
6344.319,16930.475,-0.00581855734864566,39665,Bottom-left,6300,9700,15500,18200
6346.668,17284.807,0.159156561474926,39928,Bottom-left,6300,9700,15500,18200
6347.5435,17976.85,-0.180332269045575,40275,Bottom-left,6300,9700,15500,18200
6347.635,17421.219,0.096591654523115,40030,Bottom-left,6300,9700,15500,18200
6349.4185,17056.203,0.0152393760066693,39738,Bottom-left,6300,9700,15500,18200
6351.203,17319.682,-0.0496595985728801,39964,Bottom-left,6300,9700,15500,18200
6351.397,17184.588,0.0917177234214253,39839,Bottom-left,6300,9700,15500,18200
6352.9795,17863.617,-0.095902995422797,40234,Bottom-left,6300,9700,15500,18200
6353.1396,17103.496,0.185710593495353,39781,Bottom-left,6300,9700,15500,18200
6353.3535,16018.924,0.0197479539605005,39148,Bottom-left,6300,9700,15500,18200
6355.8843,15633.109,0.0231019747070092,38919,Bottom-left,6300,9700,15500,18200
6356.8174,18128.428,-0.298533252117465,58245,Bottom-left,6300,9700,15500,18200
6358.533,16812.229,-0.146993530230427,39603,Bottom-left,6300,9700,15500,18200
6362.618,15754.873,0.145839414308971,38991,Bottom-left,6300,9700,15500,18200
6369.9844,15940.467,0.0250819062996076,39113,Bottom-left,6300,9700,15500,18200
6372.3657,17028.373,0.110123935797995,39717,Bottom-left,6300,9700,15500,18200
6372.732,15586.445,-2.54286447853295e-05,38887,Bottom-left,6300,9700,15500,18200
6372.7373,17460.158,0.0436264617561138,40059,Bottom-left,6300,9700,15500,18200
6378.422,18067.72,-0.0175353106755001,58225,Bottom-left,6300,9700,15500,18200
6378.445,16581.916,-0.0686258454831301,39477,Bottom-left,6300,9700,15500,18200
6378.9263,15795.324,0.0498806501858289,39023,Bottom-left,6300,9700,15500,18200
6379.75,15880.441,-0.18778105148212,39067,Bottom-left,6300,9700,15500,18200
6379.97,16850.473,-0.125344998532278,39625,Bottom-left,6300,9700,15500,18200
6382.515,16943.31,0.11940478532254,39670,Bottom-left,6300,9700,15500,18200
6384.145,17236.734,0.0694761260644193,39902,Bottom-left,6300,9700,15500,18200
6384.9463,17881.994,-0.0977183022691994,40240,Bottom-left,6300,9700,15500,18200
6389.8486,17648.459,0.0775754065371614,40136,Bottom-left,6300,9700,15500,18200
6390.349,16431.688,-0.0049791622905741,39384,Bottom-left,6300,9700,15500,18200
6390.7705,17161.328,0.0169905334398566,39828,Bottom-left,6300,9700,15500,18200
6394.806,16539.516,-0.0415867733215311,39453,Bottom-left,6300,9700,15500,18200
6395.3276,17057.678,0.00241418476115516,39739,Bottom-left,6300,9700,15500,18200
6395.9736,17116.082,-0.0355241038434272,39799,Bottom-left,6300,9700,15500,18200
6400.2896,15755.672,0.203096895492297,38992,Bottom-left,6300,9700,15500,18200
6401.5566,15951.484,0.0279336992127099,39103,Bottom-left,6300,9700,15500,18200
6402.4326,18007.566,-0.106753080109969,58203,Bottom-left,6300,9700,15500,18200
6402.9834,17806.531,-0.0865290845340531,40211,Bottom-left,6300,9700,15500,18200
6403.3696,15670.383,0.0120596056330357,38945,Bottom-left,6300,9700,15500,18200
6408.2036,16647.168,-0.105618923020295,39507,Bottom-left,6300,9700,15500,18200
6409.2,18121.318,-0.0516151379696069,58242,Bottom-left,6300,9700,15500,18200
6409.406,16363.331,0.121595322690816,39360,Bottom-left,6300,9700,15500,18200
6410.862,17774.297,-0.0950370541548711,40197,Bottom-left,6300,9700,15500,18200
6412.5415,17138.54,0.0468513473020464,39814,Bottom-left,6300,9700,15500,18200
6415.5815,16719.836,-0.0948957412287377,39548,Bottom-left,6300,9700,15500,18200
6415.795,16206.388,-0.0283595765245742,39270,Bottom-left,6300,9700,15500,18200
6415.868,17245.576,0.284212620671506,39897,Bottom-left,6300,9700,15500,18200
6416.044,17672.82,-0.0749489075189588,40145,Bottom-left,6300,9700,15500,18200
6416.185,15699.584,0.125971199205172,38960,Bottom-left,6300,9700,15500,18200
6417.3823,17453.197,0.0225677048849832,40049,Bottom-left,6300,9700,15500,18200
6417.5073,17501.193,0.112755359647792,40086,Bottom-left,6300,9700,15500,18200
6417.6426,16118.951,-0.123877046629349,39217,Bottom-left,6300,9700,15500,18200
6418.0127,16239.848,-0.0248958114528705,39295,Bottom-left,6300,9700,15500,18200
6418.2466,15763.49,0.0864817039812551,39002,Bottom-left,6300,9700,15500,18200
6422.6626,17585.303,-0.0565026677321671,40121,Bottom-left,6300,9700,15500,18200
6423.3804,15856.925,-0.0972019073246858,39060,Bottom-left,6300,9700,15500,18200
6425.314,15503.279,-0.0158734011064775,38838,Bottom-left,6300,9700,15500,18200
6426.081,17707.418,-0.011693312841276,40166,Bottom-left,6300,9700,15500,18200
6426.6953,15997.29,0.13728865292723,39141,Bottom-left,6300,9700,15500,18200
6430.944,17337.05,0.145610015869157,39976,Bottom-left,6300,9700,15500,18200
6431.6094,16267.314,-0.0703577280189819,39312,Bottom-left,6300,9700,15500,18200
6434.658,17204.705,0.116108571339406,39868,Bottom-left,6300,9700,15500,18200
6436.4136,17028.29,0.0146323273678295,39720,Bottom-left,6300,9700,15500,18200
6437.268,18020.803,-0.176435533339908,58204,Bottom-left,6300,9700,15500,18200
6441.273,15541.785,0.0148049331224148,38857,Bottom-left,6300,9700,15500,18200
6444.5894,15616.41,0.138701933547672,38907,Bottom-left,6300,9700,15500,18200
6446.1387,16324.549,-0.0534718732944263,39344,Bottom-left,6300,9700,15500,18200
6447.184,17444.227,0.0672492715592555,40054,Bottom-left,6300,9700,15500,18200
6450.4077,17309.297,-0.0715770095748763,39947,Bottom-left,6300,9700,15500,18200
6451.9395,17552.656,-0.0119066924339815,40111,Bottom-left,6300,9700,15500,18200
6452.719,15782.207,0.0682350020780952,39012,Bottom-left,6300,9700,15500,18200
6454.922,16459.393,-0.0547707851963151,39403,Bottom-left,6300,9700,15500,18200
6455.063,18135.799,-0.00800007056400171,58254,Bottom-left,6300,9700,15500,18200
6455.8896,16414.777,-0.0611241231194833,39372,Bottom-left,6300,9700,15500,18200
6456.147,17475.043,0.0269769418109687,40063,Bottom-left,6300,9700,15500,18200
6457.444,17241.352,0.0657497602294091,39904,Bottom-left,6300,9700,15500,18200
6461.835,17499.18,-0.0374519598377966,40087,Bottom-left,6300,9700,15500,18200
6465.057,17264.178,0.0306797296506577,39919,Bottom-left,6300,9700,15500,18200
6466.257,16644.104,0.0980792285235618,39508,Bottom-left,6300,9700,15500,18200
6466.4126,16088.34,-0.0937381422529821,39198,Bottom-left,6300,9700,15500,18200
6468.623,17683.252,-0.0587384934945676,40146,Bottom-left,6300,9700,15500,18200
6469.1245,17761.871,0.00589666193361201,40188,Bottom-left,6300,9700,15500,18200
6470.373,16508.594,0.0237513382798141,39434,Bottom-left,6300,9700,15500,18200
6471.135,18021.496,-0.0156887163136758,58210,Bottom-left,6300,9700,15500,18200
6473.97,16008.319,0.0136746643593374,39144,Bottom-left,6300,9700,15500,18200
6474.5767,16243.027,0.0128410640335884,39296,Bottom-left,6300,9700,15500,18200
6477.376,15736.204,0.11799064379455,38970,Bottom-left,6300,9700,15500,18200
6477.928,17375.178,0.115898306373553,40004,Bottom-left,6300,9700,15500,18200
6477.9775,17228.342,0.0110966239327986,39886,Bottom-left,6300,9700,15500,18200
6479.1733,18113.596,-0.0132562522429826,58243,Bottom-left,6300,9700,15500,18200
6481.1523,16182.302,-0.148292442132316,39258,Bottom-left,6300,9700,15500,18200
6483.4194,17149.014,-0.00627807419246297,39820,Bottom-left,6300,9700,15500,18200
6483.551,17050.902,-0.0448124606151669,39740,Bottom-left,6300,9700,15500,18200
6484.809,16310.998,-0.0145045162377593,39336,Bottom-left,6300,9700,15500,18200
6485.9434,17297.457,-0.0603994034378337,39933,Bottom-left,6300,9700,15500,18200
6490.842,17788.068,-0.101098643030352,40203,Bottom-left,6300,9700,15500,18200
6491.8076,16744.264,-0.119283409656797,39560,Bottom-left,6300,9700,15500,18200
6492.203,17487.123,0.0842674571728359,40078,Bottom-left,6300,9700,15500,18200
6496.305,15862.027,-0.0876765533775005,39061,Bottom-left,6300,9700,15500,18200
6497.519,16657.502,0.256619188640898,39515,Bottom-left,6300,9700,15500,18200
6499.238,17100.594,0.0627590583556715,39782,Bottom-left,6300,9700,15500,18200
6500.7847,17395.477,0.0350607421652936,40016,Bottom-left,6300,9700,15500,18200
6501.214,16157.253,-0.0739539006960541,39244,Bottom-left,6300,9700,15500,18200
6502.7935,17363.701,-0.0261947233547594,39999,Bottom-left,6300,9700,15500,18200
6503.687,15724.195,0.0818847803812203,38975,Bottom-left,6300,9700,15500,18200
6504.5522,16050.375,-0.0103251894717211,39169,Bottom-left,6300,9700,15500,18200
6504.8955,15539.019,-0.0599664328038708,38869,Bottom-left,6300,9700,15500,18200
6505.6367,17449.418,0.02139387766682,40050,Bottom-left,6300,9700,15500,18200
6506.0225,17643.158,0.087763196407402,40137,Bottom-left,6300,9700,15500,18200
6509.7725,17164.414,0.1278846740337,39832,Bottom-left,6300,9700,15500,18200
6511.1807,17264.844,-0.023762422397551,39920,Bottom-left,6300,9700,15500,18200
6511.965,17336.832,0.0865021245819096,39977,Bottom-left,6300,9700,15500,18200
6512.8203,18050.572,-0.121561698650299,58216,Bottom-left,6300,9700,15500,18200
6514.178,17303.086,0.184941804063508,39948,Bottom-left,6300,9700,15500,18200
6514.937,16562.111,-0.0790171406982411,39463,Bottom-left,6300,9700,15500,18200
6515.0596,15833.803,-0.0378001142518891,39041,Bottom-left,6300,9700,15500,18200
6515.501,16001.649,-0.0794501113322042,39142,Bottom-left,6300,9700,15500,18200
6515.817,17416.299,0.109168907983542,40031,Bottom-left,6300,9700,15500,18200
6516.3247,17058.115,-0.0478432550529077,39743,Bottom-left,6300,9700,15500,18200
6517.56,15689.844,0.18198802825878,38954,Bottom-left,6300,9700,15500,18200
6517.603,15790.198,-0.068596643254259,39017,Bottom-left,6300,9700,15500,18200
6517.6304,16456.174,-0.0565026677321671,39404,Bottom-left,6300,9700,15500,18200
6518.0244,17189.287,0.105392309080265,39863,Bottom-left,6300,9700,15500,18200
6519.471,17139.84,0.250928401308018,39805,Bottom-left,6300,9700,15500,18200
6525.8594,16508.162,0.00448620254590032,39440,Bottom-left,6300,9700,15500,18200
6530.16,16261.195,-0.0859446708416486,39303,Bottom-left,6300,9700,15500,18200
6532.9233,16326.515,-0.141364911988908,39338,Bottom-left,6300,9700,15500,18200
6533.356,18141.955,-0.00329909558998368,58255,Bottom-left,6300,9700,15500,18200
6535.9404,17032.213,-0.000216485316981529,39727,Bottom-left,6300,9700,15500,18200
6536.2554,15958.23,0.0479285644503978,39120,Bottom-left,6300,9700,15500,18200
6538.409,17714.55,-0.231422803853205,40169,Bottom-left,6300,9700,15500,18200
6541.8936,15676.896,0.0817292534395383,38937,Bottom-left,6300,9700,15500,18200
6542.776,17199.572,0.126660584628403,39869,Bottom-left,6300,9700,15500,18200
6543.003,17061.805,0.217926625755884,39741,Bottom-left,6300,9700,15500,18200
6545.502,16797.027,-0.051885794491005,39596,Bottom-left,6300,9700,15500,18200
6547.457,15723.482,-0.0625642566076485,38968,Bottom-left,6300,9700,15500,18200
6547.986,17793.934,-0.023379726477399,40204,Bottom-left,6300,9700,15500,18200
6550.0396,16128.099,0.0777906698247783,39222,Bottom-left,6300,9700,15500,18200
6550.2656,16883.846,-0.0868106121095747,39641,Bottom-left,6300,9700,15500,18200
6550.545,17370.127,0.0832831524574116,40000,Bottom-left,6300,9700,15500,18200
6551.586,16755.186,-0.0508740494906485,39571,Bottom-left,6300,9700,15500,18200
6553.0493,17566.814,0.0199023022817103,40116,Bottom-left,6300,9700,15500,18200
6553.7153,15881.017,0.0899787285458968,39073,Bottom-left,6300,9700,15500,18200
6553.863,16440.541,-0.0396168130076114,39398,Bottom-left,6300,9700,15500,18200
6554.452,17099.129,-0.0175353106755001,39774,Bottom-left,6300,9700,15500,18200
6558.062,16229.372,-0.120597022929837,39281,Bottom-left,6300,9700,15500,18200
6558.415,16159.217,0.0856624904823084,39245,Bottom-left,6300,9700,15500,18200
6563.3965,17421.736,-0.00484959334183121,40026,Bottom-left,6300,9700,15500,18200
6564.8896,17157.713,0.159967173809242,39829,Bottom-left,6300,9700,15500,18200
6565.724,17008.28,0.128915262809162,39705,Bottom-left,6300,9700,15500,18200
6568.5483,17463.902,-0.0376024506481891,40071,Bottom-left,6300,9700,15500,18200
6569.9424,17321.105,0.0836885716710088,39965,Bottom-left,6300,9700,15500,18200
6571.5435,15690.459,0.138297383613296,38955,Bottom-left,6300,9700,15500,18200
6571.9004,16387.535,0.0213597998589767,39369,Bottom-left,6300,9700,15500,18200
6575.497,16628.441,0.0566936967627162,39498,Bottom-left,6300,9700,15500,18200
6576.7026,15814.977,-0.0269565718376277,39034,Bottom-left,6300,9700,15500,18200
6578.4595,16483.967,-0.0703577280189819,39420,Bottom-left,6300,9700,15500,18200
6579.385,18084.209,-0.143810579405679,58222,Bottom-left,6300,9700,15500,18200
6581.4683,16441.943,-0.0339881947660929,39399,Bottom-left,6300,9700,15500,18200
6581.983,17229.307,0.121285454068969,39893,Bottom-left,6300,9700,15500,18200
6582.914,17370.422,0.0543755657375016,40005,Bottom-left,6300,9700,15500,18200
6584.191,17077.713,0.0754960818706494,39755,Bottom-left,6300,9700,15500,18200
6585.0312,15631.317,0.0196563002261083,38920,Bottom-left,6300,9700,15500,18200
6585.7,16281.634,0.204992260848053,39304,Bottom-left,6300,9700,15500,18200
6587.404,16823.188,0.0279266058906112,39613,Bottom-left,6300,9700,15500,18200
6589.2715,15590.019,0.132034362157819,38898,Bottom-left,6300,9700,15500,18200
6589.349,17284.834,0.129186982637377,39929,Bottom-left,6300,9700,15500,18200
6591.1333,16137.192,-0.0764193168944634,39231,Bottom-left,6300,9700,15500,18200
6591.5996,16355.954,-0.156518884177612,39353,Bottom-left,6300,9700,15500,18200
6594.085,16668.098,-0.0166720678613707,39523,Bottom-left,6300,9700,15500,18200
6597.6787,15553.115,0.172671687684962,38879,Bottom-left,6300,9700,15500,18200
6598.1167,15765.321,-0.00976754258260575,38997,Bottom-left,6300,9700,15500,18200
6598.6694,16705.87,0.029558709729797,39549,Bottom-left,6300,9700,15500,18200
6599.1353,17184.484,0.0678591233301569,39859,Bottom-left,6300,9700,15500,18200
6599.2676,17098.688,0.0629800867381808,39775,Bottom-left,6300,9700,15500,18200
6602.9434,16893.932,0.00137128199205869,39647,Bottom-left,6300,9700,15500,18200
6604.145,18142.826,0.0145180421126646,58259,Bottom-left,6300,9700,15500,18200
6606.7817,16104.23,-0.0417816661774261,39204,Bottom-left,6300,9700,15500,18200
6610.8945,15824.963,0.0526160130093753,39042,Bottom-left,6300,9700,15500,18200
6612.4844,17304.162,0.15414171383918,39949,Bottom-left,6300,9700,15500,18200
6613.9565,15624.444,0.0498028002625115,38917,Bottom-left,6300,9700,15500,18200
6615.6367,15793.833,0.106158391291912,39018,Bottom-left,6300,9700,15500,18200
6615.8735,17023.992,-0.019700163845315,39718,Bottom-left,6300,9700,15500,18200
6617.9517,17671.275,0.0358550695155297,40154,Bottom-left,6300,9700,15500,18200
6619.5005,17724.979,-0.116252615219056,40171,Bottom-left,6300,9700,15500,18200
6619.8037,17074.512,0.120355356036901,39756,Bottom-left,6300,9700,15500,18200
6620.024,18175.473,-0.0803970396661271,58269,Bottom-left,6300,9700,15500,18200
6620.4453,16140.706,0.00791462202249184,39218,Bottom-left,6300,9700,15500,18200
6620.6826,15523.825,0.209596493950933,38858,Bottom-left,6300,9700,15500,18200
6620.767,17433.352,-0.0525336911258663,40045,Bottom-left,6300,9700,15500,18200
6621.485,16927.398,0.000755785762129595,39666,Bottom-left,6300,9700,15500,18200
6621.5127,17219.844,0.214023009586815,39887,Bottom-left,6300,9700,15500,18200
6622.944,16973.877,0.0686045562236873,39688,Bottom-left,6300,9700,15500,18200
6623.516,16617.986,-0.13573629374739,39496,Bottom-left,6300,9700,15500,18200
6624.5415,16680.156,-0.00974183926416668,39527,Bottom-left,6300,9700,15500,18200
6627.3853,16490.611,0.124868272717425,39426,Bottom-left,6300,9700,15500,18200
6629.9043,17355.514,0.0580279454566137,39986,Bottom-left,6300,9700,15500,18200
6631.66,17588.412,-0.0162363987736112,40122,Bottom-left,6300,9700,15500,18200
6632.14,16070.724,0.0974791965036402,39189,Bottom-left,6300,9700,15500,18200
6632.5757,17104.676,0.135697349588483,39783,Bottom-left,6300,9700,15500,18200
6635.1895,17174.973,0.0420201025041307,39845,Bottom-left,6300,9700,15500,18200
6636.764,16575.232,-0.0377061962498678,39471,Bottom-left,6300,9700,15500,18200
6638.3076,17798.11,-0.128580702850404,40212,Bottom-left,6300,9700,15500,18200
6639.646,15537.364,0.300690732618809,38870,Bottom-left,6300,9700,15500,18200
6640.517,17499.033,-0.0315110161475436,40083,Bottom-left,6300,9700,15500,18200
6641.8813,17558.87,0.0326775900942834,40115,Bottom-left,6300,9700,15500,18200
6643.3604,15763.143,0.165550064286857,39003,Bottom-left,6300,9700,15500,18200
6643.816,16818.463,-0.0339881947660929,39610,Bottom-left,6300,9700,15500,18200
6646.2207,17779.672,0.00455578014109017,40201,Bottom-left,6300,9700,15500,18200
6648.1504,15728.497,0.0440497976340043,38976,Bottom-left,6300,9700,15500,18200
6650.5566,16661.168,-0.10369646683413,39521,Bottom-left,6300,9700,15500,18200
6652.791,17076.488,0.238350698620964,39760,Bottom-left,6300,9700,15500,18200
6653.1323,17265.342,-0.0872435827435376,39921,Bottom-left,6300,9700,15500,18200
6654.8696,16700.168,-0.0621312859736856,39544,Bottom-left,6300,9700,15500,18200
6655.271,16894.953,0.0942586870798078,39653,Bottom-left,6300,9700,15500,18200
6656.036,18163.152,0.00198557377495513,58272,Bottom-left,6300,9700,15500,18200
6657.9194,16846.234,0.018401251943426,39626,Bottom-left,6300,9700,15500,18200
6659.0806,16283.501,0.126410758877043,39316,Bottom-left,6300,9700,15500,18200
6659.668,17618.61,-0.0508740494906485,40132,Bottom-left,6300,9700,15500,18200
6663.785,17038.982,0.000725634792314481,39731,Bottom-left,6300,9700,15500,18200
6664.6104,17243.379,0.154678386194219,39905,Bottom-left,6300,9700,15500,18200
6666.0312,16553.496,-0.145261647694575,39454,Bottom-left,6300,9700,15500,18200
6669.564,16208.806,-0.0707906986529449,39275,Bottom-left,6300,9700,15500,18200
6669.574,17409.818,-0.14309679452476,40023,Bottom-left,6300,9700,15500,18200
6670.509,17585.67,0.0304671699182011,40123,Bottom-left,6300,9700,15500,18200
6673.6313,15749.847,0.149629773312054,38993,Bottom-left,6300,9700,15500,18200
6675.566,16873.914,-0.0330732341198028,39634,Bottom-left,6300,9700,15500,18200
6676.257,16170.619,-0.0603994034378337,39257,Bottom-left,6300,9700,15500,18200
6676.782,15563.714,0.177298447917746,38884,Bottom-left,6300,9700,15500,18200
6677.809,16436.213,-0.0227005566062977,39393,Bottom-left,6300,9700,15500,18200
6677.831,17521.08,-0.0526059320265003,40090,Bottom-left,6300,9700,15500,18200
6677.9834,17149.361,-0.0391838423736484,39821,Bottom-left,6300,9700,15500,18200
6679.425,17678.428,-0.158683737347427,40151,Bottom-left,6300,9700,15500,18200
6682.5967,16093.326,0.277945204868584,39205,Bottom-left,6300,9700,15500,18200
6682.827,17748.889,-0.0512137382116952,40182,Bottom-left,6300,9700,15500,18200
6684.1533,17797.518,-0.166884536675481,40208,Bottom-left,6300,9700,15500,18200
6687.0405,17485.182,-0.0153704575056852,40079,Bottom-left,6300,9700,15500,18200
6688.789,16728.398,0.0331615608558731,39557,Bottom-left,6300,9700,15500,18200
6691.588,17118.86,-0.0720896105548337,39800,Bottom-left,6300,9700,15500,18200
6694.477,16661.918,-0.171363799850046,39509,Bottom-left,6300,9700,15500,18200
6695.131,15689.036,0.123832342334237,38959,Bottom-left,6300,9700,15500,18200
6695.2915,17080.258,-0.0474102844189448,39766,Bottom-left,6300,9700,15500,18200
6695.425,17298.295,-0.0253702028395312,39934,Bottom-left,6300,9700,15500,18200
6697.9126,17449.047,-0.0786836126015939,40051,Bottom-left,6300,9700,15500,18200
6698,18184.316,0.06363933869878,58286,Bottom-left,6300,9700,15500,18200
6701.041,16769.02,-0.0204821668279292,39578,Bottom-left,6300,9700,15500,18200
6704.2007,16467.121,-0.136602235015316,39414,Bottom-left,6300,9700,15500,18200
6705.9087,16287.929,-0.0639584659345948,39320,Bottom-left,6300,9700,15500,18200
6706.2524,16970.078,-0.12404608663039,39694,Bottom-left,6300,9700,15500,18200
6706.2876,15650.897,0.249907934550026,38932,Bottom-left,6300,9700,15500,18200
6706.8228,15547.19,-0.026043888808697,38871,Bottom-left,6300,9700,15500,18200
6712.2354,16081.979,-0.0253287820868334,39190,Bottom-left,6300,9700,15500,18200
6714.4863,16911.78,-0.0413486955434634,39656,Bottom-left,6300,9700,15500,18200
6717.512,15730.507,-0.00490742558573667,38977,Bottom-left,6300,9700,15500,18200
6719.2446,16528.236,-0.132272528675686,39446,Bottom-left,6300,9700,15500,18200
6722.018,16165.476,0.0497587927344649,39250,Bottom-left,6300,9700,15500,18200
6722.6,17220.818,0.121509934046311,39882,Bottom-left,6300,9700,15500,18200
6722.64,15505.134,0.117515358376259,38844,Bottom-left,6300,9700,15500,18200
6723.568,15806.712,0.151220486107679,39030,Bottom-left,6300,9700,15500,18200
6724.465,15631.944,0.0901072913974862,38924,Bottom-left,6300,9700,15500,18200
6726.496,17438.611,0.0688064905218922,40041,Bottom-left,6300,9700,15500,18200
6727.9395,17666.184,-0.0305244296943892,40147,Bottom-left,6300,9700,15500,18200
6730.9536,17104.4,0.173025839470658,39784,Bottom-left,6300,9700,15500,18200
6733.3423,17690.182,0.0338362764032039,40158,Bottom-left,6300,9700,15500,18200
6733.5835,17533.559,-0.0660280216793522,40100,Bottom-left,6300,9700,15500,18200
6734.518,15705.045,0.0812292700926609,38961,Bottom-left,6300,9700,15500,18200
6735.8,18089.273,-0.12823551789531,58231,Bottom-left,6300,9700,15500,18200
6736.454,15661.141,-0.0422146368113892,38939,Bottom-left,6300,9700,15500,18200
6736.7617,16852.705,-0.0387508717396855,39629,Bottom-left,6300,9700,15500,18200
6738.433,17317.348,-0.0498802601192447,39961,Bottom-left,6300,9700,15500,18200
6739.3306,16823.16,-0.00745486778614274,39611,Bottom-left,6300,9700,15500,18200
6740.415,17396.78,0.0321909255349668,40017,Bottom-left,6300,9700,15500,18200
6741.3213,15759.404,0.192170219335724,38994,Bottom-left,6300,9700,15500,18200
6741.746,17151.371,-0.0331222534981669,39824,Bottom-left,6300,9700,15500,18200
6743.1104,17342.291,-0.0349656808621,39980,Bottom-left,6300,9700,15500,18200
6743.814,16105.737,-0.056069697098204,39210,Bottom-left,6300,9700,15500,18200
6747.247,15514.89,0.138318119523207,38851,Bottom-left,6300,9700,15500,18200
6747.674,17205.549,-0.158683737347427,39860,Bottom-left,6300,9700,15500,18200
6752.05,15638.096,0.207131698484379,38925,Bottom-left,6300,9700,15500,18200
6753.2886,16951.773,-0.135303323113427,39679,Bottom-left,6300,9700,15500,18200
6754.4507,18165.594,-0.122754783531414,58270,Bottom-left,6300,9700,15500,18200
6757.776,16291.762,-0.0257617527207965,39326,Bottom-left,6300,9700,15500,18200
6759.6406,15546.992,0.158834257703184,38877,Bottom-left,6300,9700,15500,18200
6761.685,17103.557,0.00887589799624086,39792,Bottom-left,6300,9700,15500,18200
6765.7505,16919.678,-0.0187918938831268,39663,Bottom-left,6300,9700,15500,18200
6772.2554,15662.035,-0.0201331344792779,38940,Bottom-left,6300,9700,15500,18200
6775.4424,16194.433,0.0382319365580516,39259,Bottom-left,6300,9700,15500,18200
6775.6294,17728.387,-0.0634081048785988,40174,Bottom-left,6300,9700,15500,18200
6775.675,16880.662,-0.064122497657005,39643,Bottom-left,6300,9700,15500,18200
6778.253,16243.164,-0.000787857647211423,39285,Bottom-left,6300,9700,15500,18200
6778.578,16150.669,0.0877676214366487,39232,Bottom-left,6300,9700,15500,18200
6779.1665,17023.395,-0.0993667604945007,39721,Bottom-left,6300,9700,15500,18200
6779.785,15610.36,0.0088171172177501,38908,Bottom-left,6300,9700,15500,18200
6780.1436,15741.307,0.229820820017336,38984,Bottom-left,6300,9700,15500,18200
6780.1587,17049.916,-0.0698459528559021,39744,Bottom-left,6300,9700,15500,18200
6780.6562,17302.502,0.0190666505173217,39940,Bottom-left,6300,9700,15500,18200
6781.6914,16761.014,0.0596581418237282,39576,Bottom-left,6300,9700,15500,18200
6783.899,16094.022,0.0427648512573631,39200,Bottom-left,6300,9700,15500,18200
6784.6,16294.623,-0.0920192913370053,39321,Bottom-left,6300,9700,15500,18200
6787.2812,15517.934,0.0986186374724739,38852,Bottom-left,6300,9700,15500,18200
6789.447,17567.258,0.107163191754987,40118,Bottom-left,6300,9700,15500,18200
6790.051,17391.727,0.0574350673952152,40018,Bottom-left,6300,9700,15500,18200
6792.8486,16388.117,-0.0463547776941073,39363,Bottom-left,6300,9700,15500,18200
6795.217,15672.056,0.211469247574499,38948,Bottom-left,6300,9700,15500,18200
6796.2754,17166.281,-0.058234550268019,39840,Bottom-left,6300,9700,15500,18200
6796.476,17192.057,0.02110080249022,39870,Bottom-left,6300,9700,15500,18200
6797.9727,16141.25,0.0420510425115169,39235,Bottom-left,6300,9700,15500,18200
6798.1553,15804.768,0.177070970913351,39024,Bottom-left,6300,9700,15500,18200
6804.337,17774.836,-0.070666634812359,40200,Bottom-left,6300,9700,15500,18200
6806.2227,15611.968,0.0206165268016856,38909,Bottom-left,6300,9700,15500,18200
6806.7534,18071.678,-0.123923148428328,58221,Bottom-left,6300,9700,15500,18200
6808.0103,16740.033,-0.0370189892038336,39566,Bottom-left,6300,9700,15500,18200
6808.3184,16174.116,0.0757593931266886,39254,Bottom-left,6300,9700,15500,18200
6812.8716,17359.256,-0.0147364541022314,39987,Bottom-left,6300,9700,15500,18200
6817.3413,16104.433,0.0717930815160897,39211,Bottom-left,6300,9700,15500,18200
6820.2534,16826.09,-0.0228183871526596,39614,Bottom-left,6300,9700,15500,18200
6820.691,16444.814,-0.0270929094538111,39401,Bottom-left,6300,9700,15500,18200
6821.662,15680.69,0.343983575285145,38950,Bottom-left,6300,9700,15500,18200
6821.74,16631.66,-0.031390370962315,39500,Bottom-left,6300,9700,15500,18200
6821.8687,16919.334,-0.120582321558686,39658,Bottom-left,6300,9700,15500,18200
6823.671,15572.105,0.24354549626526,38888,Bottom-left,6300,9700,15500,18200
6823.6953,15824.054,-0.0292255177925002,39043,Bottom-left,6300,9700,15500,18200
6824.0083,17506.834,0.117937564324019,40080,Bottom-left,6300,9700,15500,18200
6824.9395,16765.773,0.127061959858763,39582,Bottom-left,6300,9700,15500,18200
6825.0337,17101.34,-0.0339881947660929,39793,Bottom-left,6300,9700,15500,18200
6827.157,18175.934,0.0352628831418497,58279,Bottom-left,6300,9700,15500,18200
6829.387,15591.802,0.0247823671650936,38901,Bottom-left,6300,9700,15500,18200
6830.194,16132.951,0.24871385790237,39226,Bottom-left,6300,9700,15500,18200
6832.511,16066.044,0.115598357867859,39180,Bottom-left,6300,9700,15500,18200
6834.962,16369.315,-0.0517399907585745,39362,Bottom-left,6300,9700,15500,18200
6834.964,17260.16,-0.170373944464427,39909,Bottom-left,6300,9700,15500,18200
6836.413,15664.567,0.0490184473266551,38933,Bottom-left,6300,9700,15500,18200
6836.526,16166.919,-0.0578015796340559,39251,Bottom-left,6300,9700,15500,18200
6838.094,16886.78,-0.0781511994303152,39644,Bottom-left,6300,9700,15500,18200
6838.3647,17036.926,-0.110623996977538,39728,Bottom-left,6300,9700,15500,18200
6841.4834,16554.605,-0.215402890396575,39459,Bottom-left,6300,9700,15500,18200
6842.2188,17369.533,-0.134437381845501,40006,Bottom-left,6300,9700,15500,18200
6844.0225,16806.389,-0.0508793175863549,39601,Bottom-left,6300,9700,15500,18200
6844.1777,16469.74,-0.135303323113427,39416,Bottom-left,6300,9700,15500,18200
6844.964,16208.794,0.0237937742493585,39276,Bottom-left,6300,9700,15500,18200
6845.3027,16302.575,-0.102830525566204,39331,Bottom-left,6300,9700,15500,18200
6850.927,15788.046,0.0684403419884085,39013,Bottom-left,6300,9700,15500,18200
6854.617,17733.137,-0.0829138764039078,40177,Bottom-left,6300,9700,15500,18200
6856.9087,17318.457,-0.173837709536131,39950,Bottom-left,6300,9700,15500,18200
6857.428,16410.533,-0.142178591333656,39373,Bottom-left,6300,9700,15500,18200
6859.755,16241.719,-0.0439412435651565,39297,Bottom-left,6300,9700,15500,18200
6859.8203,15612.123,0.0544744571981303,38910,Bottom-left,6300,9700,15500,18200
6860.279,15832.649,0.2073572056511,39044,Bottom-left,6300,9700,15500,18200
6861.6123,17179.924,-0.0730334825227414,39851,Bottom-left,6300,9700,15500,18200
6862.0444,16279.39,-0.0257617527207963,39314,Bottom-left,6300,9700,15500,18200
6864.0806,16030.173,0.182694912871126,39158,Bottom-left,6300,9700,15500,18200
6865.4404,17784.746,0.0641847652672364,40198,Bottom-left,6300,9700,15500,18200
6866.847,16650,-0.184940545702937,39510,Bottom-left,6300,9700,15500,18200
6867.5757,17895.176,-0.146439672382213,40231,Bottom-left,6300,9700,15500,18200
6868.534,16783.172,0.0560793068553714,39592,Bottom-left,6300,9700,15500,18200
6868.7656,16870.451,-0.0720896105548337,39638,Bottom-left,6300,9700,15500,18200
6869.4565,17090.303,-0.0214320463811667,39767,Bottom-left,6300,9700,15500,18200
6872.3906,17470.09,-0.110191026343575,40064,Bottom-left,6300,9700,15500,18200
6874.8403,17681.88,-0.0365860185698706,40157,Bottom-left,6300,9700,15500,18200
6875.513,15743.669,0.195445050298581,38985,Bottom-left,6300,9700,15500,18200
6877.841,16448.336,-0.00930886863020362,39405,Bottom-left,6300,9700,15500,18200
6878.0513,15859.606,0.232798090789065,39062,Bottom-left,6300,9700,15500,18200
6878.2505,15698.77,-0.0116686269075406,38962,Bottom-left,6300,9700,15500,18200
6878.5225,17042.709,-0.0924392303510932,39732,Bottom-left,6300,9700,15500,18200
6880.2935,16495.752,-0.0107716336575655,39427,Bottom-left,6300,9700,15500,18200
6881.2207,17378.865,-0.0179682813094631,40009,Bottom-left,6300,9700,15500,18200
6882.948,17122.713,-0.108075588748899,39802,Bottom-left,6300,9700,15500,18200
6883.2476,15577.485,0.0614917682121621,38889,Bottom-left,6300,9700,15500,18200
6884.896,16562.062,-0.044932186826864,39468,Bottom-left,6300,9700,15500,18200
6889.4434,16752.18,-0.167776120660649,39564,Bottom-left,6300,9700,15500,18200
6889.511,16134.96,0.00504741033629646,39227,Bottom-left,6300,9700,15500,18200
6891.309,18174.316,-0.0466840885781525,58277,Bottom-left,6300,9700,15500,18200
6893.088,15790.951,0.0398789150004107,39019,Bottom-left,6300,9700,15500,18200
6893.855,17280.246,0.0408010880881071,39922,Bottom-left,6300,9700,15500,18200
6898.7734,17546.316,-0.114087762049241,40105,Bottom-left,6300,9700,15500,18200
6899.5327,15817.772,-0.057368609000093,39037,Bottom-left,6300,9700,15500,18200
6901.9062,16530.521,-0.0158034281396483,39449,Bottom-left,6300,9700,15500,18200
6901.9478,17350.436,-0.0357200773019447,39988,Bottom-left,6300,9700,15500,18200
6901.9717,18032.71,-0.049273944303334,58214,Bottom-left,6300,9700,15500,18200
6903.264,17476.84,0.0747712263561312,40065,Bottom-left,6300,9700,15500,18200
6904.099,16437.318,0.247246809982336,39394,Bottom-left,6300,9700,15500,18200
6904.123,17733.871,-0.07503340142066,40178,Bottom-left,6300,9700,15500,18200
6904.272,15905.105,0.0485506710655912,39091,Bottom-left,6300,9700,15500,18200
6905.133,17973.97,-0.000462218980326302,40273,Bottom-left,6300,9700,15500,18200
6906.949,17402.91,0.0790028361696751,40019,Bottom-left,6300,9700,15500,18200
6910.2476,16258.378,0.0227309582830557,39308,Bottom-left,6300,9700,15500,18200
6911.1997,17434.244,-0.139200058819093,40038,Bottom-left,6300,9700,15500,18200
6911.411,15845.495,-0.0176717206785055,39054,Bottom-left,6300,9700,15500,18200
6912.9434,17073.404,-0.02572110939433,39757,Bottom-left,6300,9700,15500,18200
6913.3667,17582.826,0.160824044857194,40124,Bottom-left,6300,9700,15500,18200
6914.966,17636.438,-0.0110512512119657,40134,Bottom-left,6300,9700,15500,18200
6917.971,16174.944,0.025258323896824,39239,Bottom-left,6300,9700,15500,18200
6918.7134,16828.258,-0.0389896134503103,39618,Bottom-left,6300,9700,15500,18200
6918.891,17214.455,-0.0110583727169344,39876,Bottom-left,6300,9700,15500,18200
6919.735,17166.057,-0.0124272528212738,39841,Bottom-left,6300,9700,15500,18200
6921.303,15789.934,-0.0181227180449778,39014,Bottom-left,6300,9700,15500,18200
6922.537,16593.32,-0.236618451460761,39483,Bottom-left,6300,9700,15500,18200
6923.0215,15955.781,0.00798153161763475,39123,Bottom-left,6300,9700,15500,18200
6923.2534,15927.507,0.0646030905344183,39101,Bottom-left,6300,9700,15500,18200
6923.559,15692.173,-0.00304323491083375,38956,Bottom-left,6300,9700,15500,18200
6923.777,16804.434,-0.0049791622905741,39604,Bottom-left,6300,9700,15500,18200
6926.0903,15890.853,0.112975787162091,39083,Bottom-left,6300,9700,15500,18200
6926.637,18155.373,0.012374780078676,58265,Bottom-left,6300,9700,15500,18200
6926.669,16058.003,0.0652844776556754,39173,Bottom-left,6300,9700,15500,18200
6927.118,17312.826,-0.0483339446029074,39954,Bottom-left,6300,9700,15500,18200
6929.913,15723.887,0.0723113820077327,38972,Bottom-left,6300,9700,15500,18200
6931.275,18096.574,-0.0279266058906113,58235,Bottom-left,6300,9700,15500,18200
6931.7393,18046.236,-0.0413902779065525,58217,Bottom-left,6300,9700,15500,18200
6931.7925,16090.986,0.0422656387811306,39206,Bottom-left,6300,9700,15500,18200
6931.834,17561.223,0.0231639289170186,40117,Bottom-left,6300,9700,15500,18200
6934.8438,16029.464,0.147763437170294,39159,Bottom-left,6300,9700,15500,18200
6935.2275,15513.252,-0.0371230822531561,38848,Bottom-left,6300,9700,15500,18200
6935.6914,17941.324,-0.0239244950673241,40261,Bottom-left,6300,9700,15500,18200
6936.171,17040.361,-0.0658448472626137,39722,Bottom-left,6300,9700,15500,18200
6938.193,17249.299,-0.0621573033261271,39898,Bottom-left,6300,9700,15500,18200
6939.4727,17185.621,-0.00312655650785864,39846,Bottom-left,6300,9700,15500,18200
6941.4956,16746.355,-0.199815947573908,39569,Bottom-left,6300,9700,15500,18200
6941.6934,17542.84,0.122270502976667,40106,Bottom-left,6300,9700,15500,18200
6943.897,15833.595,-0.0907073478152414,39047,Bottom-left,6300,9700,15500,18200
6944.2856,17484.373,0.0468425587326018,40073,Bottom-left,6300,9700,15500,18200
6946.7324,15537.678,0.142687375777735,38866,Bottom-left,6300,9700,15500,18200
6947.8022,17614.693,0.0923151491995512,40130,Bottom-left,6300,9700,15500,18200
6948.0513,15947.135,0.0728001686695524,39117,Bottom-left,6300,9700,15500,18200
6949.9355,15795.823,0.0789001873047734,39020,Bottom-left,6300,9700,15500,18200
6952.832,16816.5,-0.100665672396389,39612,Bottom-left,6300,9700,15500,18200
6953.416,16658.086,-0.094171112886945,39519,Bottom-left,6300,9700,15500,18200
6953.995,17798.621,-0.127220093526814,40209,Bottom-left,6300,9700,15500,18200
6955.6025,16190.713,0.0395100453554719,39263,Bottom-left,6300,9700,15500,18200
6958.0903,17316.367,-0.151323236570057,39962,Bottom-left,6300,9700,15500,18200
6960.1353,17446.451,0.0549182181812908,40046,Bottom-left,6300,9700,15500,18200
6963.4536,15682.979,0.144581823700125,38946,Bottom-left,6300,9700,15500,18200
6963.974,17977.277,-0.0938282462074509,40268,Bottom-left,6300,9700,15500,18200
6964.577,15745.01,-0.0629972272416114,38986,Bottom-left,6300,9700,15500,18200
6965.6216,15999.448,0.0117417436643474,39145,Bottom-left,6300,9700,15500,18200
6965.7217,15961.949,0.0845104615792693,39124,Bottom-left,6300,9700,15500,18200
6966.271,18162.72,-0.0385425471111835,58273,Bottom-left,6300,9700,15500,18200
6966.984,18110.053,0.0255265533974077,58236,Bottom-left,6300,9700,15500,18200
6969.381,17658.852,-0.12707688106813,40143,Bottom-left,6300,9700,15500,18200
6973,15524.877,0.244232694338317,38859,Bottom-left,6300,9700,15500,18200
6973.474,17750.625,0.00708887354073687,40183,Bottom-left,6300,9700,15500,18200
6974.172,17536.658,0.164664682284168,40104,Bottom-left,6300,9700,15500,18200
6974.345,16202.03,-0.0357200773019448,39271,Bottom-left,6300,9700,15500,18200
6980.1436,16077.282,-0.0379333341742189,39195,Bottom-left,6300,9700,15500,18200
6982.5234,16504.393,0.0300990930914086,39433,Bottom-left,6300,9700,15500,18200
6983.3613,17220.502,0.0791295507570887,39877,Bottom-left,6300,9700,15500,18200
6985.8477,16684.807,-0.0015153972188704,39537,Bottom-left,6300,9700,15500,18200
6985.992,16148.664,-0.0717958618283319,39240,Bottom-left,6300,9700,15500,18200
6987.741,15590.105,0.102442843907062,38894,Bottom-left,6300,9700,15500,18200
6988.7163,17854.822,-0.179078837030562,40232,Bottom-left,6300,9700,15500,18200
6990.676,15913.526,0.207370158083008,39094,Bottom-left,6300,9700,15500,18200
6990.9297,15505.43,0.0861110845124583,38839,Bottom-left,6300,9700,15500,18200
6991.3467,17106.816,-0.0372071740694749,39776,Bottom-left,6300,9700,15500,18200
6995.6636,17489.51,0.0851486401157873,40081,Bottom-left,6300,9700,15500,18200
6996.988,17068.625,-0.0132053247953125,39751,Bottom-left,6300,9700,15500,18200
6998,16778.63,0.0192427194455745,39587,Bottom-left,6300,9700,15500,18200
6998.219,15801.815,-0.00183662642988545,39025,Bottom-left,6300,9700,15500,18200
6998.3286,18179.451,-0.122314204094538,58274,Bottom-left,6300,9700,15500,18200
7005.133,16705.012,-0.0881095240114635,39552,Bottom-left,6300,9700,15500,18200
7008.562,17786.432,-0.160415619883279,40202,Bottom-left,6300,9700,15500,18200
7008.7983,17160.852,-0.130540646139834,39830,Bottom-left,6300,9700,15500,18200
7009.5264,17310.002,-0.12707688106813,39951,Bottom-left,6300,9700,15500,18200
7013.4023,16650.295,-0.137987557668484,39516,Bottom-left,6300,9700,15500,18200
7014.889,17699.883,-0.0883733075853112,40163,Bottom-left,6300,9700,15500,18200
7015.084,17002.885,-0.0161964061250144,39698,Bottom-left,6300,9700,15500,18200
7015.9307,16013.544,0.0188034232062041,39149,Bottom-left,6300,9700,15500,18200
7018.5864,18133.508,-0.00522566981079134,58256,Bottom-left,6300,9700,15500,18200
7018.9897,15883.136,-0.0352871066679818,39078,Bottom-left,6300,9700,15500,18200
7019.149,15854.28,0.223909045439728,39058,Bottom-left,6300,9700,15500,18200
7019.4062,16084.461,-0.0491440052286638,39196,Bottom-left,6300,9700,15500,18200
7019.561,16253.894,0.0202137587622713,39298,Bottom-left,6300,9700,15500,18200
7021.151,17424.21,0.11203468146461,40032,Bottom-left,6300,9700,15500,18200
7022.186,15694.502,-0.111056967611501,38951,Bottom-left,6300,9700,15500,18200
7023.47,16531.846,0.0279480344790994,39435,Bottom-left,6300,9700,15500,18200
7026.06,17668.705,0.0015153972188704,40152,Bottom-left,6300,9700,15500,18200
7028.4653,15644.614,0.123605127270532,38926,Bottom-left,6300,9700,15500,18200
7033.2827,16812.658,-0.0898414065473155,39605,Bottom-left,6300,9700,15500,18200
7036.4697,16619.521,-0.128808763603982,39490,Bottom-left,6300,9700,15500,18200
7038.458,16954.096,-0.0153736343133667,39677,Bottom-left,6300,9700,15500,18200
7042.26,18159.447,-0.0247714561297797,58262,Bottom-left,6300,9700,15500,18200
7042.466,15740.699,-0.0859446708416485,38982,Bottom-left,6300,9700,15500,18200
7043.0757,18079.828,-0.0136385749698334,58228,Bottom-left,6300,9700,15500,18200
7045.1377,16378.471,-0.0650674462350057,39367,Bottom-left,6300,9700,15500,18200
7046.5474,16295.981,-0.160848590517242,39322,Bottom-left,6300,9700,15500,18200
7048.2935,17927.578,0.0835370049901781,40256,Bottom-left,6300,9700,15500,18200
7049.1416,17294.963,-0.00110444957981774,39941,Bottom-left,6300,9700,15500,18200
7051.079,15607.778,-0.0542254225552345,38902,Bottom-left,6300,9700,15500,18200
7053.815,15888.048,-0.196976335227241,39079,Bottom-left,6300,9700,15500,18200
7053.9243,16067.02,0.0411871053636615,39181,Bottom-left,6300,9700,15500,18200
7054.488,17144.318,0.0515150633525421,39816,Bottom-left,6300,9700,15500,18200
7054.891,16173.331,-0.0115490208477798,39248,Bottom-left,6300,9700,15500,18200
7055.822,15822.266,0.00166991506952279,39038,Bottom-left,6300,9700,15500,18200
7056.111,18010.512,-0.0942824714551925,58205,Bottom-left,6300,9700,15500,18200
7058.5713,16793.867,-0.123613115996427,39593,Bottom-left,6300,9700,15500,18200
7060.7593,17718.445,0.0632176694804921,40172,Bottom-left,6300,9700,15500,18200
7062.2,17885.65,-0.0452929138926506,40243,Bottom-left,6300,9700,15500,18200
7062.629,15529.789,-0.022029377980881,38849,Bottom-left,6300,9700,15500,18200
7065.9155,16426.816,-0.0837798176718338,39388,Bottom-left,6300,9700,15500,18200
7066.0137,15980.698,0.00412071806184235,39133,Bottom-left,6300,9700,15500,18200
7070.606,17343.871,0.003885330299187,39981,Bottom-left,6300,9700,15500,18200
7070.873,17453.225,-0.0622497377588706,40052,Bottom-left,6300,9700,15500,18200
7071.679,17666.004,0.0273407379216474,40142,Bottom-left,6300,9700,15500,18200
7075.042,16010.46,-0.0274936352566483,39150,Bottom-left,6300,9700,15500,18200
7075.377,16543.459,0.0594135392488896,39457,Bottom-left,6300,9700,15500,18200
7077.523,17523.195,-0.010313316654537,40097,Bottom-left,6300,9700,15500,18200
7081.3853,17255.164,-0.0720896105548336,39910,Bottom-left,6300,9700,15500,18200
7082.3564,17369.207,-0.0859446708416486,40010,Bottom-left,6300,9700,15500,18200
7086.117,18127.777,-0.142663823890797,58246,Bottom-left,6300,9700,15500,18200
7091.216,17298.404,0.0876787061762581,39942,Bottom-left,6300,9700,15500,18200
7091.528,16088.771,-0.0637682334989893,39191,Bottom-left,6300,9700,15500,18200
7093.9116,16277.816,0.0840679069114806,39315,Bottom-left,6300,9700,15500,18200
7094.0493,17791.936,-0.134437381845501,40205,Bottom-left,6300,9700,15500,18200
7094.064,16574.975,-0.010669052567976,39472,Bottom-left,6300,9700,15500,18200
7096.14,17980.918,-0.0946040835209081,40278,Bottom-left,6300,9700,15500,18200
7098.468,16744.934,0.0177523712445989,39570,Bottom-left,6300,9700,15500,18200
7099.151,16510.355,0.0198066333433723,39436,Bottom-left,6300,9700,15500,18200
7103.758,17604.232,-0.0127839539286598,40125,Bottom-left,6300,9700,15500,18200
7111.516,15817.692,0.0621386506064106,39039,Bottom-left,6300,9700,15500,18200
7111.983,15582.865,0.00814400251737036,38893,Bottom-left,6300,9700,15500,18200
7115.3716,17112.275,-0.180332269045575,39777,Bottom-left,6300,9700,15500,18200
7116.9854,15982.319,0.00985715505167649,39134,Bottom-left,6300,9700,15500,18200
7116.9946,16185.175,-0.0668610867394884,39255,Bottom-left,6300,9700,15500,18200
7119.2773,18109.525,-0.0130585431397588,58237,Bottom-left,6300,9700,15500,18200
7120.2427,15689.214,-0.051247776519845,38941,Bottom-left,6300,9700,15500,18200
7120.393,17232.549,-0.0387508717396855,39894,Bottom-left,6300,9700,15500,18200
7121.4976,16696.525,0.0469889516268135,39541,Bottom-left,6300,9700,15500,18200
7124.1836,17880.016,-0.0974899355026344,40238,Bottom-left,6300,9700,15500,18200
7125.8013,16644.203,-0.117118556486982,39511,Bottom-left,6300,9700,15500,18200
7126.719,17339.707,0.06653833294696,39983,Bottom-left,6300,9700,15500,18200
7126.921,17523.227,-0.0296584884264632,40092,Bottom-left,6300,9700,15500,18200
7132.9424,15641.045,-0.0383179011057224,38921,Bottom-left,6300,9700,15500,18200
7134.034,17162.791,-0.113654791415278,39833,Bottom-left,6300,9700,15500,18200
7136.2144,16925.191,-0.199815947573909,39659,Bottom-left,6300,9700,15500,18200
7136.5176,16850.223,-0.0173608874750587,39627,Bottom-left,6300,9700,15500,18200
7138.084,17669.65,-0.0123396630679444,40148,Bottom-left,6300,9700,15500,18200
7139.007,17818.607,-0.0502539031551813,40218,Bottom-left,6300,9700,15500,18200
7144.441,16270.162,-0.162580473053094,39309,Bottom-left,6300,9700,15500,18200
7145.4175,16479.75,0.00160341073558374,39421,Bottom-left,6300,9700,15500,18200
7145.971,17198.338,-0.0777182287963523,39861,Bottom-left,6300,9700,15500,18200
7146.1396,17231.84,0.1021916726086,39888,Bottom-left,6300,9700,15500,18200
7147.209,17424.953,0.0735227497609997,40033,Bottom-left,6300,9700,15500,18200
7148.633,15881.815,-0.0537616745328368,39077,Bottom-left,6300,9700,15500,18200
7149.2266,16210.365,-0.102830525566204,39266,Bottom-left,6300,9700,15500,18200
7154.132,16116.838,-0.0933051716190191,39219,Bottom-left,6300,9700,15500,18200
7154.8345,15759.736,0.0277851488782662,39004,Bottom-left,6300,9700,15500,18200
7155.3604,17516.686,0.0602908819925915,40088,Bottom-left,6300,9700,15500,18200
7155.383,15732.298,-0.0878931272473408,38978,Bottom-left,6300,9700,15500,18200
7155.9,15823.595,0.0442034594584623,39026,Bottom-left,6300,9700,15500,18200
7156.1597,17287.223,0.00761857898729512,39935,Bottom-left,6300,9700,15500,18200
7158.231,18018.684,-0.0813646571300018,58206,Bottom-left,6300,9700,15500,18200
7161.0083,17344.627,0.000216485316981529,39984,Bottom-left,6300,9700,15500,18200
7161.6055,17572.209,0.0429399832059205,40119,Bottom-left,6300,9700,15500,18200
7162.45,17725.943,-0.0387508717396855,40173,Bottom-left,6300,9700,15500,18200
7162.5234,16082.146,-0.00647211969447138,39192,Bottom-left,6300,9700,15500,18200
7164.764,15642.877,0.121551953262942,38927,Bottom-left,6300,9700,15500,18200
7165.287,16710.943,-0.031390370962315,39553,Bottom-left,6300,9700,15500,18200
7165.681,15612.52,-0.0383504907404757,38911,Bottom-left,6300,9700,15500,18200
7165.908,16338.167,-0.178461050985649,39345,Bottom-left,6300,9700,15500,18200
7167.6504,17106.352,-0.265627483936279,39778,Bottom-left,6300,9700,15500,18200
7168.288,17851.852,-0.104995378736019,40226,Bottom-left,6300,9700,15500,18200
7177.9077,16537.2,-0.120149350924723,39450,Bottom-left,6300,9700,15500,18200
7179.53,17674.584,-0.00277521745365678,40153,Bottom-left,6300,9700,15500,18200
7181.855,16776.018,-0.0504410788566855,39588,Bottom-left,6300,9700,15500,18200
7183.515,17993.008,-0.0920062597171302,40279,Bottom-left,6300,9700,15500,18200
7183.659,17458.145,0.1129929400267,40057,Bottom-left,6300,9700,15500,18200
7186.0107,17912.682,-0.0180620478724634,40252,Bottom-left,6300,9700,15500,18200
7187.8257,16981.633,-0.048064995559743,39689,Bottom-left,6300,9700,15500,18200
7193.7046,16737.613,-0.021596369568462,39555,Bottom-left,6300,9700,15500,18200
7194.13,15892.746,0.0319976339786004,39084,Bottom-left,6300,9700,15500,18200
7196.128,18123.309,0.00746873896839879,58247,Bottom-left,6300,9700,15500,18200
7196.2627,15931.418,-0.00734950314178509,39104,Bottom-left,6300,9700,15500,18200
7197.831,15783.908,-0.00462588680234049,39008,Bottom-left,6300,9700,15500,18200
7200.6177,17596.62,0.0763996745008323,40127,Bottom-left,6300,9700,15500,18200
7202.8896,18154.594,-0.0163379540218603,58271,Bottom-left,6300,9700,15500,18200
7207.0024,16118.941,-0.0391838423736484,39228,Bottom-left,6300,9700,15500,18200
7207.494,17680.291,-0.0662685620164474,40149,Bottom-left,6300,9700,15500,18200
7208.2627,17307.834,-0.0357200773019447,39955,Bottom-left,6300,9700,15500,18200
7208.7183,16214.869,0.0247221584227433,39277,Bottom-left,6300,9700,15500,18200
7212.705,17432.879,-0.101098643030352,40039,Bottom-left,6300,9700,15500,18200
7212.916,18088.844,0.000457650375395958,58229,Bottom-left,6300,9700,15500,18200
7214.3643,17141.975,-0.0807490232340931,39815,Bottom-left,6300,9700,15500,18200
7214.5933,16546.727,-0.0205661051132408,39464,Bottom-left,6300,9700,15500,18200
7217.0815,16639.164,0.0474439347675563,39504,Bottom-left,6300,9700,15500,18200
7221.113,15868.596,-0.0333955205335488,39055,Bottom-left,6300,9700,15500,18200
7221.611,17519.469,0.092239517037603,40091,Bottom-left,6300,9700,15500,18200
7221.9478,17392.838,0.00212560191431789,40020,Bottom-left,6300,9700,15500,18200
7224.29,16340.004,-0.08031605260013,39349,Bottom-left,6300,9700,15500,18200
7226.1216,17066.838,-0.0872435827435376,39758,Bottom-left,6300,9700,15500,18200
7228.7563,17230.525,-0.0331155750078252,39873,Bottom-left,6300,9700,15500,18200
7231.119,16688.25,-0.108459143807723,39531,Bottom-left,6300,9700,15500,18200
7233.7817,16781.55,-0.0500987372346252,39583,Bottom-left,6300,9700,15500,18200
7237.0825,16059.119,-0.166910179392723,39171,Bottom-left,6300,9700,15500,18200
7238.722,16132.473,0.0530403959676062,39229,Bottom-left,6300,9700,15500,18200
7239.0054,18165.514,-0.0610127895192932,58266,Bottom-left,6300,9700,15500,18200
7242.044,16957.707,-0.114520732683204,39680,Bottom-left,6300,9700,15500,18200
7243.03,16494.72,-0.104757030458459,39423,Bottom-left,6300,9700,15500,18200
7244.388,17646.676,0.141272415836894,40139,Bottom-left,6300,9700,15500,18200
7250.955,17127.111,0.0529549399700021,39803,Bottom-left,6300,9700,15500,18200
7253.112,17476.996,0.0316297127648711,40068,Bottom-left,6300,9700,15500,18200
7253.9175,16586.275,0.147452935815213,39482,Bottom-left,6300,9700,15500,18200
7257.0913,15615.528,-0.134437381845501,38916,Bottom-left,6300,9700,15500,18200
7263.733,16629.027,0.193743897556156,39501,Bottom-left,6300,9700,15500,18200
7264.3237,17072.904,-0.0250183623458235,39742,Bottom-left,6300,9700,15500,18200
7264.5,17673.178,0.0189924735485308,40150,Bottom-left,6300,9700,15500,18200
7264.529,16163.348,0.0431457319405595,39249,Bottom-left,6300,9700,15500,18200
7266.6064,16007.004,-0.0361530479359077,39146,Bottom-left,6300,9700,15500,18200
7267.1904,17447.006,0.0401136107114361,40040,Bottom-left,6300,9700,15500,18200
7267.2026,17954.186,-0.0587933606843642,40263,Bottom-left,6300,9700,15500,18200
7267.8804,15730.823,-0.055203755830278,38979,Bottom-left,6300,9700,15500,18200
7269.2085,17767.076,0.0878113000834776,40190,Bottom-left,6300,9700,15500,18200
7278.0557,18042.389,-0.0312440330609267,58218,Bottom-left,6300,9700,15500,18200
7279.0903,16763.863,0.0396800590369283,39579,Bottom-left,6300,9700,15500,18200
7279.6294,17129.076,0.149878936375574,39806,Bottom-left,6300,9700,15500,18200
7280.5405,17273.457,0.010370496031594,39925,Bottom-left,6300,9700,15500,18200
7283.997,16071.761,-0.0924392303510932,39185,Bottom-left,6300,9700,15500,18200
7284.107,16424.068,-0.0738214930906856,39380,Bottom-left,6300,9700,15500,18200
7284.116,15756.376,0.220696079447042,38998,Bottom-left,6300,9700,15500,18200
7286.4727,16228.638,-0.0344211654000558,39282,Bottom-left,6300,9700,15500,18200
7287.9077,17013.248,-0.0504410788566855,39715,Bottom-left,6300,9700,15500,18200
7290.8276,16803.6,-0.0781511994303152,39600,Bottom-left,6300,9700,15500,18200
7290.856,15676.462,-0.0684199622780451,38934,Bottom-left,6300,9700,15500,18200
7290.8896,16649.215,-0.0157786190956557,39512,Bottom-left,6300,9700,15500,18200
7290.9023,18009.086,-0.0335552241321299,58207,Bottom-left,6300,9700,15500,18200
7292.8833,16877.79,-0.146560559596464,39648,Bottom-left,6300,9700,15500,18200
7293.6772,15896.708,-0.0859446708416485,39081,Bottom-left,6300,9700,15500,18200
7293.864,16695.191,0.029541743603994,39534,Bottom-left,6300,9700,15500,18200
7294.4595,16581.9,0.062505412475875,39478,Bottom-left,6300,9700,15500,18200
7295.029,17349.1,-0.0794501113322042,39985,Bottom-left,6300,9700,15500,18200
7295.5957,17086.287,0.0383492137107212,39763,Bottom-left,6300,9700,15500,18200
7298.161,16548.629,0.15266500964169,39465,Bottom-left,6300,9700,15500,18200
7304.8813,15502.204,-0.0593110545781434,38840,Bottom-left,6300,9700,15500,18200
7306.356,16021.588,-0.0270606646226853,39152,Bottom-left,6300,9700,15500,18200
7306.8335,16624.852,-0.006558899113803,39499,Bottom-left,6300,9700,15500,18200
7306.978,17709.355,0.109091829085181,40167,Bottom-left,6300,9700,15500,18200
7307.3154,15541.686,-0.0606354891265885,38867,Bottom-left,6300,9700,15500,18200
7308.103,17178.975,0.0185641749329838,39847,Bottom-left,6300,9700,15500,18200
7316.2393,17301.035,0.0821070903502567,39952,Bottom-left,6300,9700,15500,18200
7316.7617,16725.6,-0.00411322102264814,39561,Bottom-left,6300,9700,15500,18200
7319.283,18084.729,-0.044379489981204,58227,Bottom-left,6300,9700,15500,18200
7322.2993,17748.14,0.0901476360051702,40184,Bottom-left,6300,9700,15500,18200
7322.352,15853.625,0.00832937332608869,39059,Bottom-left,6300,9700,15500,18200
7325.8145,17147.117,-0.0508740494906485,39825,Bottom-left,6300,9700,15500,18200
7327.761,17418.047,0.10118819247558,40028,Bottom-left,6300,9700,15500,18200
7328.615,17463.139,0.0491420864365378,40060,Bottom-left,6300,9700,15500,18200
7330.17,17838.498,-0.11971638029076,40213,Bottom-left,6300,9700,15500,18200
7330.512,15804.551,0.182140949527001,39021,Bottom-left,6300,9700,15500,18200
7332.0586,17356.715,0.0808931675729204,39993,Bottom-left,6300,9700,15500,18200
7332.395,16062.528,0.0822243941138047,39175,Bottom-left,6300,9700,15500,18200
7334.6953,16531.965,0.0689870939755894,39455,Bottom-left,6300,9700,15500,18200
7335.5312,17113.459,-0.0778193509912856,39794,Bottom-left,6300,9700,15500,18200
7337.1455,16610.562,-0.122314204094538,39486,Bottom-left,6300,9700,15500,18200
7337.2334,16979.734,-0.121276370795707,39690,Bottom-left,6300,9700,15500,18200
7337.8506,16303.549,-0.0145045162377594,39334,Bottom-left,6300,9700,15500,18200
7337.9224,17648.68,0.0555739268959325,40140,Bottom-left,6300,9700,15500,18200
7339.3115,17949.97,0.0655663692296704,40257,Bottom-left,6300,9700,15500,18200
7340.655,15872.0205,0.00584510355850007,39069,Bottom-left,6300,9700,15500,18200
7342.67,16562.754,0.102371019843914,39469,Bottom-left,6300,9700,15500,18200
7344.3643,18010.334,0.0999498078636074,58208,Bottom-left,6300,9700,15500,18200
7346.0903,16736.633,-0.248308658577761,39562,Bottom-left,6300,9700,15500,18200
7347.219,15985.569,0.098973662479126,39135,Bottom-left,6300,9700,15500,18200
7349.933,15836.602,-0.0759863462605003,39049,Bottom-left,6300,9700,15500,18200
7351.6475,16438.062,-0.0894084359133524,39396,Bottom-left,6300,9700,15500,18200
7353.5044,16199.254,-0.0353040265069207,39267,Bottom-left,6300,9700,15500,18200
7357.37,18157.047,-0.0214320463811667,58267,Bottom-left,6300,9700,15500,18200
7358.0234,17990.428,0.0227309582830557,40282,Bottom-left,6300,9700,15500,18200
7358.1724,17762.232,0.014278303146987,40189,Bottom-left,6300,9700,15500,18200
7358.407,17580.045,0.0153704575056852,40120,Bottom-left,6300,9700,15500,18200
7358.613,17727.805,0.146119236040535,40175,Bottom-left,6300,9700,15500,18200
7358.67,15773.502,-0.0459776178462102,39007,Bottom-left,6300,9700,15500,18200
7358.8364,17216.373,0.167129516823418,39883,Bottom-left,6300,9700,15500,18200
7359.3867,17190.984,-0.0482762256868708,39862,Bottom-left,6300,9700,15500,18200
7359.4775,17790.148,-0.0357200773019447,40206,Bottom-left,6300,9700,15500,18200
7361.077,16681.445,-0.146183731279429,39528,Bottom-left,6300,9700,15500,18200
7362.423,17474.332,-0.0253287820868334,40066,Bottom-left,6300,9700,15500,18200
7363.7373,17030.596,-0.0937381422529821,39729,Bottom-left,6300,9700,15500,18200
7364.233,16505.861,0.274920038461158,39437,Bottom-left,6300,9700,15500,18200
7365.157,16997.43,0.0614877185985189,39699,Bottom-left,6300,9700,15500,18200
7366.3423,16338.816,0.043122411478784,39354,Bottom-left,6300,9700,15500,18200
7367.0264,17361.457,0.214201223015305,39997,Bottom-left,6300,9700,15500,18200
7368.666,16473.861,-0.0755533756265374,39406,Bottom-left,6300,9700,15500,18200
7369.6875,16951.406,-0.0866153999821179,39676,Bottom-left,6300,9700,15500,18200
7370.673,16032.133,-0.0132056043358704,39160,Bottom-left,6300,9700,15500,18200
7372.9453,17161.398,0.107182572982164,39842,Bottom-left,6300,9700,15500,18200
7373.7485,17439.896,0.144029073105108,40044,Bottom-left,6300,9700,15500,18200
7374.91,16267.896,-0.0886595568768149,39305,Bottom-left,6300,9700,15500,18200
7377.215,15946.14,-0.0478432550529077,39114,Bottom-left,6300,9700,15500,18200
7377.6724,15711.928,-0.0550486486575083,38965,Bottom-left,6300,9700,15500,18200
7379.0103,17309.875,0.175862799265939,39956,Bottom-left,6300,9700,15500,18200
7383.519,17074.387,-0.133548378222886,39745,Bottom-left,6300,9700,15500,18200
7384.752,16624.98,-0.164745326222908,39497,Bottom-left,6300,9700,15500,18200
7386.674,15532.023,-0.0894084359133524,38862,Bottom-left,6300,9700,15500,18200
7387.3696,15760.245,0.0671812062449453,39005,Bottom-left,6300,9700,15500,18200
7391.618,16111.054,0.0999427596859411,39214,Bottom-left,6300,9700,15500,18200
7391.742,15895.108,-0.033446204643153,39080,Bottom-left,6300,9700,15500,18200
7392.0034,18176.385,-0.0885348409940462,58281,Bottom-left,6300,9700,15500,18200
7393.587,17527.113,0.164993018911331,40098,Bottom-left,6300,9700,15500,18200
7397.9478,16198.884,0.0813018546688068,39260,Bottom-left,6300,9700,15500,18200
7399.635,17141.74,-0.0783773703523461,39817,Bottom-left,6300,9700,15500,18200
7403.9854,17449.281,0.0478354309529318,40047,Bottom-left,6300,9700,15500,18200
7404.026,16555.11,-0.121881233460575,39456,Bottom-left,6300,9700,15500,18200
7407.532,16316.634,-0.0422146368113892,39339,Bottom-left,6300,9700,15500,18200
7408.59,16134.301,0.110110632533476,39223,Bottom-left,6300,9700,15500,18200
7408.9414,17375.074,-0.0181326669772015,40011,Bottom-left,6300,9700,15500,18200
7410.341,16642.766,0.0108223054370688,39513,Bottom-left,6300,9700,15500,18200
7410.375,16488.633,0.050534269288949,39424,Bottom-left,6300,9700,15500,18200
7411.726,16457.35,-0.0361530479359077,39412,Bottom-left,6300,9700,15500,18200
7411.903,17107.768,0.0301630744994406,39795,Bottom-left,6300,9700,15500,18200
7412.122,17839.094,0.193730098987814,40224,Bottom-left,6300,9700,15500,18200
7414.449,17183.643,0.127539354182508,39856,Bottom-left,6300,9700,15500,18200
7414.883,17555.031,0.0211853811734769,40110,Bottom-left,6300,9700,15500,18200
7415.7964,16698.932,0.0040443514428853,39545,Bottom-left,6300,9700,15500,18200
7416.566,16427.28,0.130283808255344,39385,Bottom-left,6300,9700,15500,18200
7418.4175,16611.049,0.0279421636280884,39494,Bottom-left,6300,9700,15500,18200
7420.2026,15989.666,-0.0875551185175422,39136,Bottom-left,6300,9700,15500,18200
7420.403,16371.534,0.146700177303921,39364,Bottom-left,6300,9700,15500,18200
7420.4893,15723.311,0.00177438837470582,38973,Bottom-left,6300,9700,15500,18200
7423.8203,16888.857,-0.00748445483272295,39651,Bottom-left,6300,9700,15500,18200
7432.287,17861.76,0.002770611279444,40236,Bottom-left,6300,9700,15500,18200
7434.2866,17304.486,0.102268792600067,39957,Bottom-left,6300,9700,15500,18200
7434.764,17690.383,-0.00108242658490734,40159,Bottom-left,6300,9700,15500,18200
7436.339,16573.938,-0.110191026343575,39473,Bottom-left,6300,9700,15500,18200
7436.42,17009.908,-0.0872435827435376,39713,Bottom-left,6300,9700,15500,18200
7437.955,15546.895,0.273921138195463,38875,Bottom-left,6300,9700,15500,18200
7439.1133,16219.423,0.0787843906560634,39286,Bottom-left,6300,9700,15500,18200
7440.1533,16470.996,-0.00853251600159074,39417,Bottom-left,6300,9700,15500,18200
7440.159,15510.776,0.103797474257455,38850,Bottom-left,6300,9700,15500,18200
7440.177,15605.912,0.0202904221186764,38905,Bottom-left,6300,9700,15500,18200
7443.7905,15840.567,-0.176002562705945,39050,Bottom-left,6300,9700,15500,18200
7446.7354,18023.365,0.0662755380385312,58209,Bottom-left,6300,9700,15500,18200
7448.971,15910.521,-0.0876765533775006,39092,Bottom-left,6300,9700,15500,18200
7453.6787,17482.396,0.139574124833046,40074,Bottom-left,6300,9700,15500,18200
7456.392,15683.172,-0.00425585180974556,38952,Bottom-left,6300,9700,15500,18200
7459.4062,17206.006,-0.0170873396768107,39874,Bottom-left,6300,9700,15500,18200
7460.863,16440.154,0.212662188780146,39400,Bottom-left,6300,9700,15500,18200
7460.9175,16318.851,-0.00574916259178309,39340,Bottom-left,6300,9700,15500,18200
7463.057,15780.604,0.0277190913564374,39009,Bottom-left,6300,9700,15500,18200
7467.2217,16990.426,-0.0946387557907401,39700,Bottom-left,6300,9700,15500,18200
7467.8535,15647.818,-0.0504410788566856,38935,Bottom-left,6300,9700,15500,18200
7470.1133,17768.186,-0.0344211654000558,40191,Bottom-left,6300,9700,15500,18200
7474.8467,15517.615,0.178160981564364,38853,Bottom-left,6300,9700,15500,18200
7475.117,18107.074,0.0106077805320926,58238,Bottom-left,6300,9700,15500,18200
7475.699,16119.552,0.0302681915548628,39220,Bottom-left,6300,9700,15500,18200
7478.4375,16286.107,-0.0270606646226853,39323,Bottom-left,6300,9700,15500,18200
7479.99,15868.593,-0.0495751375887595,39068,Bottom-left,6300,9700,15500,18200
7480.066,16088.366,-0.0409157249095003,39201,Bottom-left,6300,9700,15500,18200
7480.1357,17113.201,-0.0896024109443982,39797,Bottom-left,6300,9700,15500,18200
7482.3535,17314.135,0.153904044866596,39963,Bottom-left,6300,9700,15500,18200
7484.8027,17153.16,-0.0548643736801439,39822,Bottom-left,6300,9700,15500,18200
7484.9272,16378.579,0.00279132484908654,39365,Bottom-left,6300,9700,15500,18200
7487.143,16342.531,-0.0274936352566483,39355,Bottom-left,6300,9700,15500,18200
7488.982,16315.331,0.0756642868869211,39341,Bottom-left,6300,9700,15500,18200
7490.63,16527.56,-0.0249729548637317,39447,Bottom-left,6300,9700,15500,18200
7490.6333,17384.12,0.0659810475577881,40014,Bottom-left,6300,9700,15500,18200
7491.82,15676.799,-0.0404079148413005,38949,Bottom-left,6300,9700,15500,18200
7492.851,16061.056,0.0216937942497167,39174,Bottom-left,6300,9700,15500,18200
7499.664,15940.14,-0.0276303690224893,39110,Bottom-left,6300,9700,15500,18200
7499.8164,15626.955,-0.0339881947660929,38918,Bottom-left,6300,9700,15500,18200
7505.154,16892.367,-0.0392274334561244,39654,Bottom-left,6300,9700,15500,18200
7505.931,15784.157,-0.0701949522697759,38999,Bottom-left,6300,9700,15500,18200
7508.484,16927.178,-0.10369646683413,39667,Bottom-left,6300,9700,15500,18200
7511.9927,15855.126,-0.247009746675872,39056,Bottom-left,6300,9700,15500,18200
7512.861,16503.824,-0.00935373922006314,39428,Bottom-left,6300,9700,15500,18200
7512.983,16838.865,0.105339471905301,39621,Bottom-left,6300,9700,15500,18200
7513.783,15824.773,-0.0220729030153746,39045,Bottom-left,6300,9700,15500,18200
7516.0728,15547.906,0.144002593578403,38878,Bottom-left,6300,9700,15500,18200
7516.1255,17339.57,0.130582820493025,39972,Bottom-left,6300,9700,15500,18200
7516.795,16189.72,0.00848093734748931,39261,Bottom-left,6300,9700,15500,18200
7520.212,16264.431,-0.0746874343586115,39310,Bottom-left,6300,9700,15500,18200
7524.299,15596.787,0.128705332306485,38899,Bottom-left,6300,9700,15500,18200
7525.519,16996.998,-0.17565279085978,39703,Bottom-left,6300,9700,15500,18200
7529.2812,16753.432,-0.069924757385019,39573,Bottom-left,6300,9700,15500,18200
7530.858,17139.836,-0.0513226855687831,39810,Bottom-left,6300,9700,15500,18200
7531.7427,16447.494,0.114542674232602,39397,Bottom-left,6300,9700,15500,18200
7532.431,16033.006,-0.0149374868717223,39165,Bottom-left,6300,9700,15500,18200
7534.76,16551.016,-0.094604083520908,39466,Bottom-left,6300,9700,15500,18200
7535.5977,16891.316,0.116957055871177,39652,Bottom-left,6300,9700,15500,18200
7535.794,16243.872,0.01631061704953,39290,Bottom-left,6300,9700,15500,18200
7536.678,17845.51,0.0956952399083308,40225,Bottom-left,6300,9700,15500,18200
7537.469,17696.107,0.0390625689803081,40160,Bottom-left,6300,9700,15500,18200
7538.237,17092.805,-0.116252615219056,39770,Bottom-left,6300,9700,15500,18200
7540.153,16327.046,-0.0487091963208335,39346,Bottom-left,6300,9700,15500,18200
7540.865,18155.762,-0.128808763603982,58251,Bottom-left,6300,9700,15500,18200
7541.2954,15997.484,-0.0742544637246486,39143,Bottom-left,6300,9700,15500,18200
7542.07,16101.334,0.094288909336692,39207,Bottom-left,6300,9700,15500,18200
7543.3696,15528.477,0.170795444009835,38860,Bottom-left,6300,9700,15500,18200
7545.2764,16962.416,0.117808876747967,39683,Bottom-left,6300,9700,15500,18200
7546.711,16807.38,0.136272942495084,39607,Bottom-left,6300,9700,15500,18200
7548.05,17201.77,-0.0264939269324383,39871,Bottom-left,6300,9700,15500,18200
7548.2065,15946.194,-0.193321388064464,39105,Bottom-left,6300,9700,15500,18200
7549.9355,16919.443,0.110719659620704,39660,Bottom-left,6300,9700,15500,18200
7552.5625,17804.809,0.0110407511660557,40216,Bottom-left,6300,9700,15500,18200
7557.836,15749.123,0.0315041480499834,38990,Bottom-left,6300,9700,15500,18200
7559.3887,15632.212,0.11826603619397,38922,Bottom-left,6300,9700,15500,18200
7559.448,15780.355,-0.0357200773019448,39010,Bottom-left,6300,9700,15500,18200
7559.8164,16516.076,0.00081154649106338,39441,Bottom-left,6300,9700,15500,18200
7560.2754,16768.082,0.10478789296302,39577,Bottom-left,6300,9700,15500,18200
7561.016,17533.178,0.0550379218630045,40101,Bottom-left,6300,9700,15500,18200
7563.9917,16283.23,0.0934546885501274,39324,Bottom-left,6300,9700,15500,18200
7567.3457,17341.934,0.353179509945871,39978,Bottom-left,6300,9700,15500,18200
7568.144,17236.389,0.0562510323621831,39899,Bottom-left,6300,9700,15500,18200
7568.948,16725.652,0.0850217655864489,39558,Bottom-left,6300,9700,15500,18200
7572.576,17488.287,0.0331313419736465,40075,Bottom-left,6300,9700,15500,18200
7573.0737,16596.059,0.0662903109962701,39488,Bottom-left,6300,9700,15500,18200
7575.114,15870.3125,-0.00987015328375489,39070,Bottom-left,6300,9700,15500,18200
7575.1978,16016.379,0.0577278173149413,39153,Bottom-left,6300,9700,15500,18200
7575.5996,16380.294,0.0427784332078267,39368,Bottom-left,6300,9700,15500,18200
7577.248,16219.003,0.0919034475854126,39283,Bottom-left,6300,9700,15500,18200
7579.2993,15659.003,-0.0171023400415371,38938,Bottom-left,6300,9700,15500,18200
7580.5747,16075.256,0.016732114768468,39197,Bottom-left,6300,9700,15500,18200
7581.2075,17989.758,-0.0358451635262713,40280,Bottom-left,6300,9700,15500,18200
7582.1143,16458.637,-0.0668939629472782,39407,Bottom-left,6300,9700,15500,18200
7583.727,16696.664,0.234344447435233,39542,Bottom-left,6300,9700,15500,18200
7586.5464,15700.982,0.0307195224660072,38963,Bottom-left,6300,9700,15500,18200
7586.6074,16244.003,0.0288808831176811,39299,Bottom-left,6300,9700,15500,18200
7587.3643,16419.018,0.0805765357074113,39386,Bottom-left,6300,9700,15500,18200
7588.1284,17844.27,-0.0374519598377966,40227,Bottom-left,6300,9700,15500,18200
7590.5474,16867.096,-0.0709248007728575,39639,Bottom-left,6300,9700,15500,18200
7594.21,17773.996,-0.0019483678528333,40185,Bottom-left,6300,9700,15500,18200
7595.5337,17281.742,0.22991357142019,39931,Bottom-left,6300,9700,15500,18200
7596.265,16560.725,-0.0623974746445052,39470,Bottom-left,6300,9700,15500,18200
7596.715,16288.947,0.0676794121247902,39325,Bottom-left,6300,9700,15500,18200
7598.8486,17954.098,-0.0106077805320926,40267,Bottom-left,6300,9700,15500,18200
7598.892,16489.287,0.0777712512421121,39425,Bottom-left,6300,9700,15500,18200
7599.1367,17162.445,-0.0400609482145939,39834,Bottom-left,6300,9700,15500,18200
7600.552,17549.018,0.0257617527207963,40108,Bottom-left,6300,9700,15500,18200
7600.8525,16967.771,-0.10497360355518,39685,Bottom-left,6300,9700,15500,18200
7601.0093,15932.423,0.0454411843672194,39107,Bottom-left,6300,9700,15500,18200
7602.425,15656.177,0.169278410242066,38936,Bottom-left,6300,9700,15500,18200
7603.367,15574.488,-0.0049791622905741,38890,Bottom-left,6300,9700,15500,18200
7603.5044,17521.49,0.110764188617621,40093,Bottom-left,6300,9700,15500,18200
7603.584,16228.699,0.315083996706853,39291,Bottom-left,6300,9700,15500,18200
7608.7534,15754,0.0583714511507365,38995,Bottom-left,6300,9700,15500,18200
7609.758,15791.212,0.269711600993505,39015,Bottom-left,6300,9700,15500,18200
7612.5103,16160.604,-0.0131480441256768,39243,Bottom-left,6300,9700,15500,18200
7612.982,17085.541,-0.116685585853019,39764,Bottom-left,6300,9700,15500,18200
7617.6523,17190.03,0.0923205862591995,39864,Bottom-left,6300,9700,15500,18200
7618.571,16332.898,-0.0181969494642323,39350,Bottom-left,6300,9700,15500,18200
7618.6646,16669.592,0.1338186103684,39520,Bottom-left,6300,9700,15500,18200
7619.518,17635.756,0.00671104482642603,40135,Bottom-left,6300,9700,15500,18200
7621.4854,16413.896,0.00798271821767644,39381,Bottom-left,6300,9700,15500,18200
7621.747,16013.438,0.074909394832314,39154,Bottom-left,6300,9700,15500,18200
7622.419,18150.717,-0.0417816661774263,58258,Bottom-left,6300,9700,15500,18200
7624.8096,17224.043,0.224957572394497,39889,Bottom-left,6300,9700,15500,18200
7624.9595,16210.541,-0.0686258454831299,39280,Bottom-left,6300,9700,15500,18200
7626.931,16290.829,-0.0640865361607815,39327,Bottom-left,6300,9700,15500,18200
7628.9033,16069.525,0.0459908202217666,39182,Bottom-left,6300,9700,15500,18200
7629.694,17370.857,-0.0620730325557748,40012,Bottom-left,6300,9700,15500,18200
7634.802,16627.553,0.225334085581665,39505,Bottom-left,6300,9700,15500,18200
7638.157,16772.549,0.154835444562602,39584,Bottom-left,6300,9700,15500,18200
7641.129,16596.236,0.188497649013927,39491,Bottom-left,6300,9700,15500,18200
7642.2173,16998.498,-0.0166693694075741,39706,Bottom-left,6300,9700,15500,18200
7644.344,16570.176,0.17666308437727,39474,Bottom-left,6300,9700,15500,18200
7648.6313,15907.067,0.0461601466392661,39095,Bottom-left,6300,9700,15500,18200
7649.0605,15978.457,0.152116841563423,39125,Bottom-left,6300,9700,15500,18200
7650.0386,17290.209,0.148176109269497,39936,Bottom-left,6300,9700,15500,18200
7650.158,16684.191,-0.0275466688402048,39529,Bottom-left,6300,9700,15500,18200
7652.62,16227.694,0.0812451781459497,39287,Bottom-left,6300,9700,15500,18200
7653.4575,17262.092,0.0979415916498604,39923,Bottom-left,6300,9700,15500,18200
7653.867,17038.756,-0.142828090259792,39723,Bottom-left,6300,9700,15500,18200
7655.8477,17530.041,0.0329300707103475,40094,Bottom-left,6300,9700,15500,18200
7655.8955,17323.877,0.0521868955636004,39966,Bottom-left,6300,9700,15500,18200
7660.977,17213.562,0.101225217693299,39878,Bottom-left,6300,9700,15500,18200
7661.5405,15709.372,-0.068192874849167,38966,Bottom-left,6300,9700,15500,18200
7662.6646,15838.523,0.0935049019376391,39048,Bottom-left,6300,9700,15500,18200
7665.035,18058.588,0.0157762933001473,58219,Bottom-left,6300,9700,15500,18200
7666.452,16963.168,0.113965520141429,39684,Bottom-left,6300,9700,15500,18200
7666.682,16744.064,-0.0498064552046806,39565,Bottom-left,6300,9700,15500,18200
7666.723,16084.572,-0.0708516683205109,39176,Bottom-left,6300,9700,15500,18200
7666.786,15867.876,0.030101783570099,39071,Bottom-left,6300,9700,15500,18200
7669.96,16448.377,0.10984500274162,39402,Bottom-left,6300,9700,15500,18200
7670.152,15618.345,0.195904457287469,38912,Bottom-left,6300,9700,15500,18200
7670.787,16557.14,0.0445481470275999,39467,Bottom-left,6300,9700,15500,18200
7671.0903,17482.107,-0.0456784018830929,40076,Bottom-left,6300,9700,15500,18200
7671.731,15758.493,0.155260163300847,39000,Bottom-left,6300,9700,15500,18200
7676.8354,16422.273,-0.0391838423736485,39389,Bottom-left,6300,9700,15500,18200
7679.741,16504.055,-0.00525187824761702,39431,Bottom-left,6300,9700,15500,18200
7680.419,17256.012,0.0894193523094056,39911,Bottom-left,6300,9700,15500,18200
7684.521,17191.797,0.07376765225373,39843,Bottom-left,6300,9700,15500,18200
7687.5415,17123.293,0.0294469020086069,39804,Bottom-left,6300,9700,15500,18200
7694.2764,16350.546,0.126364364386951,39356,Bottom-left,6300,9700,15500,18200
7694.4434,16142.039,-0.104512258513155,39241,Bottom-left,6300,9700,15500,18200
7694.557,17742.426,-0.0119066924339815,40181,Bottom-left,6300,9700,15500,18200
7699.201,17323.635,0.0694280832180073,39967,Bottom-left,6300,9700,15500,18200
7699.9077,16380.089,0.0414213926326333,39370,Bottom-left,6300,9700,15500,18200
7700.9062,16292.142,0.116801349538709,39328,Bottom-left,6300,9700,15500,18200
7702.6064,15998.23,0.136918305261656,39147,Bottom-left,6300,9700,15500,18200
7703.7056,15560.084,-0.0235968995509815,38881,Bottom-left,6300,9700,15500,18200
7703.734,16737.098,-0.0681141909213415,39567,Bottom-left,6300,9700,15500,18200
7705.621,17227.51,0.181358155828663,39895,Bottom-left,6300,9700,15500,18200
7708.565,16453.42,0.0249804885364198,39408,Bottom-left,6300,9700,15500,18200
7709.5522,16678.826,0.27513748906328,39524,Bottom-left,6300,9700,15500,18200
7709.567,16204.792,0.200601015724699,39272,Bottom-left,6300,9700,15500,18200
7710.118,16987.941,0.219181535021468,39701,Bottom-left,6300,9700,15500,18200
7710.6685,17289.705,0.1940630118044,39937,Bottom-left,6300,9700,15500,18200
7712.6714,15956.087,0.142970285381047,39121,Bottom-left,6300,9700,15500,18200
7715.5083,17368.395,0.0850256321737379,40007,Bottom-left,6300,9700,15500,18200
7716.354,17522.97,0.111791526970732,40095,Bottom-left,6300,9700,15500,18200
7719.5786,17823.422,0.0127726337019075,40220,Bottom-left,6300,9700,15500,18200
7720.173,17439.418,0.00756835833756701,40042,Bottom-left,6300,9700,15500,18200
7723.997,16700.271,0.128484233939744,39543,Bottom-left,6300,9700,15500,18200
7726.4595,16550.49,0.0886905747336185,39460,Bottom-left,6300,9700,15500,18200
7727.2656,16593.672,0.0109275718542136,39484,Bottom-left,6300,9700,15500,18200
7727.663,16517.643,0.14473287879669,39444,Bottom-left,6300,9700,15500,18200
7730.355,15830.42,-0.0151646842082627,39046,Bottom-left,6300,9700,15500,18200
7730.5366,16827.283,-0.0850787295737227,39619,Bottom-left,6300,9700,15500,18200
7732.3,17075.65,-0.0757203830949397,39752,Bottom-left,6300,9700,15500,18200
7733.739,15581.27,-0.00974183926416668,38895,Bottom-left,6300,9700,15500,18200
7734.8823,17327.754,0.107022638769024,39969,Bottom-left,6300,9700,15500,18200
7740.9062,16784.99,0.17723852477561,39585,Bottom-left,6300,9700,15500,18200
7741.0737,15911.984,-0.0755533756265375,39096,Bottom-left,6300,9700,15500,18200
7742.0854,15662.972,-0.0539048439283893,38942,Bottom-left,6300,9700,15500,18200
7742.9595,17157.906,0.142936497705917,39835,Bottom-left,6300,9700,15500,18200
7743.9634,17366.29,0.130435039513204,40008,Bottom-left,6300,9700,15500,18200
7747.3213,16660.1,0.045784213672742,39525,Bottom-left,6300,9700,15500,18200
7749.3296,15959.702,0.0414874816130569,39126,Bottom-left,6300,9700,15500,18200
7750.034,17293.367,0.0839278886968354,39943,Bottom-left,6300,9700,15500,18200
7750.3013,15869.964,0.0538846817842712,39074,Bottom-left,6300,9700,15500,18200
7750.308,16961.543,-0.00887589799624071,39691,Bottom-left,6300,9700,15500,18200
7751.378,16068.625,-0.0216796086737411,39186,Bottom-left,6300,9700,15500,18200
7751.723,16221.1875,0.166263463612194,39288,Bottom-left,6300,9700,15500,18200
7752.6875,16417.764,-0.0341513478690425,39377,Bottom-left,6300,9700,15500,18200
7753.501,17532.363,-0.0266276939887223,40102,Bottom-left,6300,9700,15500,18200
7755.1484,16901.139,-0.00503916925236757,39657,Bottom-left,6300,9700,15500,18200
7759.642,17340.473,0.322596333067515,39982,Bottom-left,6300,9700,15500,18200
7760.973,15809.924,-0.069058816117093,39031,Bottom-left,6300,9700,15500,18200
7767.018,15941.521,0.205163831815235,39115,Bottom-left,6300,9700,15500,18200
7769.162,16026.807,0.281764372505239,39157,Bottom-left,6300,9700,15500,18200
7773.55,17294.264,0.00840055135669462,39938,Bottom-left,6300,9700,15500,18200
7773.9756,17553.758,-0.0101782528459952,40112,Bottom-left,6300,9700,15500,18200
7774.7383,16132.697,-0.106714681305584,39230,Bottom-left,6300,9700,15500,18200
7775.4814,16843.605,0.000229948228049033,39623,Bottom-left,6300,9700,15500,18200
7775.8667,16591.625,0.0115086126522295,39485,Bottom-left,6300,9700,15500,18200
7778.1025,17268.588,-0.0201331344792779,39926,Bottom-left,6300,9700,15500,18200
7778.2095,16752.182,-0.00772693209139119,39572,Bottom-left,6300,9700,15500,18200
7780.693,16952.479,-0.135802318537673,39681,Bottom-left,6300,9700,15500,18200
7780.857,17326.88,0.0626736825080862,39970,Bottom-left,6300,9700,15500,18200
7781.289,16207.713,-0.0509781878572248,39278,Bottom-left,6300,9700,15500,18200
7781.6187,17188.49,0.134303359692088,39857,Bottom-left,6300,9700,15500,18200
7782.442,15984.571,0.0421204231861518,39139,Bottom-left,6300,9700,15500,18200
7783.0796,16169.639,-0.0426476074453522,39252,Bottom-left,6300,9700,15500,18200
7783.603,16268.753,0.0517915524381455,39313,Bottom-left,6300,9700,15500,18200
7784.667,17213.93,-0.0264809000676952,39890,Bottom-left,6300,9700,15500,18200
7787.587,16641.422,0.0478206061983562,39514,Bottom-left,6300,9700,15500,18200
7788.114,17092.24,0.196198824533577,39779,Bottom-left,6300,9700,15500,18200
7788.1475,16805.389,-0.00351186175177404,39606,Bottom-left,6300,9700,15500,18200
7789.2207,15821.253,-0.00530657780186974,39036,Bottom-left,6300,9700,15500,18200
7790.5366,17460.102,0.019267193211352,40061,Bottom-left,6300,9700,15500,18200
7791.4907,16401.336,0.00995269974150754,39378,Bottom-left,6300,9700,15500,18200
7793.434,17587.1,-0.0356854374293117,40126,Bottom-left,6300,9700,15500,18200
7795.8184,17502.42,0.237137421617853,40084,Bottom-left,6300,9700,15500,18200
7796.3086,15721.514,0.0504250967179865,38974,Bottom-left,6300,9700,15500,18200
7800.0366,17356.443,0.0899360367320727,39994,Bottom-left,6300,9700,15500,18200
7805.1816,16153.682,0.089636194678147,39246,Bottom-left,6300,9700,15500,18200
7806.583,17237.477,0.0257144111542697,39903,Bottom-left,6300,9700,15500,18200
7806.693,16713.326,0.137407727067286,39550,Bottom-left,6300,9700,15500,18200
7807.5747,16034.364,0.0215241478386258,39161,Bottom-left,6300,9700,15500,18200
7809.3604,15658.798,-0.0881095240114636,38943,Bottom-left,6300,9700,15500,18200
7812.944,16906.951,-0.0814202411751152,39655,Bottom-left,6300,9700,15500,18200
7813.147,17063.87,-0.0232855214694993,39746,Bottom-left,6300,9700,15500,18200
7814.1133,18069.89,0.0802768338121331,58223,Bottom-left,6300,9700,15500,18200
7818.4634,15612,0.0427186161401419,38913,Bottom-left,6300,9700,15500,18200
7819.937,16778.129,0.0283375159673464,39594,Bottom-left,6300,9700,15500,18200
7821.897,17027.396,-0.0370189892038336,39724,Bottom-left,6300,9700,15500,18200
7823.5845,15908.26,0.143251374404745,39093,Bottom-left,6300,9700,15500,18200
7825.4746,16260.584,-0.0666238391946052,39301,Bottom-left,6300,9700,15500,18200
7825.6143,17531.064,0.0167250797242265,40099,Bottom-left,6300,9700,15500,18200
7826.0024,17308.695,-0.0203321829253128,39958,Bottom-left,6300,9700,15500,18200
7827.265,17357.236,0.169344844114952,39995,Bottom-left,6300,9700,15500,18200
7827.3306,16521.205,-0.0456784018830929,39432,Bottom-left,6300,9700,15500,18200
7829.2627,16753.326,-0.0370189892038336,39574,Bottom-left,6300,9700,15500,18200
7829.716,16458.113,0.0303652633579952,39413,Bottom-left,6300,9700,15500,18200
7831.3823,17491.297,0.0370100010377859,40082,Bottom-left,6300,9700,15500,18200
7832.244,17886.168,-0.0019483678528333,40244,Bottom-left,6300,9700,15500,18200
7836.4756,16483.246,-0.0517399907585743,39422,Bottom-left,6300,9700,15500,18200
7838.186,16696.293,0.147803465107063,39538,Bottom-left,6300,9700,15500,18200
7840.0405,16622.182,0.19107497286882,39502,Bottom-left,6300,9700,15500,18200
7840.473,17200.838,0.068392322384033,39872,Bottom-left,6300,9700,15500,18200
7840.983,16582.947,-0.0252822133337965,39479,Bottom-left,6300,9700,15500,18200
7844.7554,17175.045,0.157265342647137,39852,Bottom-left,6300,9700,15500,18200
7845.2046,15634.993,-0.00411322102264814,38923,Bottom-left,6300,9700,15500,18200
7845.3447,16142.588,0.137108476329521,39236,Bottom-left,6300,9700,15500,18200
7846.737,16833.557,0.177730387868678,39620,Bottom-left,6300,9700,15500,18200
7848.9585,15896.231,0.406318146646957,39082,Bottom-left,6300,9700,15500,18200
7850.418,15971.57,-0.0128525594091669,39129,Bottom-left,6300,9700,15500,18200
7850.442,16197.8955,0.0273472452514031,39268,Bottom-left,6300,9700,15500,18200
7851.96,16423.178,-0.0276657326753726,39390,Bottom-left,6300,9700,15500,18200
7852.527,17792.414,-0.0305244296943892,40207,Bottom-left,6300,9700,15500,18200
7853.337,17053.27,-0.167408246502636,39735,Bottom-left,6300,9700,15500,18200
7853.7593,16721.19,0.0187711200800621,39556,Bottom-left,6300,9700,15500,18200
7854.067,17396.777,0.130077271920884,40024,Bottom-left,6300,9700,15500,18200
7855.061,16781.729,0.0937204284171805,39595,Bottom-left,6300,9700,15500,18200
7858.684,17253.996,0.319228152112965,39915,Bottom-left,6300,9700,15500,18200
7858.8433,16884.168,0.0464436042684454,39649,Bottom-left,6300,9700,15500,18200
7859.492,16102.056,-0.0087667043344419,39208,Bottom-left,6300,9700,15500,18200
7860.8867,17913.709,-0.0192671932113518,40251,Bottom-left,6300,9700,15500,18200
7863.2,15503.045,0.0486397921831791,38845,Bottom-left,6300,9700,15500,18200
7863.732,17337.576,0.14791260769597,39973,Bottom-left,6300,9700,15500,18200
7866.4155,16325.729,0.220793558039445,39347,Bottom-left,6300,9700,15500,18200
7866.664,17208.191,0.234717997585247,39875,Bottom-left,6300,9700,15500,18200
7868.986,16654.758,-0.0478432550529077,39522,Bottom-left,6300,9700,15500,18200
7871.2793,16456.71,0.0961453169708722,39409,Bottom-left,6300,9700,15500,18200
7873.502,16136.729,-0.0781511994303152,39233,Bottom-left,6300,9700,15500,18200
7876.5986,15893.462,0.115902337785913,39085,Bottom-left,6300,9700,15500,18200
7878.6426,15568.096,0.147926260251754,38885,Bottom-left,6300,9700,15500,18200
7884.2017,15968.707,0.0222546653505401,39130,Bottom-left,6300,9700,15500,18200
7889.3433,16582.648,0.0944453433626762,39480,Bottom-left,6300,9700,15500,18200
7892.326,17130.766,0.0997039713100808,39812,Bottom-left,6300,9700,15500,18200
7894.752,16500.453,0.0366441314043654,39429,Bottom-left,6300,9700,15500,18200
7895.446,15641.99,-0.0394509551811983,38931,Bottom-left,6300,9700,15500,18200
7896.0186,16536.191,0.155014884542914,39448,Bottom-left,6300,9700,15500,18200
7896.961,15803.75,0.00366321611897751,39027,Bottom-left,6300,9700,15500,18200
7899.745,16687.768,-0.0231639289170186,39539,Bottom-left,6300,9700,15500,18200
7900.7603,17384.998,-0.0149374868717223,40015,Bottom-left,6300,9700,15500,18200
7901.135,16864.209,-0.015544776730138,39632,Bottom-left,6300,9700,15500,18200
7901.948,16426.578,0.155419298812472,39395,Bottom-left,6300,9700,15500,18200
7902.558,15893.912,0.0196635809556005,39088,Bottom-left,6300,9700,15500,18200
7903.073,16792.672,0.387055962420931,39597,Bottom-left,6300,9700,15500,18200
7905.08,17219.057,0.142770821617655,39891,Bottom-left,6300,9700,15500,18200
7905.4736,16602.77,0.214414199078759,39492,Bottom-left,6300,9700,15500,18200
7906.073,17846.791,0.086208812967968,40229,Bottom-left,6300,9700,15500,18200
7908.844,15502.621,-0.0686258454831299,38842,Bottom-left,6300,9700,15500,18200
7909.843,16631.14,0.231430880019659,39506,Bottom-left,6300,9700,15500,18200
7910.1,15533.448,0.0188342225773891,38868,Bottom-left,6300,9700,15500,18200
7910.156,16035.08,-0.0795306037288136,39162,Bottom-left,6300,9700,15500,18200
7910.1943,17425.135,0.259182311127891,40035,Bottom-left,6300,9700,15500,18200
7911.2607,16759.158,0.177696335958799,39580,Bottom-left,6300,9700,15500,18200
7912.41,16272.655,0.113385252052802,39311,Bottom-left,6300,9700,15500,18200
7915.2954,17324.82,0.183366501628157,39968,Bottom-left,6300,9700,15500,18200
7918.3574,17166.693,-0.0148500919006051,39848,Bottom-left,6300,9700,15500,18200
7921.5796,15850.613,0.0525579304352012,39063,Bottom-left,6300,9700,15500,18200
7922.5947,17478.059,0.113139458307561,40072,Bottom-left,6300,9700,15500,18200
7923.994,16456.254,0.152212957997771,39410,Bottom-left,6300,9700,15500,18200
7924.1924,16399.139,0.144972720210729,39375,Bottom-left,6300,9700,15500,18200
7926.1953,16873.453,0.045172128972579,39640,Bottom-left,6300,9700,15500,18200
7929.003,15807.748,0.0281549860574031,39032,Bottom-left,6300,9700,15500,18200
7929.322,18035.889,0.0436528202538417,58211,Bottom-left,6300,9700,15500,18200
7931.1826,16422.785,0.123628806783097,39391,Bottom-left,6300,9700,15500,18200
7931.201,15764.064,-0.0264334349340056,38987,Bottom-left,6300,9700,15500,18200
7931.4814,17092.875,-0.035581414721843,39771,Bottom-left,6300,9700,15500,18200
7932.0996,15558.866,0.0612381703618908,38882,Bottom-left,6300,9700,15500,18200
7933.1885,16686.158,0.121065041396299,39535,Bottom-left,6300,9700,15500,18200
7934.0034,17619.65,0.0383949069032137,40131,Bottom-left,6300,9700,15500,18200
7934.018,17378.998,0.127927589166883,40001,Bottom-left,6300,9700,15500,18200
7934.5127,17540.549,0.141911269032206,40109,Bottom-left,6300,9700,15500,18200
7935.196,17498.535,0.194028896481852,40085,Bottom-left,6300,9700,15500,18200
7938.582,16732.822,0.144514647553354,39563,Bottom-left,6300,9700,15500,18200
7940.7607,17420.385,0.125747062137937,40034,Bottom-left,6300,9700,15500,18200
7940.789,16771.361,0.124914495322114,39586,Bottom-left,6300,9700,15500,18200
7944.003,16824.207,0.045210734770812,39615,Bottom-left,6300,9700,15500,18200
7947.185,17251.217,0.151932130776707,39912,Bottom-left,6300,9700,15500,18200
7947.4673,16250.307,-0.0846941339136319,39292,Bottom-left,6300,9700,15500,18200
7948.5176,15690.899,-0.0167424065501286,38957,Bottom-left,6300,9700,15500,18200
7949.367,15837.247,0.155413444951324,39051,Bottom-left,6300,9700,15500,18200
7950.233,16932.275,-0.13201258923998,39671,Bottom-left,6300,9700,15500,18200
7950.2383,16164.865,0.0655680349948946,39253,Bottom-left,6300,9700,15500,18200
7950.7744,16867.732,-0.102830525566204,39635,Bottom-left,6300,9700,15500,18200
7950.96,16075.273,-0.0846457589397597,39193,Bottom-left,6300,9700,15500,18200
7954.76,15909.913,0.0473789661050195,39090,Bottom-left,6300,9700,15500,18200
7956.1787,15932.105,0.0169940724897891,39111,Bottom-left,6300,9700,15500,18200
7956.6313,17460.69,0.123372137093873,40062,Bottom-left,6300,9700,15500,18200
7961.7485,15597.107,-0.0383179011057226,38903,Bottom-left,6300,9700,15500,18200
7962.086,15797.541,0.0581281140884383,39016,Bottom-left,6300,9700,15500,18200
7964.1177,17307.195,-0.0672286456244159,39953,Bottom-left,6300,9700,15500,18200
7966.3633,17523.205,0.0338052075222048,40096,Bottom-left,6300,9700,15500,18200
7966.7627,17681.201,-0.0504410788566855,40155,Bottom-left,6300,9700,15500,18200
7967.2,17431.234,0.1035131068636,40036,Bottom-left,6300,9700,15500,18200
7968.526,15987.706,-0.0811819938680559,39137,Bottom-left,6300,9700,15500,18200
7968.704,17110.49,-0.0724173485663033,39796,Bottom-left,6300,9700,15500,18200
7970.1016,17485.373,0.141370677527242,40077,Bottom-left,6300,9700,15500,18200
7971.5,15854.616,0.0514402659544765,39064,Bottom-left,6300,9700,15500,18200
7973.548,16053.625,0.184893939093108,39170,Bottom-left,6300,9700,15500,18200
7973.573,15542.681,0.0197001638453149,38876,Bottom-left,6300,9700,15500,18200
7973.6396,17003.084,-0.211443906341411,39709,Bottom-left,6300,9700,15500,18200
7974.4766,16467.357,0.0536517857137986,39415,Bottom-left,6300,9700,15500,18200
7975.1064,16194.161,0.0885714040415396,39264,Bottom-left,6300,9700,15500,18200
7978.027,16013.878,0.210815585747548,39155,Bottom-left,6300,9700,15500,18200
7978.435,16332.702,-0.0282440444153671,39351,Bottom-left,6300,9700,15500,18200
7978.9414,16415.168,0.00617904387113466,39383,Bottom-left,6300,9700,15500,18200
7980.625,18125.504,-0.005580740000724,58244,Bottom-left,6300,9700,15500,18200
7982.824,16513.014,0.0394984068528814,39442,Bottom-left,6300,9700,15500,18200
7985.639,17600.336,0.151518528528778,40128,Bottom-left,6300,9700,15500,18200
7986.317,16787.27,0.0500266176337039,39598,Bottom-left,6300,9700,15500,18200
7989.24,15577.773,0.00844292736227781,38896,Bottom-left,6300,9700,15500,18200
7992.44,17554.13,0.109367178577984,40113,Bottom-left,6300,9700,15500,18200
7996.684,17464.303,0.0763334346483902,40067,Bottom-left,6300,9700,15500,18200
8001.36,16895.027,0.00829186743979664,47663,Bottom-left,6300,9700,15500,18200
8005.8013,15981.276,0.0109747390315256,46286,Bottom-left,6300,9700,15500,18200
8006.2593,16839.426,-0.0258444264111458,47539,Bottom-left,6300,9700,15500,18200
8009.457,15688.151,0.0822658929756126,45842,Bottom-left,6300,9700,15500,18200
8013.0195,15516.655,0.112321263998841,45584,Bottom-left,6300,9700,15500,18200
8013.145,15582.572,-0.0162363987736112,45694,Bottom-left,6300,9700,15500,18200
8013.8237,18196.36,-0.0406616063974367,59348,Bottom-left,6300,9700,15500,18200
8015.304,17809.117,0.0512274719470656,49256,Bottom-left,6300,9700,15500,18200
8017.1304,17317.389,-0.0696839332637427,48397,Bottom-left,6300,9700,15500,18200
8019.168,17531.576,0.099747547634448,48807,Bottom-left,6300,9700,15500,18200
8020.457,15655.664,-0.00677890169004655,45804,Bottom-left,6300,9700,15500,18200
8020.784,16433.73,0.114684797308019,46907,Bottom-left,6300,9700,15500,18200
8024.6875,15927.381,0.164774398465952,46212,Bottom-left,6300,9700,15500,18200
8024.8735,17408.992,-0.0109129608234552,48557,Bottom-left,6300,9700,15500,18200
8028.448,16008.824,0.190395587894943,46324,Bottom-left,6300,9700,15500,18200
8028.5293,16872.604,0.0623759907068542,47614,Bottom-left,6300,9700,15500,18200
8028.657,15899.412,0.177370037583748,46176,Bottom-left,6300,9700,15500,18200
8030.318,16676.105,0.204041809349163,47291,Bottom-left,6300,9700,15500,18200
8032.4287,17509.107,0.0780796718938428,48762,Bottom-left,6300,9700,15500,18200
8032.503,15837.002,0.0286933668808969,46071,Bottom-left,6300,9700,15500,18200
8033.9507,17164.82,-0.0137414853107194,48110,Bottom-left,6300,9700,15500,18200
8034.1743,16941.477,-0.0305582504416411,47723,Bottom-left,6300,9700,15500,18200
8034.282,16533.266,-0.0270606646226853,47076,Bottom-left,6300,9700,15500,18200
8035.241,18091.06,-0.0547707851963151,59198,Bottom-left,6300,9700,15500,18200
8035.609,17084.355,0.0403309409341832,47970,Bottom-left,6300,9700,15500,18200
8035.6826,16817.605,0.0729984392913114,47518,Bottom-left,6300,9700,15500,18200
8037.0503,17438.209,0.0363400043965747,48612,Bottom-left,6300,9700,15500,18200
8040.997,16650.432,0.054486445262811,47249,Bottom-left,6300,9700,15500,18200
8042.1807,15622.798,0.0101748098981297,45754,Bottom-left,6300,9700,15500,18200
8044.363,17129.523,-0.0764193168944633,48043,Bottom-left,6300,9700,15500,18200
8050.035,17011.71,-0.0591004915359448,47844,Bottom-left,6300,9700,15500,18200
8050.552,17222.982,-0.10066567239639,48226,Bottom-left,6300,9700,15500,18200
8053.086,15956.805,-0.0521729613925374,46253,Bottom-left,6300,9700,15500,18200
8054.5327,17491.123,0.00800856991455845,48709,Bottom-left,6300,9700,15500,18200
8058.7837,17179.537,-0.0613522667174037,48126,Bottom-left,6300,9700,15500,18200
8059.418,16533.8,0.37437820797917,47077,Bottom-left,6300,9700,15500,18200
8059.5273,16124.718,-0.174476665754453,46459,Bottom-left,6300,9700,15500,18200
8059.5747,15806.096,0.0331222534981669,46028,Bottom-left,6300,9700,15500,18200
8059.6084,17685.93,-0.0175353106755001,49056,Bottom-left,6300,9700,15500,18200
8060.22,16566.494,0.0638983834894864,47112,Bottom-left,6300,9700,15500,18200
8060.9404,15779.459,-0.0158034281396483,45981,Bottom-left,6300,9700,15500,18200
8062.054,16474.82,0.158628635662081,46977,Bottom-left,6300,9700,15500,18200
8063.5933,16235.948,0.0390654504401108,46614,Bottom-left,6300,9700,15500,18200
8066.1113,15872.902,0.036462460863988,46127,Bottom-left,6300,9700,15500,18200
8066.6465,18071.33,-0.00454619165661104,59170,Bottom-left,6300,9700,15500,18200
8067.012,17465.176,-0.0123396630679444,48668,Bottom-left,6300,9700,15500,18200
8067.4336,15584.726,0.189759976353491,45699,Bottom-left,6300,9700,15500,18200
8067.6284,16020.409,0.0736126477797734,46335,Bottom-left,6300,9700,15500,18200
8069.501,16601.465,0.163110789427555,47170,Bottom-left,6300,9700,15500,18200
8071.6836,17418.412,0.0965038059766859,48575,Bottom-left,6300,9700,15500,18200
8074.4766,15631.108,0.160765507729507,45755,Bottom-left,6300,9700,15500,18200
8074.8945,16667.21,0.0118644844610949,47277,Bottom-left,6300,9700,15500,18200
8075.8457,18125.889,0.143382208485803,59246,Bottom-left,6300,9700,15500,18200
8078.239,17602.295,0.0741448426053709,48910,Bottom-left,6300,9700,15500,18200
8081.4023,15666.79,-0.0469773137849819,45817,Bottom-left,6300,9700,15500,18200
8082.758,17226.303,-0.156079389144461,48215,Bottom-left,6300,9700,15500,18200
8086.6074,18169.324,0.00255207813475394,59341,Bottom-left,6300,9700,15500,18200
8087.6704,17485.713,0.110394363609602,48720,Bottom-left,6300,9700,15500,18200
8088.471,15602.807,0.167771550963272,45730,Bottom-left,6300,9700,15500,18200
8090.3496,17062.217,-0.00682536783115298,47930,Bottom-left,6300,9700,15500,18200
8092.6484,16847.01,0.0409754878048736,47578,Bottom-left,6300,9700,15500,18200
8093.8325,15529.053,0.180081186066588,45603,Bottom-left,6300,9700,15500,18200
8094.5205,16498.902,-0.0197001638453149,47024,Bottom-left,6300,9700,15500,18200
8095.277,16075.398,-0.0188342225773891,46390,Bottom-left,6300,9700,15500,18200
8096.7837,15553.937,-0.0556367264642411,45652,Bottom-left,6300,9700,15500,18200
8098.0615,16698.969,0.224441203374441,47333,Bottom-left,6300,9700,15500,18200
8099.2686,15640.537,-0.0556367264642411,45788,Bottom-left,6300,9700,15500,18200
8101.0503,16038.624,0.211119540995142,46367,Bottom-left,6300,9700,15500,18200
8101.109,15964.771,0.274972937898186,46254,Bottom-left,6300,9700,15500,18200
8103.165,16791.68,0.074615292695415,47464,Bottom-left,6300,9700,15500,18200
8103.2964,17429.791,0.137787814564208,48601,Bottom-left,6300,9700,15500,18200
8104.2217,16738.76,0.244755254377444,47371,Bottom-left,6300,9700,15500,18200
8106.0933,18001.576,0.0387235906997256,59081,Bottom-left,6300,9700,15500,18200
8106.1636,15874.8,0.149594009069245,46143,Bottom-left,6300,9700,15500,18200
8106.7334,16331.185,0.0316120406419448,46761,Bottom-left,6300,9700,15500,18200
8107.6074,17457.07,-0.0595334621699079,48658,Bottom-left,6300,9700,15500,18200
8109.4775,9748.581,-0.133138469943612,26340,Top-left,8100,11500,8200,11000
8110.8135,10900.693,0.0426782540897738,27719,Top-left,8100,11500,8200,11000
8112.135,17589.797,0.18995462978887,48881,Bottom-left,6300,9700,15500,18200
8113.1543,16018.592,0.142163319316052,46336,Bottom-left,6300,9700,15500,18200
8113.645,9039.303,0.0259052262936199,25611,Top-left,8100,11500,8200,11000
8115.185,16589.445,0.0918537647406648,47160,Bottom-left,6300,9700,15500,18200
8115.8403,17039.336,-0.120038486920187,47888,Bottom-left,6300,9700,15500,18200
8116.0127,8602.359,-0.130541624357438,25137,Top-left,8100,11500,8200,11000
8116.9414,16990.418,-0.108531337389972,47816,Bottom-left,6300,9700,15500,18200
8117.4536,16259.855,0.0931644069198685,46658,Bottom-left,6300,9700,15500,18200
8117.7046,17906.588,0.0358953255119112,49383,Bottom-left,6300,9700,15500,18200
8119.272,15622.943,0.0767183750972322,45756,Bottom-left,6300,9700,15500,18200
8119.79,17688.201,0.145647409154278,49065,Bottom-left,6300,9700,15500,18200
8120.2905,8702.778,-0.105035578623555,25242,Top-left,8100,11500,8200,11000
8120.628,15992.246,0.00999889082498967,46299,Bottom-left,6300,9700,15500,18200
8121.6255,16517.225,0.284159539907761,47049,Bottom-left,6300,9700,15500,18200
8122.415,16486,0.0635405205664421,46999,Bottom-left,6300,9700,15500,18200
8123.033,16154.43,-0.108132103798697,46490,Bottom-left,6300,9700,15500,18200
8123.6123,17486.54,0.217470755823591,48710,Bottom-left,6300,9700,15500,18200
8125.536,16083.71,-0.02022093947722,46404,Bottom-left,6300,9700,15500,18200
8126.1484,16719.764,0.115115384394023,47346,Bottom-left,6300,9700,15500,18200
8126.5933,16625.602,0.0293625889716226,47214,Bottom-left,6300,9700,15500,18200
8129.5093,15698.697,0.16492807560512,45850,Bottom-left,6300,9700,15500,18200
8129.7554,18143.754,-0.0112930547470007,59301,Bottom-left,6300,9700,15500,18200
8130.018,15919.326,0.0289420350660829,46203,Bottom-left,6300,9700,15500,18200
8131.236,17080.53,-0.0316258790199177,47971,Bottom-left,6300,9700,15500,18200
8132.3403,15600.837,-0.0106077805320926,45731,Bottom-left,6300,9700,15500,18200
8134.6543,18115.18,0.0413182868027737,59234,Bottom-left,6300,9700,15500,18200
8135.967,16649.545,0.282770980501192,47250,Bottom-left,6300,9700,15500,18200
8137.3447,16574.7,0.144332074303742,47128,Bottom-left,6300,9700,15500,18200
8137.448,9118.41,-0.094171112886945,25705,Top-left,8100,11500,8200,11000
8138.766,15654.275,0.203907571838699,45805,Bottom-left,6300,9700,15500,18200
8139.116,10465.281,-0.101763685609865,27178,Top-left,8100,11500,8200,11000
8139.8115,15738.263,0.102393595818308,45910,Bottom-left,6300,9700,15500,18200
8139.8687,16800.64,0.201955986035464,47489,Bottom-left,6300,9700,15500,18200
8142.6177,16304.246,-0.068872934208509,46723,Bottom-left,6300,9700,15500,18200
8143.1025,16199.377,0.109265873915874,46548,Bottom-left,6300,9700,15500,18200
8143.503,16031.5,0.18834411796925,46345,Bottom-left,6300,9700,15500,18200
8144.879,17635.688,0.104541522962929,48976,Bottom-left,6300,9700,15500,18200
8145.8765,8503.462,0.00546439443008395,25047,Top-left,8100,11500,8200,11000
8146.6904,15800.403,-0.00584510355850007,46010,Bottom-left,6300,9700,15500,18200
8146.905,16685.082,0.0798923098052463,47299,Bottom-left,6300,9700,15500,18200
8147.325,17988.107,0.0645556030396267,49524,Bottom-left,6300,9700,15500,18200
8147.7734,15901.33,0.0274936352566483,46184,Bottom-left,6300,9700,15500,18200
8148.339,17399.115,-0.0340699951394462,48539,Bottom-left,6300,9700,15500,18200
8149.1353,9480.143,-0.112052550673917,26042,Top-left,8100,11500,8200,11000
8149.154,9935.383,-0.0631360287926593,26560,Top-left,8100,11500,8200,11000
8149.18,8869.467,-0.152517852725403,25414,Top-left,8100,11500,8200,11000
8153.2197,16599.65,0.18709481906483,47178,Bottom-left,6300,9700,15500,18200
8153.633,9857.516,0.0571939771921769,26465,Top-left,8100,11500,8200,11000
8154.3203,17928.287,-0.0404827542755374,49414,Bottom-left,6300,9700,15500,18200
8155.101,16939.76,-0.123610745876207,47724,Bottom-left,6300,9700,15500,18200
8155.164,8917.85,-0.15911670798139,25495,Top-left,8100,11500,8200,11000
8155.224,8360.098,-0.0908253667503461,24906,Top-left,8100,11500,8200,11000
8155.9165,9085.074,-0.109935169732527,25670,Top-left,8100,11500,8200,11000
8156.998,16883.062,-0.104847792040117,47635,Bottom-left,6300,9700,15500,18200
8157.1284,17311.137,-0.0550371962110801,48389,Bottom-left,6300,9700,15500,18200
8157.1465,16752.17,0.108020947081718,47392,Bottom-left,6300,9700,15500,18200
8157.2197,16719.393,0.169246289538057,47340,Bottom-left,6300,9700,15500,18200
8157.9863,16324.225,0.221422692303602,46747,Bottom-left,6300,9700,15500,18200
8158.7896,15982.461,0.0523822954212354,46288,Bottom-left,6300,9700,15500,18200
8164.8135,9240.553,-0.112883766271687,25802,Top-left,8100,11500,8200,11000
8167.257,16779.28,-0.126210939800204,47441,Bottom-left,6300,9700,15500,18200
8168.749,18033.814,-0.0221893594693401,59132,Bottom-left,6300,9700,15500,18200
8169.1514,16571.25,0.0966665477288167,47129,Bottom-left,6300,9700,15500,18200
8169.2017,16615.307,0.0726413778179511,47198,Bottom-left,6300,9700,15500,18200
8171.4136,15586.525,0.187754340697193,45706,Bottom-left,6300,9700,15500,18200
8171.6934,16701.338,-0.0110407511660555,47327,Bottom-left,6300,9700,15500,18200
8172.003,16477.7,0.184770374967503,46978,Bottom-left,6300,9700,15500,18200
8173.355,17073.393,0.111897854534302,47951,Bottom-left,6300,9700,15500,18200
8173.713,17688.416,0.0615223741038662,49066,Bottom-left,6300,9700,15500,18200
8174.6675,10405.872,-0.104454160679434,27108,Top-left,8100,11500,8200,11000
8175.316,15861.417,0.00238133848679636,46111,Bottom-left,6300,9700,15500,18200
8175.5737,16080.008,0.031561846363628,46395,Bottom-left,6300,9700,15500,18200
8177.944,18174.943,-0.0149374868717223,59354,Bottom-left,6300,9700,15500,18200
8178.4,10300.192,-0.158067187743361,26981,Top-left,8100,11500,8200,11000
8179.7363,10721.573,-0.127493328000496,27465,Top-left,8100,11500,8200,11000
8180.135,16916.467,-0.0824809057699448,47682,Bottom-left,6300,9700,15500,18200
8180.644,15658.859,0.191586843112853,45806,Bottom-left,6300,9700,15500,18200
8181.6377,16591.664,0.0993930834218809,47161,Bottom-left,6300,9700,15500,18200
8182.0806,17733.713,-0.0469773137849818,49136,Bottom-left,6300,9700,15500,18200
8182.4077,15991.187,0.104544498930069,46300,Bottom-left,6300,9700,15500,18200
8185.796,10946.646,-0.0860111554613949,27766,Top-left,8100,11500,8200,11000
8186.0903,17184.46,-0.150400709246015,48117,Bottom-left,6300,9700,15500,18200
8187.4478,9741.453,-0.031183542043232,26312,Top-left,8100,11500,8200,11000
8187.7725,16522.723,0.146973767041571,47038,Bottom-left,6300,9700,15500,18200
8188.2188,16851.8,-0.102830525566204,47563,Bottom-left,6300,9700,15500,18200
8189.327,9710.678,-0.205011595181464,26258,Top-left,8100,11500,8200,11000
8190.449,17355.34,0.130700671686698,48464,Bottom-left,6300,9700,15500,18200
8191.5527,8676.17,-0.160683058893537,25207,Top-left,8100,11500,8200,11000
8191.9653,18084.018,0.0941096235004653,59171,Bottom-left,6300,9700,15500,18200
8192.575,10573.498,-0.0369711917450899,27277,Top-left,8100,11500,8200,11000
8193.584,8471.87,-0.110623996977538,25018,Top-left,8100,11500,8200,11000
8194.543,10903.127,-0.141839802426526,27725,Top-left,8100,11500,8200,11000
8196.028,16710.984,0.173089098257089,47336,Bottom-left,6300,9700,15500,18200
8196.646,16140.889,-0.00320889190020688,46471,Bottom-left,6300,9700,15500,18200
8196.725,18140.527,-0.104468727191453,59289,Bottom-left,6300,9700,15500,18200
8196.78,8332.656,-0.0872435827435376,24869,Top-left,8100,11500,8200,11000
8197.029,15738.238,0.112822013492517,45911,Bottom-left,6300,9700,15500,18200
8198.008,16033.04,0.150323573857739,46356,Bottom-left,6300,9700,15500,18200
8198.393,17222.549,-0.0418593495593005,48216,Bottom-left,6300,9700,15500,18200
8198.5205,8304.616,0.00260733912372433,24838,Top-left,8100,11500,8200,11000
8199.315,15961.169,0.0394888160305028,46258,Bottom-left,6300,9700,15500,18200
8199.756,16105.536,0.0597700561549484,46428,Bottom-left,6300,9700,15500,18200
8201.214,17438.043,0.179414142370863,48618,Bottom-left,6300,9700,15500,18200
8201.681,16360.102,0.214641556817729,46810,Bottom-left,6300,9700,15500,18200
8201.686,16950.746,0.0565596336142265,47747,Bottom-left,6300,9700,15500,18200
8202.522,16409.17,0.103126747440518,46883,Bottom-left,6300,9700,15500,18200
8207.376,15836.903,0.0331874187251672,46078,Bottom-left,6300,9700,15500,18200
8207.431,16615.69,0.0453074917451008,47199,Bottom-left,6300,9700,15500,18200
8207.661,17387.76,0.14751709596398,48520,Bottom-left,6300,9700,15500,18200
8207.818,16693.43,0.238304631478768,47313,Bottom-left,6300,9700,15500,18200
8209.025,16299.62,0.225961481217527,46713,Bottom-left,6300,9700,15500,18200
8209.612,18022.895,-0.0361530479359077,59082,Bottom-left,6300,9700,15500,18200
8210.321,9937.784,-0.095902995422797,26561,Top-left,8100,11500,8200,11000
8211.113,9862.993,0.0343064155157327,26472,Top-left,8100,11500,8200,11000
8211.773,16834.969,-0.011891129743722,47546,Bottom-left,6300,9700,15500,18200
8212.902,17654.992,0.224717184771178,48988,Bottom-left,6300,9700,15500,18200
8213.562,9623.966,-0.0557369202143431,26193,Top-left,8100,11500,8200,11000
8214.281,17056.459,0.0184983331018706,47915,Bottom-left,6300,9700,15500,18200
8215.05,17459.613,-0.0322862269731192,48669,Bottom-left,6300,9700,15500,18200
8215.513,17958.97,-0.0531301997883176,49484,Bottom-left,6300,9700,15500,18200
8216.053,16976.666,-0.0314359759574877,47785,Bottom-left,6300,9700,15500,18200
8216.227,8205.207,-0.067182724411778,24752,Top-left,8100,11500,8200,11000
8216.753,16334.2,0.0395472368460864,46762,Bottom-left,6300,9700,15500,18200
8217.48,16078.156,0.0488222596613548,46391,Bottom-left,6300,9700,15500,18200
8217.671,9508.028,-0.105047135361858,26078,Top-left,8100,11500,8200,11000
8220.291,16139.799,-0.0339881947660929,46478,Bottom-left,6300,9700,15500,18200
8221.066,15935.089,0.0551408434010105,46221,Bottom-left,6300,9700,15500,18200
8222.3545,8550.684,-0.0746874343586115,25111,Top-left,8100,11500,8200,11000
8222.798,16899.941,0.0347532409175452,47656,Bottom-left,6300,9700,15500,18200
8223.505,8435.419,-0.0680625076715461,24975,Top-left,8100,11500,8200,11000
8224.618,9892.031,0.0940479131281446,26504,Top-left,8100,11500,8200,11000
8225.099,10248.317,-0.131942860470034,26934,Top-left,8100,11500,8200,11000
8225.235,10481.038,-0.249174599845687,27172,Top-left,8100,11500,8200,11000
8225.684,17582.855,0.106524881559077,48890,Bottom-left,6300,9700,15500,18200
8230.535,16575.74,0.137679962593692,47130,Bottom-left,6300,9700,15500,18200
8232.538,17259.879,0.105784356925177,48277,Bottom-left,6300,9700,15500,18200
8233.334,16616.922,0.063385693471044,47200,Bottom-left,6300,9700,15500,18200
8233.852,16181.743,0.184522145747198,46530,Bottom-left,6300,9700,15500,18200
8234.471,15604.407,0.0725168354958461,45737,Bottom-left,6300,9700,15500,18200
8234.495,16228.319,0.0383849295911783,46597,Bottom-left,6300,9700,15500,18200
8234.596,17357.498,0.0430740406798143,48465,Bottom-left,6300,9700,15500,18200
8235.06,16653.027,0.198925192649901,47257,Bottom-left,6300,9700,15500,18200
8235.063,17863.818,0.0884301787222552,49320,Bottom-left,6300,9700,15500,18200
8235.275,16453.988,-0.0222979876490926,46949,Bottom-left,6300,9700,15500,18200
8236.063,15702.238,0.0539382830822981,45857,Bottom-left,6300,9700,15500,18200
8237.074,8303.669,-0.0419864552651094,24846,Top-left,8100,11500,8200,11000
8238.619,16307.177,-0.0222979876490926,46727,Bottom-left,6300,9700,15500,18200
8238.627,15862.681,0.158345260565954,46128,Bottom-left,6300,9700,15500,18200
8239.422,10579.359,-0.124479057264353,27305,Top-left,8100,11500,8200,11000
8239.625,16380.855,0.0248958114528705,46848,Bottom-left,6300,9700,15500,18200
8240.179,15551.459,-0.0167752427300774,45638,Bottom-left,6300,9700,15500,18200
8240.6455,16680.338,0.0993374217249759,47292,Bottom-left,6300,9700,15500,18200
8240.911,9033.826,0.00646857208495599,25612,Top-left,8100,11500,8200,11000
8241.173,9674.383,-0.214103978494687,26248,Top-left,8100,11500,8200,11000
8241.893,17454.047,0.138491602921055,48659,Bottom-left,6300,9700,15500,18200
8243.892,17307.516,-0.00859593259758726,48369,Bottom-left,6300,9700,15500,18200
8245.749,16266.876,0.117767047290455,46667,Bottom-left,6300,9700,15500,18200
8246.813,16401.887,0.133498443948586,46874,Bottom-left,6300,9700,15500,18200
8247.007,17055.129,0.0434064897549614,47906,Bottom-left,6300,9700,15500,18200
8247.689,16008.521,0.04193869393184,46328,Bottom-left,6300,9700,15500,18200
8247.713,16742.172,-0.0558014577180405,47384,Bottom-left,6300,9700,15500,18200
8247.976,10200.415,-0.0381967909277085,26886,Top-left,8100,11500,8200,11000
8248.968,15619.133,0.161235504418857,45757,Bottom-left,6300,9700,15500,18200
8249.226,8851.6045,-0.236618451460761,25415,Top-left,8100,11500,8200,11000
8249.676,18172.121,-0.15478700164176,59323,Bottom-left,6300,9700,15500,18200
8250.749,9697.961,-0.131064737700825,26277,Top-left,8100,11500,8200,11000
8250.866,17494.863,0.292919517823096,48727,Bottom-left,6300,9700,15500,18200
8253.318,16520.594,0.243396463510942,47050,Bottom-left,6300,9700,15500,18200
8253.365,16953.45,0.088743735449256,47762,Bottom-left,6300,9700,15500,18200
8253.806,16489.203,0.0657569205971874,47009,Bottom-left,6300,9700,15500,18200
8253.968,10858.9375,-0.14495053457752,27655,Top-left,8100,11500,8200,11000
8254.418,18035.453,0.160091164027646,59137,Bottom-left,6300,9700,15500,18200
8254.78,15840.446,0.0513824640340694,46079,Bottom-left,6300,9700,15500,18200
8255.034,16996.717,0.0298151514187317,47817,Bottom-left,6300,9700,15500,18200
8256.133,17682.848,0.0106077805320926,49057,Bottom-left,6300,9700,15500,18200
8257.735,15934.578,0.104410535978262,46222,Bottom-left,6300,9700,15500,18200
8257.765,17708.727,0.0331059305843507,49101,Bottom-left,6300,9700,15500,18200
8258.178,15759.598,0.0541646896408282,45952,Bottom-left,6300,9700,15500,18200
8259.886,16783.76,-0.0720896105548337,47455,Bottom-left,6300,9700,15500,18200
8260.21,16832.338,-0.076007737552495,47535,Bottom-left,6300,9700,15500,18200
8260.989,10789.769,-0.0991638148907116,27557,Top-left,8100,11500,8200,11000
8262.322,15875.523,0.219139904510815,46144,Bottom-left,6300,9700,15500,18200
8263.036,10967.313,-0.0459439472920331,27792,Top-left,8100,11500,8200,11000
8263.603,16638.42,0.0675989171456051,47238,Bottom-left,6300,9700,15500,18200
8264.213,15545.368,0.0898917324724413,45632,Bottom-left,6300,9700,15500,18200
8264.822,16319.457,0.0358986478034396,46714,Bottom-left,6300,9700,15500,18200
8266.024,9373.861,-0.167191217801664,25942,Top-left,8100,11500,8200,11000
8266.03,18130.857,-0.0346919294361346,59275,Bottom-left,6300,9700,15500,18200
8267.304,16395.254,0.0178932299941457,46864,Bottom-left,6300,9700,15500,18200
8268.698,17761.936,0.0261947233547594,49191,Bottom-left,6300,9700,15500,18200
8270.828,9014.451,-0.0192671932113518,25599,Top-left,8100,11500,8200,11000
8272.515,16466.334,0.14827756908533,46974,Bottom-left,6300,9700,15500,18200
8273.164,8709.719,-0.190255612592684,25243,Top-left,8100,11500,8200,11000
8274.166,8877.927,-0.0278092447186199,25448,Top-left,8100,11500,8200,11000
8274.633,16215.873,0.100423279346326,46568,Bottom-left,6300,9700,15500,18200
8274.67,9851.558,-0.0911403184492043,26457,Top-left,8100,11500,8200,11000
8274.815,16259.461,0.0169429942168742,46649,Bottom-left,6300,9700,15500,18200
8275.455,16441.889,-0.0500081082227226,46929,Bottom-left,6300,9700,15500,18200
8276.542,16921.84,-0.032689282864204,47696,Bottom-left,6300,9700,15500,18200
8277.284,10588.019,-0.21756774356639,27322,Top-left,8100,11500,8200,11000
8278.298,16059.955,-0.0340479938086234,46380,Bottom-left,6300,9700,15500,18200
8278.945,18188.545,-0.0071565793896592,59361,Bottom-left,6300,9700,15500,18200
8279.663,8772.961,-0.169508003196501,25319,Top-left,8100,11500,8200,11000
8281.693,17923.129,-0.0123396630679444,49415,Bottom-left,6300,9700,15500,18200
8281.716,17207.533,-0.0905930261191665,48168,Bottom-left,6300,9700,15500,18200
8281.732,10298.821,-0.144395706426649,26996,Top-left,8100,11500,8200,11000
8281.807,17644.234,-0.076398436891166,48989,Bottom-left,6300,9700,15500,18200
8283.077,16573.203,0.0519927233615953,47135,Bottom-left,6300,9700,15500,18200
8283.381,17486.855,0.279197296166444,48711,Bottom-left,6300,9700,15500,18200
8284.001,16890.26,-0.0863776414756114,47647,Bottom-left,6300,9700,15500,18200
8285.439,16361.304,0.118246020849592,46818,Bottom-left,6300,9700,15500,18200
8286.667,8919.737,-0.0165759091075201,25496,Top-left,8100,11500,8200,11000
8287.481,8831.287,-0.158250766713464,25394,Top-left,8100,11500,8200,11000
8287.84,17384.22,-0.0209990757472038,48521,Bottom-left,6300,9700,15500,18200
8288.921,9731.666,0.0278388083467573,26319,Top-left,8100,11500,8200,11000
8289.754,17506.814,0.00426716812203986,48748,Bottom-left,6300,9700,15500,18200
8291.041,16334.045,-0.0209990757472038,46774,Bottom-left,6300,9700,15500,18200
8291.176,9139.71,-0.0312769529388424,25709,Top-left,8100,11500,8200,11000
8291.519,10097.398,0.0336416224947016,26762,Top-left,8100,11500,8200,11000
8292.014,17343.414,0.0226579317062137,48442,Bottom-left,6300,9700,15500,18200
8292.301,8618.341,-0.0957835019774805,25139,Top-left,8100,11500,8200,11000
8293.702,9318.278,-0.032940995029063,25876,Top-left,8100,11500,8200,11000
8293.846,15974.446,0.0879194035343586,46287,Bottom-left,6300,9700,15500,18200
8296.095,16380.386,0.130769867236426,46838,Bottom-left,6300,9700,15500,18200
8297.159,16959.98,-0.0918293016888857,47773,Bottom-left,6300,9700,15500,18200
8298.898,17615.168,0.118008891565959,48943,Bottom-left,6300,9700,15500,18200
8299.357,16426.15,0.0493015904597253,46908,Bottom-left,6300,9700,15500,18200
8299.615,16447.441,-0.00800995672831475,46939,Bottom-left,6300,9700,15500,18200
8299.759,17250.318,0.00909798705229354,48265,Bottom-left,6300,9700,15500,18200
8299.871,15954.005,0.173724428393573,46246,Bottom-left,6300,9700,15500,18200
8300.171,17400.957,0.236744758384679,48546,Bottom-left,6300,9700,15500,18200
8300.463,18126.307,-0.125883250563176,59247,Bottom-left,6300,9700,15500,18200
8301.179,17800.027,0.0015915722442313,49236,Bottom-left,6300,9700,15500,18200
8302.506,17715.27,0.157339855476802,49113,Bottom-left,6300,9700,15500,18200
8303.137,17537.111,0.0713310468584776,48814,Bottom-left,6300,9700,15500,18200
8304.799,17432.654,-0.0168077534671907,48602,Bottom-left,6300,9700,15500,18200
8306.211,16613.426,-0.0365860185698706,47189,Bottom-left,6300,9700,15500,18200
8307.431,15575.379,0.11574543693945,45685,Bottom-left,6300,9700,15500,18200
8308.034,8999.739,-0.0311078821873181,25583,Top-left,8100,11500,8200,11000
8312.48,17483.986,0.111713471474134,48712,Bottom-left,6300,9700,15500,18200
8312.738,16770.854,-0.0508740494906485,47430,Bottom-left,6300,9700,15500,18200
8312.8955,16729.205,-0.0741274856444885,47337,Bottom-left,6300,9700,15500,18200
8313.149,16826.268,-0.15478700164176,47536,Bottom-left,6300,9700,15500,18200
8313.396,9791.857,0.0139029613060154,26383,Top-left,8100,11500,8200,11000
8316.829,16681.975,0.0388927002345292,47271,Bottom-left,6300,9700,15500,18200
8318.087,10696.158,-0.108909037916322,27445,Top-left,8100,11500,8200,11000
8319.403,17025.396,0.0887771559893845,47870,Bottom-left,6300,9700,15500,18200
8321.775,16333.184,0.0908005358654286,46763,Bottom-left,6300,9700,15500,18200
8322.248,16799.928,0.0477233189844272,47490,Bottom-left,6300,9700,15500,18200
8322.5625,16026.974,0.00751809775324349,46350,Bottom-left,6300,9700,15500,18200
8323.059,17452.236,0.223388012419251,48660,Bottom-left,6300,9700,15500,18200
8323.935,16362.325,0.0390023929675802,46819,Bottom-left,6300,9700,15500,18200
8324.521,17426.479,0.136675981583185,48590,Bottom-left,6300,9700,15500,18200
8325.319,15798.091,-0.0586675209019819,46003,Bottom-left,6300,9700,15500,18200
8326.178,10889.537,-0.107410810259231,27716,Top-left,8100,11500,8200,11000
8326.226,8951.107,-0.0771770423585901,25529,Top-left,8100,11500,8200,11000
8326.263,16234.352,0.0166034617228794,46605,Bottom-left,6300,9700,15500,18200
8326.308,17747.137,0.0628283867911437,49161,Bottom-left,6300,9700,15500,18200
8327.397,17632.775,-0.0555340891709608,48968,Bottom-left,6300,9700,15500,18200
8327.594,8204.631,-0.131839558041723,24719,Top-left,8100,11500,8200,11000
8328.731,16003.836,0.0906712722855779,46314,Bottom-left,6300,9700,15500,18200
8329.185,8516.553,-0.0233248367454191,25069,Top-left,8100,11500,8200,11000
8331.314,16384.713,0.122126613841657,46859,Bottom-left,6300,9700,15500,18200
8331.67,16454.012,0.126449006555086,46940,Bottom-left,6300,9700,15500,18200
8331.994,8429.968,-0.169940973830464,24961,Top-left,8100,11500,8200,11000
8332.52,15717.336,0.0810207356978196,45890,Bottom-left,6300,9700,15500,18200
8332.759,17296.66,-0.095470024788834,48356,Bottom-left,6300,9700,15500,18200
8333.104,17803.121,-0.0235968995509815,49245,Bottom-left,6300,9700,15500,18200
8333.845,15876.635,-0.0665942035151965,46145,Bottom-left,6300,9700,15500,18200
8335.483,16257.52,0.219178270600908,46650,Bottom-left,6300,9700,15500,18200
8336.575,9876.714,-0.0180590279212177,26497,Top-left,8100,11500,8200,11000
8337.201,9209.126,-0.152001107188496,25780,Top-left,8100,11500,8200,11000
8338.22,17728.137,-0.0136385749698334,49130,Bottom-left,6300,9700,15500,18200
8338.85,15532.4,0.110168765695493,45615,Bottom-left,6300,9700,15500,18200
8338.908,18021.318,0.093261746327059,59119,Bottom-left,6300,9700,15500,18200
8339.249,17508.021,0.0794616485463349,48765,Bottom-left,6300,9700,15500,18200
8339.599,16139.474,0.0451541407959502,46472,Bottom-left,6300,9700,15500,18200
8339.924,15662.528,0.0606256463689474,45818,Bottom-left,6300,9700,15500,18200
8341.599,8901.086,-0.13140658740776,25458,Top-left,8100,11500,8200,11000
8342.79,16426.818,0.042216823581766,46909,Bottom-left,6300,9700,15500,18200
8344.916,16577.941,0.122576630169977,47136,Bottom-left,6300,9700,15500,18200
8345.541,9045.065,0.0885395312042819,25615,Top-left,8100,11500,8200,11000
8346.855,17936.559,-0.0820479351359819,49437,Bottom-left,6300,9700,15500,18200
8347.038,17441.479,0.00309775943356141,48626,Bottom-left,6300,9700,15500,18200
8347.896,17876.877,-0.0192671932113518,49347,Bottom-left,6300,9700,15500,18200
8348.791,9630.995,-0.22622715624565,26197,Top-left,8100,11500,8200,11000
8349.366,15625.186,0.0224219949914854,45768,Bottom-left,6300,9700,15500,18200
8349.385,8257.653,-0.0383028635954158,24796,Top-left,8100,11500,8200,11000
8350.36,9513.412,-0.0323506154721148,26092,Top-left,8100,11500,8200,11000
8351.856,9736.44,-0.182632818554114,26301,Top-left,8100,11500,8200,11000
8352.748,9110.293,0.107809485766709,25692,Top-left,8100,11500,8200,11000
8352.764,10981.236,-0.121682179903431,27814,Top-left,8100,11500,8200,11000
8352.923,16936.97,-0.0454028861171202,47717,Bottom-left,6300,9700,15500,18200
8353.268,17755.363,-0.0110407511660555,49175,Bottom-left,6300,9700,15500,18200
8353.272,9571.487,-0.0601333425311573,26144,Top-left,8100,11500,8200,11000
8353.294,17018.334,0.15243847864947,47859,Bottom-left,6300,9700,15500,18200
8353.55,17845.385,0.000216485316981529,49307,Bottom-left,6300,9700,15500,18200
8354.471,16315.529,0.0183293869412634,46741,Bottom-left,6300,9700,15500,18200
8355.412,17700.037,0.276705267793735,49078,Bottom-left,6300,9700,15500,18200
8355.898,17354.115,0.0348783890379584,48466,Bottom-left,6300,9700,15500,18200
8358.272,16001.149,0.0266276939887223,46325,Bottom-left,6300,9700,15500,18200
8358.62,16495.19,0.0453899383134831,47000,Bottom-left,6300,9700,15500,18200
8360.151,17570.44,0.0935574542220497,48868,Bottom-left,6300,9700,15500,18200
8360.31,17649.143,0.239793928110584,48994,Bottom-left,6300,9700,15500,18200
8363.881,16168.83,-0.0178897381660847,46519,Bottom-left,6300,9700,15500,18200
8365.091,17297.71,0.325162719853738,48357,Bottom-left,6300,9700,15500,18200
8366.112,16706.652,0.00309859107707445,47319,Bottom-left,6300,9700,15500,18200
8366.528,18014.637,0.134427128255856,59083,Bottom-left,6300,9700,15500,18200
8367.5205,18192.658,-0.129584986317098,59368,Bottom-left,6300,9700,15500,18200
8367.529,16886.467,-0.148292442132316,47648,Bottom-left,6300,9700,15500,18200
8368.736,16332.603,-0.0339948887993704,46764,Bottom-left,6300,9700,15500,18200
8369.977,16099.29,0.0627794031457896,46429,Bottom-left,6300,9700,15500,18200
8370.39,16530.693,0.117869863421242,47071,Bottom-left,6300,9700,15500,18200
8372.008,16969.885,0.102757719162483,47778,Bottom-left,6300,9700,15500,18200
8372.18,16031.526,-0.100665672396389,46357,Bottom-left,6300,9700,15500,18200
8372.977,15957.522,0.221956236071219,46247,Bottom-left,6300,9700,15500,18200
8373.188,16429.53,0.159681339726601,46916,Bottom-left,6300,9700,15500,18200
8374.802,16401.281,0.120646864350957,46865,Bottom-left,6300,9700,15500,18200
8375.074,17229.705,-0.0206984173443913,48227,Bottom-left,6300,9700,15500,18200
8376.826,15830.378,0.113735757094601,46054,Bottom-left,6300,9700,15500,18200
8377.407,18136.639,-0.129857467275523,59267,Bottom-left,6300,9700,15500,18200
8381.878,15595.942,0.00424255072613698,45720,Bottom-left,6300,9700,15500,18200
8384.584,17708.51,0.0590305349218599,49093,Bottom-left,6300,9700,15500,18200
8385.421,16246.199,0.141247842303306,46633,Bottom-left,6300,9700,15500,18200
8386.29,17796.883,0.0899117774884382,49225,Bottom-left,6300,9700,15500,18200
8386.483,17408.256,0.0793489849240895,48547,Bottom-left,6300,9700,15500,18200
8387.16,17500.553,0.172441796600698,48732,Bottom-left,6300,9700,15500,18200
8390.136,8372.73,-0.198084065038057,24887,Top-left,8100,11500,8200,11000
8391.416,17861.334,-0.0308202689407146,49326,Bottom-left,6300,9700,15500,18200
8391.61,16944.305,-0.0863776414756116,47725,Bottom-left,6300,9700,15500,18200
8392.346,17994.984,-0.0616983153397227,49532,Bottom-left,6300,9700,15500,18200
8392.723,8958.066,-0.126939866207967,25530,Top-left,8100,11500,8200,11000
8393.401,9270.18,-0.131629226486661,25841,Top-left,8100,11500,8200,11000
8393.746,10737.645,-0.138334117551167,27497,Top-left,8100,11500,8200,11000
8393.903,9382.658,-0.0145531097431467,25945,Top-left,8100,11500,8200,11000
8395.382,17741.99,0.273179419948006,49148,Bottom-left,6300,9700,15500,18200
8395.409,17532.346,0.11972374304423,48795,Bottom-left,6300,9700,15500,18200
8395.505,10360.279,-0.125795021709724,27068,Top-left,8100,11500,8200,11000
8395.639,17206.963,-0.00922455357476478,48183,Bottom-left,6300,9700,15500,18200
8395.724,15643.436,0.0847272040354303,45789,Bottom-left,6300,9700,15500,18200
8396.099,17473.576,-0.0608323740717967,48681,Bottom-left,6300,9700,15500,18200
8396.571,9075.004,-0.0951805815846171,25645,Top-left,8100,11500,8200,11000
8397.028,17572.049,0.153130046058674,48874,Bottom-left,6300,9700,15500,18200
8397.227,16297.163,0.0842465916401349,46701,Bottom-left,6300,9700,15500,18200
8399.247,16868.156,-0.158700080544645,47604,Bottom-left,6300,9700,15500,18200
8399.719,9444.142,0.183561036645545,26017,Top-left,8100,11500,8200,11000
8400.452,16774.549,-0.137116068005868,47415,Bottom-left,6300,9700,15500,18200
8400.643,16562.752,0.149638013970135,47104,Bottom-left,6300,9700,15500,18200
8400.819,15927.441,0.000216485316981529,46213,Bottom-left,6300,9700,15500,18200
8402.158,16104.671,0.0344508025854491,46435,Bottom-left,6300,9700,15500,18200
8403.411,10192.326,-0.131167136388241,26876,Top-left,8100,11500,8200,11000
8404.422,8818.878,-0.0753583371930609,25357,Top-left,8100,11500,8200,11000
8404.598,10571.32,0.0506124308169568,27290,Top-left,8100,11500,8200,11000
8405.576,9483.314,0.0659122342668648,26044,Top-left,8100,11500,8200,11000
8406.068,17237.18,0.0987216043591098,48237,Bottom-left,6300,9700,15500,18200
8406.698,16348.2295,-0.0253287820868334,46787,Bottom-left,6300,9700,15500,18200
8406.772,17442.697,0.253829341173335,48619,Bottom-left,6300,9700,15500,18200
8407.193,17003.023,-0.0453353231067014,47822,Bottom-left,6300,9700,15500,18200
8407.773,16262.891,0.214826746980882,46668,Bottom-left,6300,9700,15500,18200
8408.324,16662.082,-0.0469773137849818,47264,Bottom-left,6300,9700,15500,18200
8409.621,16693.535,-0.146127588962501,47320,Bottom-left,6300,9700,15500,18200
8410.795,10465.846,-0.0717887679909863,27173,Top-left,8100,11500,8200,11000
8410.833,17658.418,0.105679788896033,49005,Bottom-left,6300,9700,15500,18200
8411.348,15986.589,0.146976817298977,46292,Bottom-left,6300,9700,15500,18200
8412.44,17628.504,0.172698395661198,48951,Bottom-left,6300,9700,15500,18200
8412.714,15520.054,0.0155531154998155,45594,Bottom-left,6300,9700,15500,18200
8413.144,17498.434,0.142803802832623,48733,Bottom-left,6300,9700,15500,18200
8414.756,10702.427,-0.00295991331380871,27454,Top-left,8100,11500,8200,11000
8415.274,16425.21,0.0898135605349898,46899,Bottom-left,6300,9700,15500,18200
8416.226,15546.463,0.00480277890318825,45639,Bottom-left,6300,9700,15500,18200
8416.648,17539.89,0.0218626366152189,48821,Bottom-left,6300,9700,15500,18200
8416.751,9813.934,-0.0406680534534801,26402,Top-left,8100,11500,8200,11000
8418.044,17261.623,0.0449274062081819,48286,Bottom-left,6300,9700,15500,18200
8419.897,9350.267,-0.132299511833927,25914,Top-left,8100,11500,8200,11000
8419.97,8748.788,-0.0457161761357948,25298,Top-left,8100,11500,8200,11000
8420.65,17587.82,0.0466818048879313,48896,Bottom-left,6300,9700,15500,18200
8420.744,17950.41,0.00413480951229905,49473,Bottom-left,6300,9700,15500,18200
8422.002,17845.809,-0.0344211654000558,49308,Bottom-left,6300,9700,15500,18200
8423.1,10145.157,-0.0308850309152093,26833,Top-left,8100,11500,8200,11000
8423.231,17982.863,-0.0145045162377593,49512,Bottom-left,6300,9700,15500,18200
8423.543,18169.465,-0.0279266058906112,59342,Bottom-left,6300,9700,15500,18200
8425.019,10875.447,-0.122976703619994,27698,Top-left,8100,11500,8200,11000
8425.124,17194.46,-0.0107151890780834,48158,Bottom-left,6300,9700,15500,18200
8425.1875,8294.338,-0.116265884444886,24829,Top-left,8100,11500,8200,11000
8425.278,10115.033,0.149776483538205,26787,Top-left,8100,11500,8200,11000
8425.791,10554.705,0.0145764155926058,27273,Top-left,8100,11500,8200,11000
8426.541,9289.176,-0.158250766713464,25851,Top-left,8100,11500,8200,11000
8427.54,16296.523,0.115534939520532,46715,Bottom-left,6300,9700,15500,18200
8427.831,16407.41,0.211337141709507,46866,Bottom-left,6300,9700,15500,18200
8429.213,16217.011,0.161605948929804,46575,Bottom-left,6300,9700,15500,18200
8429.856,16451.854,0.0400499183774746,46941,Bottom-left,6300,9700,15500,18200
8431.34,16592.494,-0.134004411211538,47162,Bottom-left,6300,9700,15500,18200
8432.253,17342.693,0.209640813645552,48443,Bottom-left,6300,9700,15500,18200
8432.409,16091.781,0.140064797712244,46405,Bottom-left,6300,9700,15500,18200
8433.261,9323.466,-0.0430805780793152,25882,Top-left,8100,11500,8200,11000
8433.484,10979.129,-0.11235587951339,27809,Top-left,8100,11500,8200,11000
8433.499,16722.262,0.00324727975472217,47347,Bottom-left,6300,9700,15500,18200
8436.024,17218.283,0.0218650170151297,48206,Bottom-left,6300,9700,15500,18200
8438.336,16773.184,-0.0534721752984066,47431,Bottom-left,6300,9700,15500,18200
8439.448,17700.781,0.375936879601675,49079,Bottom-left,6300,9700,15500,18200
8439.841,16259.163,0.0311551716389262,46659,Bottom-left,6300,9700,15500,18200
8440.885,16638.695,-0.172971768268205,47235,Bottom-left,6300,9700,15500,18200
8440.9375,17249.256,0.00546544637258539,48266,Bottom-left,6300,9700,15500,18200
8442.143,10262.635,-0.147859471498353,26951,Top-left,8100,11500,8200,11000
8442.643,17380,0.0860806620811087,48503,Bottom-left,6300,9700,15500,18200
8443.214,17483.87,0.271133065813191,48701,Bottom-left,6300,9700,15500,18200
8443.339,16672.26,0.000232928849187757,47272,Bottom-left,6300,9700,15500,18200
8445.027,17955.47,0.0553840686409864,49480,Bottom-left,6300,9700,15500,18200
8445.047,16508.104,0.0909166268537511,47034,Bottom-left,6300,9700,15500,18200
8445.382,10342.3545,-0.122747174728501,27031,Top-left,8100,11500,8200,11000
8446.085,17600.443,0.140504489162827,48911,Bottom-left,6300,9700,15500,18200
8447.8125,17802.754,0.0598335194293303,49237,Bottom-left,6300,9700,15500,18200
8448.381,17575.518,0.122151239323552,48882,Bottom-left,6300,9700,15500,18200
8448.385,16378.593,-0.0192671932113518,46839,Bottom-left,6300,9700,15500,18200
8448.967,16530.559,0.0700263197468305,47072,Bottom-left,6300,9700,15500,18200
8449.622,9094.683,-0.20523040937736,25663,Top-left,8100,11500,8200,11000
8455.234,8833.905,-0.0161083596896278,25395,Top-left,8100,11500,8200,11000
8456.696,16219.255,-0.0287925471585371,46582,Bottom-left,6300,9700,15500,18200
8457.822,10891.864,-0.284701240545006,27706,Top-left,8100,11500,8200,11000
8458.339,17740.75,0.0550258125907771,49144,Bottom-left,6300,9700,15500,18200
8459.09,18076.027,-0.000530831547917106,59186,Bottom-left,6300,9700,15500,18200
8461.506,16000.286,0.0758649108082507,46307,Bottom-left,6300,9700,15500,18200
8462.743,10509.495,-0.13573629374739,27218,Top-left,8100,11500,8200,11000
8463.18,16354.246,-0.0370189892038336,46794,Bottom-left,6300,9700,15500,18200
8463.737,17630.719,0.214359713335673,48958,Bottom-left,6300,9700,15500,18200
8463.767,10762.048,-0.0127726337019075,27536,Top-left,8100,11500,8200,11000
8465.617,16828.78,-0.227093097513575,47540,Bottom-left,6300,9700,15500,18200
8466.069,10109.234,0.00190108705274248,26772,Top-left,8100,11500,8200,11000
8466.345,17354.55,0.0995599779199544,48455,Bottom-left,6300,9700,15500,18200
8467.245,17898.504,0.0634074991167091,49387,Bottom-left,6300,9700,15500,18200
8468.051,16918.486,0.00084017762565619,47675,Bottom-left,6300,9700,15500,18200
8468.107,16548.852,0.0790790935606421,47078,Bottom-left,6300,9700,15500,18200
8469.159,18197.71,-0.174270680170094,59385,Bottom-left,6300,9700,15500,18200
8469.205,17972.41,0.127819436567139,49485,Bottom-left,6300,9700,15500,18200
8469.282,8664.895,-0.152926586648491,25195,Top-left,8100,11500,8200,11000
8472.368,16761.498,0.00194747799617018,47399,Bottom-left,6300,9700,15500,18200
8472.532,10860.79,-0.0317505732093359,27671,Top-left,8100,11500,8200,11000
8472.6045,16133.196,0.023560171308313,46460,Bottom-left,6300,9700,15500,18200
8473.034,17304.947,0.267721297188986,48370,Bottom-left,6300,9700,15500,18200
8473.48,18162.084,-0.122747174728501,59324,Bottom-left,6300,9700,15500,18200
8473.6,17923.49,-0.00028090530882059,49416,Bottom-left,6300,9700,15500,18200
8474,16163.878,0.0968335227168012,46512,Bottom-left,6300,9700,15500,18200
8474.195,18141.273,-0.0556367264642411,59296,Bottom-left,6300,9700,15500,18200
8474.96,17178.01,0.119279989601424,48127,Bottom-left,6300,9700,15500,18200
8476.086,10818.761,-0.0423196029434834,27599,Top-left,8100,11500,8200,11000
8478.15,9393.019,-0.0926365022796465,25951,Top-left,8100,11500,8200,11000
8480.597,10272.712,-0.133138469943612,26964,Top-left,8100,11500,8200,11000
8481.742,9434.062,-0.046111372517056,26001,Top-left,8100,11500,8200,11000
8482.648,17652.82,0.11149589134649,48995,Bottom-left,6300,9700,15500,18200
8483.186,16874.625,0.040665898078975,47641,Bottom-left,6300,9700,15500,18200
8483.224,10445.334,-0.102051787015961,27149,Top-left,8100,11500,8200,11000
8483.316,17863.334,0.020620087433262,49338,Bottom-left,6300,9700,15500,18200
8484.173,16609.58,0.0505629489011416,47190,Bottom-left,6300,9700,15500,18200
8486.02,17387.656,0.138729987455203,48533,Bottom-left,6300,9700,15500,18200
8486.117,16270.091,0.0768726716457801,46676,Bottom-left,6300,9700,15500,18200
8486.681,16300.068,0.109890127619203,46716,Bottom-left,6300,9700,15500,18200
8488,17275.996,-0.00406300066557502,48311,Bottom-left,6300,9700,15500,18200
8490.889,17241.248,0.235438500323922,48238,Bottom-left,6300,9700,15500,18200
8491.313,18115.58,-0.0790600195914493,59235,Bottom-left,6300,9700,15500,18200
8493.218,17821.104,0.0724759646017392,49257,Bottom-left,6300,9700,15500,18200
8495.027,17676.816,0.0691463957856912,49037,Bottom-left,6300,9700,15500,18200
8495.249,16725.09,-0.0305416334435585,47352,Bottom-left,6300,9700,15500,18200
8495.985,17572.969,0.0890491339330176,48857,Bottom-left,6300,9700,15500,18200
8496.68,8430.351,-0.05693563836613,24970,Top-left,8100,11500,8200,11000
8496.817,10613.277,0.0231750325947247,27306,Top-left,8100,11500,8200,11000
8499.406,15891.724,-0.0895652953398348,46153,Bottom-left,6300,9700,15500,18200
8499.742,17705.771,0.18495088854613,49085,Bottom-left,6300,9700,15500,18200
8499.767,16971.309,0.106691287365071,47779,Bottom-left,6300,9700,15500,18200
8500.025,17416.148,-0.0203564338915427,48576,Bottom-left,6300,9700,15500,18200
8502.425,10659.673,-0.0236207951836482,27403,Top-left,8100,11500,8200,11000
8502.575,10872.397,0.0971444341234047,27683,Top-left,8100,11500,8200,11000
8504.098,10796.389,0.0785585960253181,27587,Top-left,8100,11500,8200,11000
8504.359,16541.414,-0.0813840277497481,47085,Bottom-left,6300,9700,15500,18200
8504.37,9481.764,-0.0524534740223851,26034,Top-left,8100,11500,8200,11000
8504.426,9622.782,-0.144952277360759,26175,Top-left,8100,11500,8200,11000
8506.639,17194.914,0.0808273526972195,48169,Bottom-left,6300,9700,15500,18200
8506.753,10223.221,-0.166625473746106,26912,Top-left,8100,11500,8200,11000
8507.48,17519.545,0.110821412886531,48734,Bottom-left,6300,9700,15500,18200
8507.586,8329.45,-0.0749168213234903,24870,Top-left,8100,11500,8200,11000
8508.076,17765,-0.0287925471585371,49188,Bottom-left,6300,9700,15500,18200
8508.711,16142.732,0.0990865078543675,46479,Bottom-left,6300,9700,15500,18200
8509.577,15548.808,0.00983956205677417,45640,Bottom-left,6300,9700,15500,18200
8510.515,9172.658,-0.0228993003258952,25754,Top-left,8100,11500,8200,11000
8510.866,10420.503,-0.121015292192649,27123,Top-left,8100,11500,8200,11000
8511.336,16255.763,0.0425000510479672,46638,Bottom-left,6300,9700,15500,18200
8511.737,17309.225,0.0713008194996689,48390,Bottom-left,6300,9700,15500,18200
8511.804,16274.431,0.0959598404551734,46687,Bottom-left,6300,9700,15500,18200
8512.208,17610.33,0.0571175646043362,48939,Bottom-left,6300,9700,15500,18200
8513.264,17890.742,0.0412143221990954,49369,Bottom-left,6300,9700,15500,18200
8515.666,17800.242,0.000649455950944435,49246,Bottom-left,6300,9700,15500,18200
8515.997,16185.651,0.127020192739997,46549,Bottom-left,6300,9700,15500,18200
8516.229,18087.555,0.0398547042071529,59172,Bottom-left,6300,9700,15500,18200
8517.522,8475.012,-0.206743477717316,25024,Top-left,8100,11500,8200,11000
8517.752,17344.13,-0.0426476074453522,48437,Bottom-left,6300,9700,15500,18200
8517.89,16494.514,0.0080099567283149,47001,Bottom-left,6300,9700,15500,18200
8518.645,9209.962,-0.182930092849353,25785,Top-left,8100,11500,8200,11000
8520.22,17430.555,0.0854908595102331,48613,Bottom-left,6300,9700,15500,18200
8521.209,16724.465,-0.0274936352566483,47362,Bottom-left,6300,9700,15500,18200
8521.288,17164.297,0.168054296452683,48111,Bottom-left,6300,9700,15500,18200
8521.608,16568.473,-0.0534039075804161,47113,Bottom-left,6300,9700,15500,18200
8521.87,17043.242,-0.0500081082227226,47900,Bottom-left,6300,9700,15500,18200
8523.3955,17559.832,0.0424517015872919,48858,Bottom-left,6300,9700,15500,18200
8524.986,17374.22,0.1196262307814,48493,Bottom-left,6300,9700,15500,18200
8526.681,16346.594,-0.0513070201246114,46795,Bottom-left,6300,9700,15500,18200
8526.754,9334.884,0.00459598665763966,25906,Top-left,8100,11500,8200,11000
8527.379,17652.7,0.168580797471305,49006,Bottom-left,6300,9700,15500,18200
8529.296,16959.271,0.0873316430767902,47763,Bottom-left,6300,9700,15500,18200
8529.329,17250.75,0.0195849878838507,48278,Bottom-left,6300,9700,15500,18200
8529.621,16300.703,0.150879815224151,46717,Bottom-left,6300,9700,15500,18200
8530.468,10101.885,-0.144828677060612,26768,Top-left,8100,11500,8200,11000
8533.9,10586.819,0.091042558781209,27317,Top-left,8100,11500,8200,11000
8534.177,17481.19,0.0245909109311091,48702,Bottom-left,6300,9700,15500,18200
8534.519,17215.02,0.107558773070486,48194,Bottom-left,6300,9700,15500,18200
8536.069,16129,-0.0309574003283521,46461,Bottom-left,6300,9700,15500,18200
8536.094,16382.198,-0.0158034281396483,46840,Bottom-left,6300,9700,15500,18200
8537.235,17400.646,0.137160576804202,48548,Bottom-left,6300,9700,15500,18200
8537.345,16682.018,-0.0868106121095746,47300,Bottom-left,6300,9700,15500,18200
8538.044,8546.35,-0.175664092715282,25070,Top-left,8100,11500,8200,11000
8538.319,17284.172,0.249282956469979,48328,Bottom-left,6300,9700,15500,18200
8538.531,10816.145,0.108798074837826,27617,Top-left,8100,11500,8200,11000
8538.73,9275.68,0.0650376273940221,25842,Top-left,8100,11500,8200,11000
8540.076,16642.32,0.0472404092968883,47227,Bottom-left,6300,9700,15500,18200
8541.132,17602.596,0.0521640997997287,48921,Bottom-left,6300,9700,15500,18200
8541.198,18007.332,0.163392955159709,59084,Bottom-left,6300,9700,15500,18200
8542.745,17189.56,0.117057681828399,48154,Bottom-left,6300,9700,15500,18200
8542.759,16260.061,0.0750422007285342,46651,Bottom-left,6300,9700,15500,18200
8542.907,17778.352,0.0807481365182627,49206,Bottom-left,6300,9700,15500,18200
8543.322,16823.852,-0.0712236692869078,47528,Bottom-left,6300,9700,15500,18200
8543.434,10474.386,0.00290192285690491,27179,Top-left,8100,11500,8200,11000
8544.13,9967.944,-0.0269941263664468,26610,Top-left,8100,11500,8200,11000
8544.655,9450.888,-0.151515066657926,26012,Top-left,8100,11500,8200,11000
8544.926,10293.341,-0.170727951275874,26970,Top-left,8100,11500,8200,11000
8546.37,17427.754,0.260726390954613,48591,Bottom-left,6300,9700,15500,18200
8546.893,16791.34,0.122466527063674,47456,Bottom-left,6300,9700,15500,18200
8547.174,15680.712,-0.212652514706951,45819,Bottom-left,6300,9700,15500,18200
8548.474,17320.09,-0.0495751375887595,48398,Bottom-left,6300,9700,15500,18200
8549.162,16971.18,0.110349034968492,47780,Bottom-left,6300,9700,15500,18200
8552.3125,9668.746,-0.0975172568224999,26234,Top-left,8100,11500,8200,11000
8552.515,8676.933,-0.0639926085239793,25208,Top-left,8100,11500,8200,11000
8553.6875,16932.383,0.00714401546038894,47718,Bottom-left,6300,9700,15500,18200
8553.792,8744.448,-0.0716100935417094,25287,Top-left,8100,11500,8200,11000
8553.801,10701.195,0.102896023296998,27455,Top-left,8100,11500,8200,11000
8554.517,15932.669,-0.0514048948894152,46214,Bottom-left,6300,9700,15500,18200
8555.032,10540.349,-0.0112929239493533,27256,Top-left,8100,11500,8200,11000
8556.072,16197.238,0.0735206057520814,46555,Bottom-left,6300,9700,15500,18200
8557.887,17478.744,0.116935636044453,48682,Bottom-left,6300,9700,15500,18200
8558.058,17909.133,0.191881797298317,49398,Bottom-left,6300,9700,15500,18200
8558.434,10664.687,0.0356502234959048,27413,Top-left,8100,11500,8200,11000
8558.641,17214.812,0.179530732143581,48195,Bottom-left,6300,9700,15500,18200
8559.157,9624.717,-0.0731805035514125,26198,Top-left,8100,11500,8200,11000
8560.42,17342.043,0.304287459262539,48438,Bottom-left,6300,9700,15500,18200
8561.171,9205.61,-0.0857565311697657,25786,Top-left,8100,11500,8200,11000
8563.05,16869.424,0.0159257635613757,47615,Bottom-left,6300,9700,15500,18200
8564.444,16469.643,-0.035936990352671,46954,Bottom-left,6300,9700,15500,18200
8566.801,16148.257,0.206577133307482,46491,Bottom-left,6300,9700,15500,18200
8569.076,15725.018,0.0755310315970627,45900,Bottom-left,6300,9700,15500,18200
8570.736,17816.62,0.0409086511005997,49262,Bottom-left,6300,9700,15500,18200
8570.802,17294.867,0.110011305014612,48349,Bottom-left,6300,9700,15500,18200
8571.642,18198.682,-0.138039539337636,59355,Bottom-left,6300,9700,15500,18200
8573.032,17380.643,-0.0222979876490926,48510,Bottom-left,6300,9700,15500,18200
8573.92,17261.19,0.106542384762142,48287,Bottom-left,6300,9700,15500,18200
8574.7,10444.979,-0.052352960812803,27134,Top-left,8100,11500,8200,11000
8574.72,15600.221,-0.223871091735446,45721,Bottom-left,6300,9700,15500,18200
8574.732,16903.12,0.0476089331109509,47668,Bottom-left,6300,9700,15500,18200
8576.291,10731.102,0.093584707412699,27487,Top-left,8100,11500,8200,11000
8576.777,10970.887,-0.137901146917204,27806,Top-left,8100,11500,8200,11000
8577.055,17440.871,0.239902607138823,48620,Bottom-left,6300,9700,15500,18200
8577.267,9134.647,-0.176002562705946,25716,Top-left,8100,11500,8200,11000
8577.972,17630.984,0.271961006070325,48959,Bottom-left,6300,9700,15500,18200
8578.05,18002.336,0.144409641921816,59085,Bottom-left,6300,9700,15500,18200
8578.471,10809.476,-0.0283735613468483,27604,Top-left,8100,11500,8200,11000
8578.879,16076.779,0.217118951813331,46388,Bottom-left,6300,9700,15500,18200
8579.222,17844.14,0.218849016022997,49299,Bottom-left,6300,9700,15500,18200
8579.656,16807.316,-0.00348970722450864,47505,Bottom-left,6300,9700,15500,18200
8581.49,16384.248,0.04524543124913,46860,Bottom-left,6300,9700,15500,18200
8581.626,15816.186,0.0154558930265242,46055,Bottom-left,6300,9700,15500,18200
8581.711,17324.969,0.0555785805622415,48406,Bottom-left,6300,9700,15500,18200
8582.107,16580.887,-0.0159206010058896,47142,Bottom-left,6300,9700,15500,18200
8582.225,16940.336,0.118544829670089,47738,Bottom-left,6300,9700,15500,18200
8582.596,18051.572,-0.0240959403651149,59152,Bottom-left,6300,9700,15500,18200
8583.891,17206.463,-0.0313903709623152,48184,Bottom-left,6300,9700,15500,18200
8584.33,16505.068,0.0535413791943292,47025,Bottom-left,6300,9700,15500,18200
8584.5,16259.695,-0.00368025038868508,46660,Bottom-left,6300,9700,15500,18200
8586.478,17710.85,0.168680496121523,49102,Bottom-left,6300,9700,15500,18200
8586.632,10529.898,-0.145261647694575,27244,Top-left,8100,11500,8200,11000
8586.691,17468.559,0.0229117847656159,48683,Bottom-left,6300,9700,15500,18200
8589.292,16608.682,-0.104562408102056,47191,Bottom-left,6300,9700,15500,18200
8589.51,10159.82,-0.104376999168748,26825,Top-left,8100,11500,8200,11000
8590.128,16421.807,0.143035890149407,46900,Bottom-left,6300,9700,15500,18200
8591.158,15843.714,-0.0543378145623521,46089,Bottom-left,6300,9700,15500,18200
8593.34,17243.195,0.246457308741726,48250,Bottom-left,6300,9700,15500,18200
8595.072,17884.094,-0.0374519598377966,49361,Bottom-left,6300,9700,15500,18200
8595.579,16165.722,0.183329281581583,46506,Bottom-left,6300,9700,15500,18200
8597.119,17521.201,0.0284299215118065,48786,Bottom-left,6300,9700,15500,18200
8599.383,17396.305,0.0548577733461592,48558,Bottom-left,6300,9700,15500,18200
8601.642,10602.714,-0.0906990857404468,27334,Top-left,8100,11500,8200,11000
8603.435,9026.181,-0.0883478730649517,25594,Top-left,8100,11500,8200,11000
8604.318,15896.773,-0.0482762256868708,46166,Bottom-left,6300,9700,15500,18200
8605.85,17367.361,0.0937689269799844,48479,Bottom-left,6300,9700,15500,18200
8608.552,18071.871,-0.0590709009150487,59177,Bottom-left,6300,9700,15500,18200
8609.94,16242.961,0.11273552606978,46626,Bottom-left,6300,9700,15500,18200
8610.154,18145.531,-0.00930886863020362,59306,Bottom-left,6300,9700,15500,18200
8611.277,16259.449,0.13653304982001,46669,Bottom-left,6300,9700,15500,18200
8611.854,17758.21,0.189821221723458,49176,Bottom-left,6300,9700,15500,18200
8611.857,17282.035,0.100860791115567,48329,Bottom-left,6300,9700,15500,18200
8613.997,17154.994,-0.0123079833556651,48082,Bottom-left,6300,9700,15500,18200
8616.307,16429.336,0.0080099567283149,46895,Bottom-left,6300,9700,15500,18200
8616.377,17799.732,0.0596782963420449,49250,Bottom-left,6300,9700,15500,18200
8616.456,16848.266,-0.0244628408189076,47579,Bottom-left,6300,9700,15500,18200
8617.108,16344.283,-0.00646938034696379,46781,Bottom-left,6300,9700,15500,18200
8617.551,17455.715,0.0472088675554117,48661,Bottom-left,6300,9700,15500,18200
8618.392,10666.572,0.107459310919503,27414,Top-left,8100,11500,8200,11000
8618.596,9199.525,-0.108468203245636,25767,Top-left,8100,11500,8200,11000
8619.259,16884.004,-0.0512093970505268,47649,Bottom-left,6300,9700,15500,18200
8619.913,17931.354,-0.0569356383661301,49417,Bottom-left,6300,9700,15500,18200
8621.612,9935.579,0.1163249516354,26546,Top-left,8100,11500,8200,11000
8622.044,17425.955,0.101391079901561,48603,Bottom-left,6300,9700,15500,18200
8622.084,17126.348,0.0537148256836972,48035,Bottom-left,6300,9700,15500,18200
8622.441,16991.357,0.0521554949865573,47801,Bottom-left,6300,9700,15500,18200
8624.5625,10133.719,-0.00783836688641282,26804,Top-left,8100,11500,8200,11000
8624.738,9512.741,-0.209372342705356,26066,Top-left,8100,11500,8200,11000
8625.681,18166.3,-0.0592424882156288,59343,Bottom-left,6300,9700,15500,18200
8625.8545,17501.043,0.0520470599158449,48735,Bottom-left,6300,9700,15500,18200
8627.658,16201.216,-0.00108242658490734,46569,Bottom-left,6300,9700,15500,18200
8628.6455,17615.117,0.0825622135704571,48932,Bottom-left,6300,9700,15500,18200
8629.066,8653.472,-0.0220478130402927,25177,Top-left,8100,11500,8200,11000
8630.3545,10532.75,-0.141364911988908,27247,Top-left,8100,11500,8200,11000
8631.629,10823.2705,0.168759969024183,27624,Top-left,8100,11500,8200,11000
8631.878,17247.477,0.00973785034964882,48255,Bottom-left,6300,9700,15500,18200
8631.96,15505.3125,0.0644321849717442,45569,Bottom-left,6300,9700,15500,18200
8632.3125,16610.086,-0.00510797514299366,47192,Bottom-left,6300,9700,15500,18200
8632.762,15860.153,0.00330807569995875,46120,Bottom-left,6300,9700,15500,18200
8634.382,16166.788,0.00411322102264814,46520,Bottom-left,6300,9700,15500,18200
8634.72,16910.744,0.0274936352566483,47683,Bottom-left,6300,9700,15500,18200
8635.182,8200.701,-0.119258777031161,24737,Top-left,8100,11500,8200,11000
8635.672,17385.867,0.00590483399112637,48522,Bottom-left,6300,9700,15500,18200
8636.107,8535.931,-0.145269546714532,25085,Top-left,8100,11500,8200,11000
8637.027,15957.052,-0.0283595765245742,46259,Bottom-left,6300,9700,15500,18200
8637.314,9889.945,-0.0145045162377593,26505,Top-left,8100,11500,8200,11000
8637.944,17817.973,0.0599238610915502,49270,Bottom-left,6300,9700,15500,18200
8638.161,17293.7,0.0818980089484087,48350,Bottom-left,6300,9700,15500,18200
8638.44,17877.436,0.162995437361598,49355,Bottom-left,6300,9700,15500,18200
8638.886,16778.303,0.000607117111656396,47442,Bottom-left,6300,9700,15500,18200
8639.134,17315.617,0.0674758029471871,48399,Bottom-left,6300,9700,15500,18200
8639.318,17965.248,0.109474152455336,49494,Bottom-left,6300,9700,15500,18200
8639.431,17666.777,0.0266897334373907,49030,Bottom-left,6300,9700,15500,18200
8642.446,17212.844,-0.0409157249095003,48185,Bottom-left,6300,9700,15500,18200
8643.092,8755.935,-0.0504196386879446,25313,Top-left,8100,11500,8200,11000
8643.3125,16712.795,-0.0993667604945006,47338,Bottom-left,6300,9700,15500,18200
8644.305,17528.234,0.109611634529293,48787,Bottom-left,6300,9700,15500,18200
8644.373,17594.004,0.175580190457813,48912,Bottom-left,6300,9700,15500,18200
8647.931,16079.31,0.0544887486790892,46392,Bottom-left,6300,9700,15500,18200
8648.345,17452.105,0.235597446274721,48647,Bottom-left,6300,9700,15500,18200
8649.249,16420.484,-0.0461113725170558,46901,Bottom-left,6300,9700,15500,18200
8649.364,10351.564,-0.128911566309055,27052,Top-left,8100,11500,8200,11000
8649.371,17150.465,0.0209990757472038,48083,Bottom-left,6300,9700,15500,18200
8649.423,9739.264,-0.0199005322493478,26320,Top-left,8100,11500,8200,11000
8651.647,15726.288,-0.036814479192677,45901,Bottom-left,6300,9700,15500,18200
8651.671,15559.074,0.276836522983213,45656,Bottom-left,6300,9700,15500,18200
8652.498,17409.77,0.189628743342941,48565,Bottom-left,6300,9700,15500,18200
8657.934,17838.06,-0.0101748098981297,49300,Bottom-left,6300,9700,15500,18200
8658.497,17271.652,0.0132689665295541,48312,Bottom-left,6300,9700,15500,18200
8658.769,18147.977,-0.0187835423287444,59302,Bottom-left,6300,9700,15500,18200
8659.785,9586.264,-0.21756774356639,26131,Top-left,8100,11500,8200,11000
8660.528,8848.221,-0.00173420381922336,25401,Top-left,8100,11500,8200,11000
8661.074,18024.281,-0.0191161940550276,59123,Bottom-left,6300,9700,15500,18200
8661.522,16318.56,0.0296584884264632,46748,Bottom-left,6300,9700,15500,18200
8663.492,16946.393,-0.0188342225773889,47726,Bottom-left,6300,9700,15500,18200
8663.694,9938.317,-0.0432128906776007,26573,Top-left,8100,11500,8200,11000
8665.435,16215.668,-0.000649455950944435,46583,Bottom-left,6300,9700,15500,18200
8666.124,17680.693,0.14873606601955,49058,Bottom-left,6300,9700,15500,18200
8666.156,16818.111,0.00651274520584912,47519,Bottom-left,6300,9700,15500,18200
8666.208,10764.103,-0.140533406975304,27543,Top-left,8100,11500,8200,11000
8666.402,16473.723,0.0145045162377593,46979,Bottom-left,6300,9700,15500,18200
8667.161,18079.488,-0.0119066924339817,59193,Bottom-left,6300,9700,15500,18200
8667.3955,17332.879,-0.0143169922109486,48416,Bottom-left,6300,9700,15500,18200
8667.584,17716.229,-0.0337598543598421,49103,Bottom-left,6300,9700,15500,18200
8667.88,9998.0625,0.0455617108477166,26653,Top-left,8100,11500,8200,11000
8668.288,16154.612,0.0978959696991673,46496,Bottom-left,6300,9700,15500,18200
8668.758,9258.377,-0.0954700247888339,25828,Top-left,8100,11500,8200,11000
8668.8125,10711.304,-0.0638766132670971,27468,Top-left,8100,11500,8200,11000
8669.068,18115.543,-0.0329146843965013,59248,Bottom-left,6300,9700,15500,18200
8669.123,17207.791,0.159126345708242,48196,Bottom-left,6300,9700,15500,18200
8669.731,16679.225,-0.0309574003283521,47301,Bottom-left,6300,9700,15500,18200
8670.069,17163.55,0.0888628328214806,48103,Bottom-left,6300,9700,15500,18200
8670.307,10681.602,0.0159199090076714,27434,Top-left,8100,11500,8200,11000
8670.351,15866.395,0.177251180142866,46129,Bottom-left,6300,9700,15500,18200
8670.663,16262.282,0.018401251943426,46661,Bottom-left,6300,9700,15500,18200
8671.343,17774.191,0.0598125243887521,49196,Bottom-left,6300,9700,15500,18200
8671.446,15902.016,-0.0513070201246114,46185,Bottom-left,6300,9700,15500,18200
8672.041,16189.674,-0.00108242658490734,46550,Bottom-left,6300,9700,15500,18200
8673.368,10401.44,-0.0496574734878969,27096,Top-left,8100,11500,8200,11000
8673.783,10093.161,-0.0591004915359448,26757,Top-left,8100,11500,8200,11000
8674.265,17495.607,0.150321645447889,48713,Bottom-left,6300,9700,15500,18200
8674.271,16408.691,0.205846850513552,46875,Bottom-left,6300,9700,15500,18200
8674.642,16616.893,0.0465153720475249,47206,Bottom-left,6300,9700,15500,18200
8674.851,17956.889,0.0719999113750782,49486,Bottom-left,6300,9700,15500,18200
8675.649,10216.6455,-0.0164029805359327,26905,Top-left,8100,11500,8200,11000
8676.87,17062.783,0.208893345917646,47907,Bottom-left,6300,9700,15500,18200
8676.947,15536.38,0.141935480007754,45633,Bottom-left,6300,9700,15500,18200
8678.366,9438.9375,-0.139906564473012,25989,Top-left,8100,11500,8200,11000
8679.894,9685.274,-0.150457295302131,26249,Top-left,8100,11500,8200,11000
8680.378,16786.613,-0.0768514077262576,47457,Bottom-left,6300,9700,15500,18200
8680.817,8927.452,-0.200248918207871,25478,Top-left,8100,11500,8200,11000
8681.661,16984.967,0.0101748098981297,47807,Bottom-left,6300,9700,15500,18200
8684.373,17530.209,0.0798413889242555,48796,Bottom-left,6300,9700,15500,18200
8684.509,9372.81,0.0609127226497146,25937,Top-left,8100,11500,8200,11000
8685.308,16644,0.0119271530917695,47251,Bottom-left,6300,9700,15500,18200
8685.888,17191.549,0.148091061591039,48155,Bottom-left,6300,9700,15500,18200
8687.255,16329.838,0.0201331344792778,46775,Bottom-left,6300,9700,15500,18200
8687.798,17580.105,0.0535156120775692,48883,Bottom-left,6300,9700,15500,18200
8688.124,17611.803,0.234801632207748,48940,Bottom-left,6300,9700,15500,18200
8689.021,16283.498,0.155219287492405,46690,Bottom-left,6300,9700,15500,18200
8689.345,16846.44,-0.000918894578146114,47564,Bottom-left,6300,9700,15500,18200
8689.468,16557.822,0.0231639289170186,47099,Bottom-left,6300,9700,15500,18200
8693.563,17832.232,-0.0634301978755745,49290,Bottom-left,6300,9700,15500,18200
8694.377,16203.54,0.0162363987736112,46570,Bottom-left,6300,9700,15500,18200
8695.098,17861.531,0.0956417927573024,49327,Bottom-left,6300,9700,15500,18200
8695.13,16718.814,0.0209990757472038,47341,Bottom-left,6300,9700,15500,18200
8695.877,16120.003,0.22434658325762,46448,Bottom-left,6300,9700,15500,18200
8696.099,17279.271,-0.0465443431510189,48330,Bottom-left,6300,9700,15500,18200
8697.615,10112.333,-0.0972019073246858,26793,Top-left,8100,11500,8200,11000
8697.816,9726.264,-0.0417816661774263,26305,Top-left,8100,11500,8200,11000
8698.055,16238.311,0.186519308321444,46615,Bottom-left,6300,9700,15500,18200
8698.128,16258.374,0.00368025038868523,46662,Bottom-left,6300,9700,15500,18200
8698.552,17009.271,0.0324945562776325,47845,Bottom-left,6300,9700,15500,18200
8699.48,17726.256,0.00194836785283346,49131,Bottom-left,6300,9700,15500,18200
8699.634,17167.406,-0.0331222534981669,48118,Bottom-left,6300,9700,15500,18200
8700.036,9944.392,0.025710618129396,26574,Top-left,8100,11500,8200,11000
8700.307,17410.76,0.223229290197173,48566,Bottom-left,6300,9700,15500,18200
8700.893,8547.573,-0.177734445241797,25086,Top-left,8100,11500,8200,11000
8702.854,17309.355,0.0105020949059167,48379,Bottom-left,6300,9700,15500,18200
8704.551,17220.3,0.220738602918742,48217,Bottom-left,6300,9700,15500,18200
8704.572,16514.895,0.0600921785368796,47051,Bottom-left,6300,9700,15500,18200
8704.802,17767.986,0.0370202846008895,49192,Bottom-left,6300,9700,15500,18200
8705.546,17896.469,-0.0183778657169662,49375,Bottom-left,6300,9700,15500,18200
8705.723,9969.92,-0.0365860185698706,26618,Top-left,8100,11500,8200,11000
8706.474,16581.154,0.0824059754348074,47137,Bottom-left,6300,9700,15500,18200
8706.67,16339.792,0.00627807419246297,46788,Bottom-left,6300,9700,15500,18200
8707.153,8369.233,-0.114953703317167,24897,Top-left,8100,11500,8200,11000
8707.96,9422.515,-0.0131632756416083,25990,Top-left,8100,11500,8200,11000
8710.116,16543.889,-0.00800995672831475,47086,Bottom-left,6300,9700,15500,18200
8710.431,10803.367,0.0176939003862929,27582,Top-left,8100,11500,8200,11000
8711.128,17963.94,0.13964874784076,49495,Bottom-left,6300,9700,15500,18200
8711.913,17191.031,0.15475352353305,48156,Bottom-left,6300,9700,15500,18200
8712.499,17507.201,0.125542945874478,48749,Bottom-left,6300,9700,15500,18200
8713.598,16865.146,0.160886759628475,47592,Bottom-left,6300,9700,15500,18200
8713.633,15925.153,0.0114737218000186,46223,Bottom-left,6300,9700,15500,18200
8721.701,16383.47,0.0491421669547966,46855,Bottom-left,6300,9700,15500,18200
8721.775,15506.485,0.00529498010792674,45570,Bottom-left,6300,9700,15500,18200
8723.103,17588.332,0.134008716078473,48884,Bottom-left,6300,9700,15500,18200
8723.83,16077.703,0.0979738819586342,46396,Bottom-left,6300,9700,15500,18200
8724.472,17008.742,0.0965879316591397,47835,Bottom-left,6300,9700,15500,18200
8724.934,15980.411,0.0578421287137448,46276,Bottom-left,6300,9700,15500,18200
8725.465,8832.225,-0.0399459241873691,25373,Top-left,8100,11500,8200,11000
8725.639,15651.067,-0.0182778079693287,45800,Bottom-left,6300,9700,15500,18200
8726.121,17724.186,0.0979857465174032,49132,Bottom-left,6300,9700,15500,18200
8727.136,8622.644,-0.0829854368822828,25158,Top-left,8100,11500,8200,11000
8727.917,16174.251,0.152356378377136,46531,Bottom-left,6300,9700,15500,18200
8729.038,18092.604,-0.0764193168944633,59201,Bottom-left,6300,9700,15500,18200
8729.895,17176.941,0.232574642045012,48128,Bottom-left,6300,9700,15500,18200
8730.257,15549.287,0.060190009829882,45653,Bottom-left,6300,9700,15500,18200
8730.43,17146.95,0.244553677798768,48073,Bottom-left,6300,9700,15500,18200
8730.932,17681.082,0.0330841408465914,49059,Bottom-left,6300,9700,15500,18200
8731.256,10216.844,-0.0639328527463316,26909,Top-left,8100,11500,8200,11000
8732.217,17259.436,0.0576470223506995,48288,Bottom-left,6300,9700,15500,18200
8732.517,10971.74,-0.0644127725087317,27799,Top-left,8100,11500,8200,11000
8732.533,16941.17,0.0822941693987897,47727,Bottom-left,6300,9700,15500,18200
8733.175,17336.363,0.106652756355377,48427,Bottom-left,6300,9700,15500,18200
8733.315,8422.476,-0.134870352479464,24958,Top-left,8100,11500,8200,11000
8733.73,17763.416,-0.0305244296943892,49177,Bottom-left,6300,9700,15500,18200
8734.095,16258.583,0.0941220954338947,46663,Bottom-left,6300,9700,15500,18200
8734.442,10058.834,-0.0296584884264632,26728,Top-left,8100,11500,8200,11000
8735.203,17370.79,0.163046424642747,48480,Bottom-left,6300,9700,15500,18200
8735.256,17808.598,-0.0153704575056852,49263,Bottom-left,6300,9700,15500,18200
8735.84,17065.012,0.0898780443798462,47940,Bottom-left,6300,9700,15500,18200
8736.308,18120.248,-0.141797882622871,59256,Bottom-left,6300,9700,15500,18200
8736.921,9308.004,-0.0803160526001302,25878,Top-left,8100,11500,8200,11000
8737.698,10775.322,-0.0973575825634694,27558,Top-left,8100,11500,8200,11000
8737.804,9407.215,0.0199506283371214,25967,Top-left,8100,11500,8200,11000
8737.973,10115.153,0.0328944359623816,26794,Top-left,8100,11500,8200,11000
8738.915,10578.948,-0.0622400783965396,27298,Top-left,8100,11500,8200,11000
8739.192,16736.186,-0.00324727975472217,47372,Bottom-left,6300,9700,15500,18200
8739.856,10244.232,0.0511534130979539,26940,Top-left,8100,11500,8200,11000
8739.971,17539.178,0.114219148061619,48815,Bottom-left,6300,9700,15500,18200
8740.004,17108.412,0.208622518960755,47999,Bottom-left,6300,9700,15500,18200
8742.584,17836.234,-0.0158034281396481,49301,Bottom-left,6300,9700,15500,18200
8743.503,16975.906,0.0562166991383777,47786,Bottom-left,6300,9700,15500,18200
8744.107,9646.093,-0.144395706426649,26218,Top-left,8100,11500,8200,11000
8744.3955,17895.254,0.196041950277322,49376,Bottom-left,6300,9700,15500,18200
8745.702,16095.601,0.164793601154876,46430,Bottom-left,6300,9700,15500,18200
8745.874,16513.64,0.0748748442889623,47039,Bottom-left,6300,9700,15500,18200
8748.888,17750.072,0.0206501368919391,49162,Bottom-left,6300,9700,15500,18200
8749.366,17580.305,-0.0080099567283149,48885,Bottom-left,6300,9700,15500,18200
8749.912,17422.57,0.0508986051634578,48604,Bottom-left,6300,9700,15500,18200
8750.242,9489.046,0.0163587396318855,26048,Top-left,8100,11500,8200,11000
8750.532,9434.482,-0.0337713136968764,25994,Top-left,8100,11500,8200,11000
8750.878,15618.592,0.0794904510208762,45758,Bottom-left,6300,9700,15500,18200
8751.227,16427.27,0.217142969567528,46917,Bottom-left,6300,9700,15500,18200
8752.178,9022.715,-0.118583934703625,25590,Top-left,8100,11500,8200,11000
8752.757,16464.125,-0.0175353106755001,46966,Bottom-left,6300,9700,15500,18200
8753.306,16340.86,0.0153704575056852,46782,Bottom-left,6300,9700,15500,18200
8753.465,15804.625,-0.0810641445008679,45995,Bottom-left,6300,9700,15500,18200
8753.625,8793.831,0.0498126399155471,25335,Top-left,8100,11500,8200,11000
8755.427,17160.58,-0.0201331344792779,48104,Bottom-left,6300,9700,15500,18200
8756.037,17628.592,0.0411786481390679,48960,Bottom-left,6300,9700,15500,18200
8757.093,17086.203,0.0896410944008249,47972,Bottom-left,6300,9700,15500,18200
8758.411,17244.99,0.11795794378742,48251,Bottom-left,6300,9700,15500,18200
8758.449,16613.39,0.0464711983351873,47193,Bottom-left,6300,9700,15500,18200
8758.854,16530.098,0.0363757268198632,47073,Bottom-left,6300,9700,15500,18200
8759.121,17053.467,0.0931824848131064,47901,Bottom-left,6300,9700,15500,18200
8760.119,10633.471,0.0668697941040426,27367,Top-left,8100,11500,8200,11000
8762.152,17114.152,0.232812846124683,48019,Bottom-left,6300,9700,15500,18200
8764.149,17206.898,0.106903378540254,48186,Bottom-left,6300,9700,15500,18200
8764.238,16266.446,0.309042611899586,46670,Bottom-left,6300,9700,15500,18200
8764.256,10390.578,-0.114160625134971,27078,Top-left,8100,11500,8200,11000
8765.234,17367.422,0.0896597374683146,48481,Bottom-left,6300,9700,15500,18200
8765.397,8348.11,-0.107160231905834,24888,Top-left,8100,11500,8200,11000
8765.532,16640.047,-0.0127726337019075,47245,Bottom-left,6300,9700,15500,18200
8766.06,16401.51,0.0374519598377966,46876,Bottom-left,6300,9700,15500,18200
8767.3,16805.344,0.144927584348521,47495,Bottom-left,6300,9700,15500,18200
8767.779,16909.23,-0.0833468470378709,47676,Bottom-left,6300,9700,15500,18200
8768.993,17503.54,0.246726302635775,48750,Bottom-left,6300,9700,15500,18200
8769.731,16321.664,-0.0106077805320926,46749,Bottom-left,6300,9700,15500,18200
8769.9795,10859.994,-0.198439593270917,27656,Top-left,8100,11500,8200,11000
8771.709,17843.924,0.0758607992924485,49316,Bottom-left,6300,9700,15500,18200
8772.335,16140.038,0.0119066924339815,46480,Bottom-left,6300,9700,15500,18200
8772.784,17445.178,0.0704854019430862,48638,Bottom-left,6300,9700,15500,18200
8774.028,18124.398,-0.192455446796538,59257,Bottom-left,6300,9700,15500,18200
8775.43,17915.65,0.306917903765113,49399,Bottom-left,6300,9700,15500,18200
8778.329,9588.679,-0.0744718775690586,26158,Top-left,8100,11500,8200,11000
8778.444,10204.165,-0.0945178337434251,26902,Top-left,8100,11500,8200,11000
8779.976,16454.229,-0.0469773137849819,46955,Bottom-left,6300,9700,15500,18200
8780.051,16348.31,0.0425144615873356,46796,Bottom-left,6300,9700,15500,18200
8780.144,10757.903,-0.0627166908884184,27515,Top-left,8100,11500,8200,11000
8780.801,17059.8,0.152960463754689,47916,Bottom-left,6300,9700,15500,18200
8784.687,17158.285,0.0628272635257866,48095,Bottom-left,6300,9700,15500,18200
8786.853,17781.95,0.0838877847688172,49215,Bottom-left,6300,9700,15500,18200
8787.455,17541.5,0.129330318205115,48832,Bottom-left,6300,9700,15500,18200
8787.503,16893.695,0.0831439523634977,47657,Bottom-left,6300,9700,15500,18200
8787.61,17691.58,0.0465148986800073,49067,Bottom-left,6300,9700,15500,18200
8787.765,15535.204,0.057920576889113,45623,Bottom-left,6300,9700,15500,18200
8788.213,17744.69,0.00950171627460843,49149,Bottom-left,6300,9700,15500,18200
8788.262,15583.6,0.0185966415903194,45700,Bottom-left,6300,9700,15500,18200
8788.283,17330.324,0.26244417740425,48400,Bottom-left,6300,9700,15500,18200
8788.45,17133.822,0.0806453427622345,48036,Bottom-left,6300,9700,15500,18200
8788.451,15932.648,0.0153704575056852,46231,Bottom-left,6300,9700,15500,18200
8789.869,16574.066,0.0500214905950533,47122,Bottom-left,6300,9700,15500,18200
8790.504,17606.367,-0.0158786525577666,48922,Bottom-left,6300,9700,15500,18200
8790.905,15845.283,0.0482216452271906,46080,Bottom-left,6300,9700,15500,18200
8791.647,9234.143,-0.0632060992994029,25798,Top-left,8100,11500,8200,11000
8792.169,17264.57,0.080115737698232,48304,Bottom-left,6300,9700,15500,18200
8792.437,16650.004,0.0838329479247405,47258,Bottom-left,6300,9700,15500,18200
8794.959,16243.17,0.106933131802932,46620,Bottom-left,6300,9700,15500,18200
8795.049,17228.955,0.0745760126366679,48252,Bottom-left,6300,9700,15500,18200
8796.873,16746.05,0.00844292736227781,47400,Bottom-left,6300,9700,15500,18200
8796.995,16310.305,0.103574691193,46728,Bottom-left,6300,9700,15500,18200
8797.049,16125.943,0.120573399331182,46462,Bottom-left,6300,9700,15500,18200
8798.508,16420.246,0.106833014172756,46896,Bottom-left,6300,9700,15500,18200
8799.978,16620.469,0.084844823619293,47207,Bottom-left,6300,9700,15500,18200
8800.151,16381.996,0.0110407511660557,46841,Bottom-left,6300,9700,15500,18200
8802.194,17083,0.10235812332297,47973,Bottom-left,6300,9700,15500,18200
8802.399,18094.441,0.0278861746074022,59202,Bottom-left,6300,9700,15500,18200
8802.692,9642.563,-0.000398191413219098,26219,Top-left,8100,11500,8200,11000
8806.138,17174.637,0.168317991429125,48129,Bottom-left,6300,9700,15500,18200
8806.625,9444.577,-0.0591894646213055,26013,Top-left,8100,11500,8200,11000
8806.747,10679.011,-0.0582345502680188,27435,Top-left,8100,11500,8200,11000
8806.969,17965.969,0.10397575467702,49496,Bottom-left,6300,9700,15500,18200
8807.245,16492.516,-0.00930886863020377,47010,Bottom-left,6300,9700,15500,18200
8808.282,8742.145,0.0285497489021177,25288,Top-left,8100,11500,8200,11000
8808.396,16336.661,0.0292255177925002,46776,Bottom-left,6300,9700,15500,18200
8808.593,17936.041,0.0477317499599521,49446,Bottom-left,6300,9700,15500,18200
8810.519,9321.845,-0.207176448351279,25883,Top-left,8100,11500,8200,11000
8810.848,16802.22,0.0296584884264632,47491,Bottom-left,6300,9700,15500,18200
8810.855,16980.713,-0.095902995422797,47794,Bottom-left,6300,9700,15500,18200
8811.175,17063.06,0.107178420976784,47931,Bottom-left,6300,9700,15500,18200
8817.131,16881.326,0.0794920157906529,47650,Bottom-left,6300,9700,15500,18200
8817.191,17528.338,0.0470301046052632,48788,Bottom-left,6300,9700,15500,18200
8817.306,10721.854,-0.121015292192649,27488,Top-left,8100,11500,8200,11000
8817.727,17452.932,0.104915775788027,48648,Bottom-left,6300,9700,15500,18200
8817.753,15570.598,0.134134613264089,45680,Bottom-left,6300,9700,15500,18200
8818.04,16211.417,0.0240298701849446,46576,Bottom-left,6300,9700,15500,18200
8819.126,9566.628,0.0035010721963664,26132,Top-left,8100,11500,8200,11000
8819.872,10818.518,0.0836675360965807,27625,Top-left,8100,11500,8200,11000
8821.189,15961.457,0.0240298701849446,46267,Bottom-left,6300,9700,15500,18200
8822.207,17269.332,0.0589269847981081,48305,Bottom-left,6300,9700,15500,18200
8822.802,16566.809,0.00411322102264814,47114,Bottom-left,6300,9700,15500,18200
8823.356,10131.092,-0.0246396130436526,26805,Top-left,8100,11500,8200,11000
8823.775,16270.587,0.00411322102264814,46683,Bottom-left,6300,9700,15500,18200
8823.951,16427.254,0.159144671995161,46918,Bottom-left,6300,9700,15500,18200
8824.019,8507.445,-0.130107675505871,25048,Top-left,8100,11500,8200,11000
8824.49,17608.176,0.218936014388411,48933,Bottom-left,6300,9700,15500,18200
8826.638,16398.844,0.0296584884264632,46877,Bottom-left,6300,9700,15500,18200
8827.1875,17311.555,0.205707283470782,48380,Bottom-left,6300,9700,15500,18200
8827.812,17777.598,0.0760739977388512,49197,Bottom-left,6300,9700,15500,18200
8828.592,8349.457,-0.104129437468093,24881,Top-left,8100,11500,8200,11000
8828.857,10545.417,-0.177855016072386,27257,Top-left,8100,11500,8200,11000
8828.893,9782.261,-0.0653879009386503,26368,Top-left,8100,11500,8200,11000
8830.384,17195.11,0.283136365968225,48159,Bottom-left,6300,9700,15500,18200
8831.1,16622.336,0.0506896104113789,47208,Bottom-left,6300,9700,15500,18200
8832.017,18151.43,-0.0525118065092082,59303,Bottom-left,6300,9700,15500,18200
8833.431,10329.002,-0.0690659464713596,27025,Top-left,8100,11500,8200,11000
8833.566,16249.957,0.0524773082832188,46634,Bottom-left,6300,9700,15500,18200
8833.707,16993.518,0.10210315094192,47808,Bottom-left,6300,9700,15500,18200
8834.384,16095.384,0.0326610350308435,46431,Bottom-left,6300,9700,15500,18200
8835.104,10895.102,-0.150890265936094,27720,Top-left,8100,11500,8200,11000
8835.86,17221.168,0.0573526860050344,48228,Bottom-left,6300,9700,15500,18200
8836.364,18040.248,-0.0612653447057596,59128,Bottom-left,6300,9700,15500,18200
8836.435,16954.379,0.0301063690550103,47752,Bottom-left,6300,9700,15500,18200
8836.712,17513.32,0.245875444242087,48766,Bottom-left,6300,9700,15500,18200
8837.218,17474.982,0.0833601284467357,48684,Bottom-left,6300,9700,15500,18200
8838.037,17433.008,0.288981653467004,48605,Bottom-left,6300,9700,15500,18200
8838.591,17808.996,0.017968281309463,49264,Bottom-left,6300,9700,15500,18200
8838.595,10475.269,-0.150427018799239,27180,Top-left,8100,11500,8200,11000
8838.63,17035.443,-0.0110407511660557,47889,Bottom-left,6300,9700,15500,18200
8839.223,16589.97,0.163940798522427,47163,Bottom-left,6300,9700,15500,18200
8841.448,17372.043,0.0958462780400905,48474,Bottom-left,6300,9700,15500,18200
8843.442,17874.785,0.145548385831113,49348,Bottom-left,6300,9700,15500,18200
8844.181,8997.485,-0.174982326291218,25564,Top-left,8100,11500,8200,11000
8844.208,17680.38,-0.0353185143545044,49038,Bottom-left,6300,9700,15500,18200
8844.436,10953.959,-0.0639644304254515,27773,Top-left,8100,11500,8200,11000
8844.479,17062.203,0.144465336112613,47941,Bottom-left,6300,9700,15500,18200
8844.563,9478.037,-0.0982976971024983,26045,Top-left,8100,11500,8200,11000
8845.712,15631.274,0.115526751783238,45769,Bottom-left,6300,9700,15500,18200
8846.137,15809.508,-0.0185277229569593,46020,Bottom-left,6300,9700,15500,18200
8846.774,16500.19,0.143727504967069,47002,Bottom-left,6300,9700,15500,18200
8847.056,17274.045,0.142564765719254,48296,Bottom-left,6300,9700,15500,18200
8847.692,16183.763,-0.0205661051132408,46537,Bottom-left,6300,9700,15500,18200
8849.482,10816.847,-0.0526616211538006,27609,Top-left,8100,11500,8200,11000
8849.508,8440.9375,-0.121015292192649,24976,Top-left,8100,11500,8200,11000
8850.7295,17785.021,0.0893162842789674,49221,Bottom-left,6300,9700,15500,18200
8850.76,17598.701,0.0091161897764873,48913,Bottom-left,6300,9700,15500,18200
8851.165,16278.547,0.0713031894824754,46688,Bottom-left,6300,9700,15500,18200
8851.456,16344.841,-0.00541213292453716,46789,Bottom-left,6300,9700,15500,18200
8851.916,15535.759,0.106596967860368,45624,Bottom-left,6300,9700,15500,18200
8852.656,17959.916,0.09520644533947,49487,Bottom-left,6300,9700,15500,18200
8853.095,8786.817,-0.073355794356005,25336,Top-left,8100,11500,8200,11000
8853.436,16631.463,0.224764225178888,47228,Bottom-left,6300,9700,15500,18200
8853.925,9631.137,0.00802736923796844,26212,Top-left,8100,11500,8200,11000
8854.396,10607.272,-0.0768654846384806,27337,Top-left,8100,11500,8200,11000
8855.124,10998.639,-0.0546166885425381,27844,Top-left,8100,11500,8200,11000
8856.05,16067.123,0.00493732502405328,46384,Bottom-left,6300,9700,15500,18200
8856.671,16884.441,0.0613572918843236,47651,Bottom-left,6300,9700,15500,18200
8860.171,16516.404,0.12953132544653,47052,Bottom-left,6300,9700,15500,18200
8860.315,17160.21,0.101786017869654,48096,Bottom-left,6300,9700,15500,18200
8861.891,17396.7,0.285821869421958,48540,Bottom-left,6300,9700,15500,18200
8862.372,17452.436,0.141385694849786,48649,Bottom-left,6300,9700,15500,18200
8863.64,9733.728,-0.080924307005599,26306,Top-left,8100,11500,8200,11000
8864.156,17209.84,-0.081181993868056,48197,Bottom-left,6300,9700,15500,18200
8864.93,17762.629,0.043054235499931,49171,Bottom-left,6300,9700,15500,18200
8865.978,17652.922,-0.032689282864204,48996,Bottom-left,6300,9700,15500,18200
8867.787,10775.043,-0.133142559428206,27530,Top-left,8100,11500,8200,11000
8868.472,10186.191,-0.233095740819956,26861,Top-left,8100,11500,8200,11000
8868.987,17357.379,-0.0335552241321299,48467,Bottom-left,6300,9700,15500,18200
8868.988,17005.467,0.170350548652403,47836,Bottom-left,6300,9700,15500,18200
8870.062,9828.212,0.00125935026793835,26430,Top-left,8100,11500,8200,11000
8870.231,15696.009,-0.133138469943612,45843,Bottom-left,6300,9700,15500,18200
8870.329,10279.079,-0.03501713932622,26971,Top-left,8100,11500,8200,11000
8870.995,15743.665,-0.0919684734692634,45912,Bottom-left,6300,9700,15500,18200
8872.1875,16959.514,0.15820770455716,47753,Bottom-left,6300,9700,15500,18200
8872.672,8950.721,-0.0164091855843945,25513,Top-left,8100,11500,8200,11000
8872.772,16678.18,0.0676510521611434,47293,Bottom-left,6300,9700,15500,18200
8874.705,17244.748,-0.0378849304717597,48256,Bottom-left,6300,9700,15500,18200
8875.564,17580.61,0.103105383293456,48886,Bottom-left,6300,9700,15500,18200
8876.287,8851.927,-0.0642961391435003,25396,Top-left,8100,11500,8200,11000
8877.409,17684.018,-0.00772112804554731,49048,Bottom-left,6300,9700,15500,18200
8877.8955,16699.562,0.0762105425896033,47328,Bottom-left,6300,9700,15500,18200
8878.017,16729.15,0.202824662243566,47363,Bottom-left,6300,9700,15500,18200
8878.205,15527.24,-0.0435135487132781,45609,Bottom-left,6300,9700,15500,18200
8878.3545,17866.08,-0.0238470282837624,49339,Bottom-left,6300,9700,15500,18200
8879.249,16648.07,0.105369622018993,47246,Bottom-left,6300,9700,15500,18200
8881.421,17723.754,0.0424309160122708,49126,Bottom-left,6300,9700,15500,18200
8883.957,18126.234,0.045694748636597,59268,Bottom-left,6300,9700,15500,18200
8886.731,9259.92,0.0121530043483671,25839,Top-left,8100,11500,8200,11000
8887.094,16290.828,0.114085254684226,46702,Bottom-left,6300,9700,15500,18200
8889.453,17430.426,0.0960511218619276,48606,Bottom-left,6300,9700,15500,18200
8889.463,8358.898,-0.123180145362464,24884,Top-left,8100,11500,8200,11000
8889.746,17626.4,-0.0192671932113518,48952,Bottom-left,6300,9700,15500,18200
8891.582,16773.24,0.118543586780039,47437,Bottom-left,6300,9700,15500,18200
8892.238,8406.745,0.101747081635682,24950,Top-left,8100,11500,8200,11000
8892.663,17826.98,-0.0595334621699077,49281,Bottom-left,6300,9700,15500,18200
8892.818,17096.08,0.117163922005533,47992,Bottom-left,6300,9700,15500,18200
8893.5,17341.957,0.121840895014242,48417,Bottom-left,6300,9700,15500,18200
8893.755,16204.412,0.0106077805320926,46571,Bottom-left,6300,9700,15500,18200
8893.975,10485.485,-0.156440405662731,27188,Top-left,8100,11500,8200,11000
8894.522,17195.37,0.0906257564999258,48160,Bottom-left,6300,9700,15500,18200
8895.006,16882.201,0.120606171453604,47622,Bottom-left,6300,9700,15500,18200
8896.204,9340.574,-0.142423941408761,25907,Top-left,8100,11500,8200,11000
8896.435,17595.664,-0.0292255177925003,48901,Bottom-left,6300,9700,15500,18200
8897.074,16558.848,0.198687115656254,47100,Bottom-left,6300,9700,15500,18200
8897.312,15859.479,-0.153276379209282,46107,Bottom-left,6300,9700,15500,18200
8898.562,18199.879,-0.114953703317167,59378,Bottom-left,6300,9700,15500,18200
8898.683,9225.681,-0.184661975385205,25803,Top-left,8100,11500,8200,11000
8898.697,17450.168,0.0857113705857091,48639,Bottom-left,6300,9700,15500,18200
8898.717,8913.913,-0.0680706897020967,25472,Top-left,8100,11500,8200,11000
8900.546,16578.807,0.129029515716801,47143,Bottom-left,6300,9700,15500,18200
8900.617,17700.605,0.0851294293918635,49074,Bottom-left,6300,9700,15500,18200
8900.981,16490.027,0.0741587022032739,47011,Bottom-left,6300,9700,15500,18200
8901.54,16359.53,0.149071468760879,46804,Bottom-left,6300,9700,15500,18200
8901.659,17379.82,0.201269830257236,48494,Bottom-left,6300,9700,15500,18200
8901.749,8454.015,0.0252308080198556,24994,Top-left,8100,11500,8200,11000
8902.018,17118.959,0.126730398976886,48020,Bottom-left,6300,9700,15500,18200
8902.352,16927.834,0.0487406547716486,47697,Bottom-left,6300,9700,15500,18200
8902.373,17039.162,0.258788891819413,47885,Bottom-left,6300,9700,15500,18200
8903.112,15608.885,0.110448887121351,45743,Bottom-left,6300,9700,15500,18200
8903.179,17803.121,0.199781343859657,49247,Bottom-left,6300,9700,15500,18200
8904.418,10934.977,-0.156699804176377,27748,Top-left,8100,11500,8200,11000
8905.238,16167.922,0.0479862914081072,46513,Bottom-left,6300,9700,15500,18200
8905.94,15512.503,0.101800896871525,45585,Bottom-left,6300,9700,15500,18200
8907.556,10557.637,-0.194789336457473,27263,Top-left,8100,11500,8200,11000
8908.076,17575.537,0.131382694505653,48869,Bottom-left,6300,9700,15500,18200
8908.145,8256.613,-0.067759904215204,24791,Top-left,8100,11500,8200,11000
8909.5625,16381.652,0.0809956379168797,46842,Bottom-left,6300,9700,15500,18200
8911.581,17618.646,0.0376235327042909,48944,Bottom-left,6300,9700,15500,18200
8912.024,10871.576,-0.0985008192265746,27689,Top-left,8100,11500,8200,11000
8912.177,16601.47,0.0792799546043143,47179,Bottom-left,6300,9700,15500,18200
8912.689,16792.535,0.193268624794126,47475,Bottom-left,6300,9700,15500,18200
8913.228,9937.89,0.407596388514532,26566,Top-left,8100,11500,8200,11000
8913.323,8975.316,-0.156951854811575,25537,Top-left,8100,11500,8200,11000
8914.799,16765.402,0.135606737494734,47424,Bottom-left,6300,9700,15500,18200
8915.831,17240.014,0.20505114989448,48253,Bottom-left,6300,9700,15500,18200
8915.838,16293.512,0.0803167738727146,46718,Bottom-left,6300,9700,15500,18200
8917.0625,16103.033,0.0440009703689168,46411,Bottom-left,6300,9700,15500,18200
8917.557,10664.216,-0.00856543750862205,27404,Top-left,8100,11500,8200,11000
8917.653,17201.443,0.123860347720446,48175,Bottom-left,6300,9700,15500,18200
8918.923,17546.537,0.283376624653711,48833,Bottom-left,6300,9700,15500,18200
8920.01,17873.254,-0.0186612882704332,49349,Bottom-left,6300,9700,15500,18200
8920.174,10393.209,-0.202899395237597,27085,Top-left,8100,11500,8200,11000
8920.859,17651.283,-0.0261947233547594,49007,Bottom-left,6300,9700,15500,18200
8921.355,17944.377,0.110708299805055,49453,Bottom-left,6300,9700,15500,18200
8922.11,16474.707,0.0487976322175049,46956,Bottom-left,6300,9700,15500,18200
8922.278,17056.738,0.0975448066004743,47917,Bottom-left,6300,9700,15500,18200
8923.039,10809.253,-0.00803022941858718,27610,Top-left,8100,11500,8200,11000
8923.082,16742.383,-0.0101748098981296,47385,Bottom-left,6300,9700,15500,18200
8923.262,17358.26,0.152326872009812,48475,Bottom-left,6300,9700,15500,18200
8925.3955,16510.81,0.0450414470894826,47040,Bottom-left,6300,9700,15500,18200
8926.788,16625.307,0.0638341885041845,47229,Bottom-left,6300,9700,15500,18200
8927.66,16970.547,0.0464029887177085,47787,Bottom-left,6300,9700,15500,18200
8928.459,16842.201,0.13187085449734,47554,Bottom-left,6300,9700,15500,18200
8928.748,17389.736,0.113899082617167,48534,Bottom-left,6300,9700,15500,18200
8929.208,17831.299,-0.093489198806722,49302,Bottom-left,6300,9700,15500,18200
8930.65,17575.703,0.107472461387089,48875,Bottom-left,6300,9700,15500,18200
8930.882,16871.11,0.149094962527603,47623,Bottom-left,6300,9700,15500,18200
8932.369,17483.463,0.157373438179069,48714,Bottom-left,6300,9700,15500,18200
8933.778,17427.777,0.106959142084164,48607,Bottom-left,6300,9700,15500,18200
8933.871,16330.483,0.161013119781249,46765,Bottom-left,6300,9700,15500,18200
8934.544,17630.785,0.187449717256616,48969,Bottom-left,6300,9700,15500,18200
8934.569,17732.928,0.0682064504407298,49137,Bottom-left,6300,9700,15500,18200
8934.796,9239.461,-0.0674379904713592,25809,Top-left,8100,11500,8200,11000
8935.068,16122.404,0.0433874257707287,46449,Bottom-left,6300,9700,15500,18200
8935.466,17707.656,-0.00712891732564549,49086,Bottom-left,6300,9700,15500,18200
8939.124,17249.84,0.0772019415742041,48267,Bottom-left,6300,9700,15500,18200
8939.213,15944.827,-0.00541213292453701,46241,Bottom-left,6300,9700,15500,18200
8940.395,16804.682,0.133835893259739,47506,Bottom-left,6300,9700,15500,18200
8941.114,17989.475,0.0348541360340189,49533,Bottom-left,6300,9700,15500,18200
8941.504,10991.58,-0.162147502419131,27815,Top-left,8100,11500,8200,11000
8942.737,16759.059,-0.00584510355849991,47416,Bottom-left,6300,9700,15500,18200
8945.045,8526.377,-0.0128749882750469,25071,Top-left,8100,11500,8200,11000
8945.643,17941.434,0.0269580882260791,49447,Bottom-left,6300,9700,15500,18200
8945.767,17168.74,0.0588365140387937,48130,Bottom-left,6300,9700,15500,18200
8945.79,16566.25,-0.0136385749698333,47123,Bottom-left,6300,9700,15500,18200
8946.754,16272.939,0.0145045162377593,46684,Bottom-left,6300,9700,15500,18200
8947.051,15788.611,-0.200681888841835,45972,Bottom-left,6300,9700,15500,18200
8947.989,8887.5,0.0292923564227127,25440,Top-left,8100,11500,8200,11000
8949.207,16620.387,0.106034270927762,47215,Bottom-left,6300,9700,15500,18200
8949.339,9752.203,-0.00913927099688717,26331,Top-left,8100,11500,8200,11000
8949.8,16859.932,0.144823789159734,47593,Bottom-left,6300,9700,15500,18200
8950.886,9427.672,-0.0813692273568146,25995,Top-left,8100,11500,8200,11000
8952.501,17463.678,0.0283080303048632,48673,Bottom-left,6300,9700,15500,18200
8952.934,16941.496,-0.0331222534981669,47728,Bottom-left,6300,9700,15500,18200
8953.184,15853.447,-0.0751204049925745,46100,Bottom-left,6300,9700,15500,18200
8953.395,16977.217,0.0322146007414998,47795,Bottom-left,6300,9700,15500,18200
8953.404,17206.951,0.0367894605321824,48187,Bottom-left,6300,9700,15500,18200
8954.62,17327.734,0.0554947192767461,48407,Bottom-left,6300,9700,15500,18200
8955.89,10257.316,-0.10818396652201,26941,Top-left,8100,11500,8200,11000
8957.587,17107.709,0.0275317995703728,48000,Bottom-left,6300,9700,15500,18200
8958.395,17378.383,-0.039188338795344,48495,Bottom-left,6300,9700,15500,18200
8959.265,10302.136,-0.134437381845501,27001,Top-left,8100,11500,8200,11000
8961.622,15630.688,0.0706517960491527,45770,Bottom-left,6300,9700,15500,18200
8962.83,8651.281,-0.0841756468171589,25173,Top-left,8100,11500,8200,11000
8963.649,8314.87,-0.128808763603982,24832,Top-left,8100,11500,8200,11000
8963.713,17185.678,0.165042163638143,48141,Bottom-left,6300,9700,15500,18200
8963.764,16886,-0.00930886863020377,47642,Bottom-left,6300,9700,15500,18200
8963.783,16332.751,0.0119066924339815,46766,Bottom-left,6300,9700,15500,18200
8964.951,15521.343,0.307644326658952,45604,Bottom-left,6300,9700,15500,18200
8964.984,8977.966,-0.106411294846262,25554,Top-left,8100,11500,8200,11000
8965.177,16304.027,0.135183923355579,46729,Bottom-left,6300,9700,15500,18200
8965.519,17860.9,-0.0117205961729923,49340,Bottom-left,6300,9700,15500,18200
8966.879,17067.111,0.228975767809335,47908,Bottom-left,6300,9700,15500,18200
8968.574,17445.441,0.0796015499305578,48627,Bottom-left,6300,9700,15500,18200
8968.776,17279.428,0.265465061938052,48331,Bottom-left,6300,9700,15500,18200
8970.206,17752.65,0.0472196670279404,49150,Bottom-left,6300,9700,15500,18200
8970.3545,9067.179,-0.123609675809977,25656,Top-left,8100,11500,8200,11000
8970.985,16098.351,0.0205661051132408,46432,Bottom-left,6300,9700,15500,18200
8972.108,17685.217,-0.0206165599203109,49060,Bottom-left,6300,9700,15500,18200
8972.656,8401.441,-0.0178036073256922,24941,Top-left,8100,11500,8200,11000
8974.059,16998.873,0.163259885073616,47823,Bottom-left,6300,9700,15500,18200
8974.658,16402.418,0.0744945254423791,46878,Bottom-left,6300,9700,15500,18200
8974.71,16933.06,-0.0127726337019075,47710,Bottom-left,6300,9700,15500,18200
8975.212,9103.086,-0.0903865798321849,25686,Top-left,8100,11500,8200,11000
8979.617,9560.397,-0.0394912325823425,26125,Top-left,8100,11500,8200,11000
8980.505,17886.242,-0.0721687472204795,49362,Bottom-left,6300,9700,15500,18200
8980.617,16861.736,-0.0400497836415744,47594,Bottom-left,6300,9700,15500,18200
8980.73,16229.145,0.274640082581775,46591,Bottom-left,6300,9700,15500,18200
8981.96,16268.089,0.0119066924339815,46671,Bottom-left,6300,9700,15500,18200
8982.601,16735.33,0.0346545930396899,47377,Bottom-left,6300,9700,15500,18200
8982.904,17224.727,0.243233636986572,48218,Bottom-left,6300,9700,15500,18200
8983.973,16343.156,0.00627807419246297,46790,Bottom-left,6300,9700,15500,18200
8984.161,17329.902,0.0545457126385107,48428,Bottom-left,6300,9700,15500,18200
8984.195,17167.691,0.01006080714341,48097,Bottom-left,6300,9700,15500,18200
8984.767,17542.014,0.165250705738675,48816,Bottom-left,6300,9700,15500,18200
8987.385,10860.818,-0.220598538004131,27672,Top-left,8100,11500,8200,11000
8988.361,17779.535,0.0730784995556308,49207,Bottom-left,6300,9700,15500,18200
8991.11,16701.84,0.156375281510524,47334,Bottom-left,6300,9700,15500,18200
8991.517,16420.416,0.0145045162377593,46902,Bottom-left,6300,9700,15500,18200
8992.228,10233.885,-0.0642667669210464,26920,Top-left,8100,11500,8200,11000
8992.382,17704.951,0.207497001712112,49087,Bottom-left,6300,9700,15500,18200
8994.316,10945.816,-0.161714531785168,27774,Top-left,8100,11500,8200,11000
8995.259,16641.455,0.108613770476683,47252,Bottom-left,6300,9700,15500,18200
8995.354,17476.672,-0.0389968033894238,48694,Bottom-left,6300,9700,15500,18200
8996.296,17384.334,0.230308462630057,48511,Bottom-left,6300,9700,15500,18200
8996.893,17901.535,-0.0989356061167695,49377,Bottom-left,6300,9700,15500,18200
8996.907,9589.538,0.152078802291464,26163,Top-left,8100,11500,8200,11000
8996.969,16912.357,-0.00974183926416668,47684,Bottom-left,6300,9700,15500,18200
8996.992,16617.543,0.0698906607853795,47201,Bottom-left,6300,9700,15500,18200
8997.449,16522.465,0.0896915613709718,47074,Bottom-left,6300,9700,15500,18200
8997.562,18078.775,0.158025027075775,59178,Bottom-left,6300,9700,15500,18200
8997.674,17277.303,0.123087765469145,48320,Bottom-left,6300,9700,15500,18200
8997.932,16947.361,0.0692414527984934,47739,Bottom-left,6300,9700,15500,18200
8999.493,17612.832,0.155151054571908,48941,Bottom-left,6300,9700,15500,18200
9000.839,9176.1455,-0.00826643256271406,25753,Top-left,8100,11500,8200,11000
9001.297,16490.453,-0.00887589799624086,47003,Bottom-left,6300,9700,15500,18200
9001.842,9310.882,-0.188125740456909,25869,Top-left,8100,11500,8200,11000
9003.156,8914.567,-0.0814518255235241,25487,Top-left,8100,11500,8200,11000
9006.626,17233.924,0.153857075729039,48239,Bottom-left,6300,9700,15500,18200
9006.815,10387.754,-0.0933921328341057,27097,Top-left,8100,11500,8200,11000
9009.936,16880.412,0.114313621580916,47624,Bottom-left,6300,9700,15500,18200
9011.32,16589.65,-0.00368025038868523,47144,Bottom-left,6300,9700,15500,18200
9011.641,10565.754,0.0676097892652797,27291,Top-left,8100,11500,8200,11000
9011.923,9976.13,0.00427624295824457,26623,Top-left,8100,11500,8200,11000
9012.711,18135.453,0.122067536990913,59269,Bottom-left,6300,9700,15500,18200
9012.942,10626.046,0.0635753227564726,27368,Top-left,8100,11500,8200,11000
9012.972,16847.988,0.130308309138747,47580,Bottom-left,6300,9700,15500,18200
9015.555,17455.59,0.310443108855298,48650,Bottom-left,6300,9700,15500,18200
9016.233,17089.424,0.0723520821063563,47974,Bottom-left,6300,9700,15500,18200
9016.836,16295.123,0.044390561941857,46703,Bottom-left,6300,9700,15500,18200
9017.131,16812.24,0.10888646498485,47507,Bottom-left,6300,9700,15500,18200
9017.305,17410.838,0.206403463355814,48567,Bottom-left,6300,9700,15500,18200
9017.911,17777.742,0.0779638419972968,49198,Bottom-left,6300,9700,15500,18200
9018.633,17657.703,0.0398827182392076,49008,Bottom-left,6300,9700,15500,18200
9018.968,15532.742,0.125801367307535,45625,Bottom-left,6300,9700,15500,18200
9020.125,16778.336,0.26720439245318,47443,Bottom-left,6300,9700,15500,18200
9020.663,8533.96,-0.169940973830464,25079,Top-left,8100,11500,8200,11000
9020.808,16645.432,0.0721354830843129,47253,Bottom-left,6300,9700,15500,18200
9021.327,17258.545,0.0247361821589498,48289,Bottom-left,6300,9700,15500,18200
9023.5205,17381.898,0.188740552049637,48504,Bottom-left,6300,9700,15500,18200
9024.086,10303.527,-0.123613115996427,26991,Top-left,8100,11500,8200,11000
9024.441,16242.333,0.0407896374557105,46627,Bottom-left,6300,9700,15500,18200
9024.443,16687.662,0.0207788975157709,47321,Bottom-left,6300,9700,15500,18200
9024.915,17632.91,0.0843259570879482,48970,Bottom-left,6300,9700,15500,18200
9024.993,9366.362,-0.130215463821295,25915,Top-left,8100,11500,8200,11000
9025.192,8362.411,-0.137468176283242,24911,Top-left,8100,11500,8200,11000
9025.582,8417.896,-0.145261647694575,24942,Top-left,8100,11500,8200,11000
9025.815,17694.838,0.248317704688337,49075,Bottom-left,6300,9700,15500,18200
9026.324,10201.448,-0.0218423079186713,26887,Top-left,8100,11500,8200,11000
9028.571,17055.068,0.126523232800938,47909,Bottom-left,6300,9700,15500,18200
9029.155,15788.666,0.1019972189741,45982,Bottom-left,6300,9700,15500,18200
9029.8545,17558.762,0.00969750593856962,48851,Bottom-left,6300,9700,15500,18200
9030.395,16949.594,0.0797910503089466,47748,Bottom-left,6300,9700,15500,18200
9030.437,16487.018,0.0123396630679446,47004,Bottom-left,6300,9700,15500,18200
9030.573,18051.03,0.133487332770538,59150,Bottom-left,6300,9700,15500,18200
9033.555,17019.477,0.21921814747045,47860,Bottom-left,6300,9700,15500,18200
9034.374,9416.752,-0.159982649249316,25991,Top-left,8100,11500,8200,11000
9036.443,17122.11,-0.0266928578817656,48012,Bottom-left,6300,9700,15500,18200
9038.2705,10939.848,-0.127791207502295,27761,Top-left,8100,11500,8200,11000
9039.072,10841.075,-0.161226003801063,27618,Top-left,8100,11500,8200,11000
9039.395,10636.517,-0.21020724278902,27375,Top-left,8100,11500,8200,11000
9039.878,17799.236,0.135447477551931,49248,Bottom-left,6300,9700,15500,18200
9041.531,16408.61,0.0269874247760925,46879,Bottom-left,6300,9700,15500,18200
9043.604,10887.96,-0.104454675121324,27707,Top-left,8100,11500,8200,11000
9045.619,9455.284,-0.128375792970019,26035,Top-left,8100,11500,8200,11000
9045.826,17664.697,0.0868843473063628,49021,Bottom-left,6300,9700,15500,18200
9046.369,16554.27,-0.0478432550529077,47105,Bottom-left,6300,9700,15500,18200
9046.503,16973.586,-0.0217157038173442,47788,Bottom-left,6300,9700,15500,18200
9047.0205,8587.25,0.0227925052298809,25125,Top-left,8100,11500,8200,11000
9047.645,18079.764,0.0129629516030226,59187,Bottom-left,6300,9700,15500,18200
9048.2,9585.768,0.0850729732941106,26164,Top-left,8100,11500,8200,11000
9048.38,17039.766,0.221152717777636,47890,Bottom-left,6300,9700,15500,18200
9049.311,9913.181,0.00408624330149931,26540,Top-left,8100,11500,8200,11000
9050.854,16173.634,0.199713227935764,46521,Bottom-left,6300,9700,15500,18200
9050.86,8250.525,-0.137468176283242,24782,Top-left,8100,11500,8200,11000
9051.13,16816.252,0.0110407511660555,47520,Bottom-left,6300,9700,15500,18200
9051.637,15963.84,-0.0281940720224607,46260,Bottom-left,6300,9700,15500,18200
9052.318,16617.78,0.00930886863020377,47209,Bottom-left,6300,9700,15500,18200
9052.839,17096.002,0.0319712829630941,47986,Bottom-left,6300,9700,15500,18200
9053.247,8649.47,-0.069407851638524,25174,Top-left,8100,11500,8200,11000
9054.587,17505.67,-0.0353421941272697,48751,Bottom-left,6300,9700,15500,18200
9055.5205,17611.46,0.0939117901675665,48902,Bottom-left,6300,9700,15500,18200
9055.694,15586.941,0.0925297043732074,45666,Bottom-left,6300,9700,15500,18200
9055.925,16846.771,0.226906273651634,47565,Bottom-left,6300,9700,15500,18200
9057.122,17645.225,0.13688840445975,48990,Bottom-left,6300,9700,15500,18200
9057.136,17305.328,0.162078550824877,48371,Bottom-left,6300,9700,15500,18200
9057.436,17338.264,0.157897905098533,48429,Bottom-left,6300,9700,15500,18200
9058.0625,16199.084,0.143791762154297,46562,Bottom-left,6300,9700,15500,18200
9061.551,17254.332,0.255824315743937,48279,Bottom-left,6300,9700,15500,18200
9061.642,16659.13,0.111497744548037,47265,Bottom-left,6300,9700,15500,18200
9061.669,10254.97,-0.108493626680192,26942,Top-left,8100,11500,8200,11000
9061.809,17222.463,0.173065554631882,48207,Bottom-left,6300,9700,15500,18200
9062.438,15664.328,0.0231639289170186,45824,Bottom-left,6300,9700,15500,18200
9062.517,16896.809,0.0179328454301099,47658,Bottom-left,6300,9700,15500,18200
9062.53,16511.902,0.117983771973325,47026,Bottom-left,6300,9700,15500,18200
9063.982,17684.803,0.0876583774686711,49061,Bottom-left,6300,9700,15500,18200
9066.634,15817.025,0.118558147548431,46045,Bottom-left,6300,9700,15500,18200
9066.7,10473.423,-0.0610665648943147,27183,Top-left,8100,11500,8200,11000
9066.728,16380.619,-0.00844292736227781,46830,Bottom-left,6300,9700,15500,18200
9066.992,18122.34,0.0576429360930432,59249,Bottom-left,6300,9700,15500,18200
9067.15,9983.404,-0.0235968995509815,26630,Top-left,8100,11500,8200,11000
9068.365,15614.087,0.0609881730529931,45744,Bottom-left,6300,9700,15500,18200
9068.845,18152.062,0.0959977209281932,59307,Bottom-left,6300,9700,15500,18200
9069.542,9607.959,-0.0365860185698706,26176,Top-left,8100,11500,8200,11000
9069.767,15692.841,-0.0430805780793152,45851,Bottom-left,6300,9700,15500,18200
9071.241,15875.161,-0.0673269335812411,46146,Bottom-left,6300,9700,15500,18200
9072.337,16932.707,0.00887589799624071,47729,Bottom-left,6300,9700,15500,18200
9073.175,17436.559,0.0600931307948948,48614,Bottom-left,6300,9700,15500,18200
9074.814,17359.055,0.258332939796076,48468,Bottom-left,6300,9700,15500,18200
9075.002,17141.617,0.190381370559382,48062,Bottom-left,6300,9700,15500,18200
9076.033,17633.629,0.0343827487894248,48971,Bottom-left,6300,9700,15500,18200
9076.449,17517.992,0.121720160935954,48767,Bottom-left,6300,9700,15500,18200
9076.748,18052.594,0.132124952589272,59153,Bottom-left,6300,9700,15500,18200
9080.537,17946.166,-0.0124813244790145,49418,Bottom-left,6300,9700,15500,18200
9081.533,16624.053,-0.0166693694075741,47216,Bottom-left,6300,9700,15500,18200
9082.118,10363.603,-0.121547341803648,27062,Top-left,8100,11500,8200,11000
9082.538,15968.568,-0.0222979876490926,46268,Bottom-left,6300,9700,15500,18200
9082.712,16994.842,0.161685120422182,47818,Bottom-left,6300,9700,15500,18200
9083.295,15750.065,-0.0153704575056852,45936,Bottom-left,6300,9700,15500,18200
9085.754,17308.543,0.224205619746127,48391,Bottom-left,6300,9700,15500,18200
9087.648,18026.451,-0.0529152018914544,59124,Bottom-left,6300,9700,15500,18200
9087.84,16652.146,-0.00603351509758485,47259,Bottom-left,6300,9700,15500,18200
9088.032,18106.807,0.0365860185698706,59223,Bottom-left,6300,9700,15500,18200
9088.388,15533.028,0.0594030814296132,45616,Bottom-left,6300,9700,15500,18200
9089.579,17568.006,0.235886299656682,48859,Bottom-left,6300,9700,15500,18200
9093.712,16186.375,-0.00249147830628228,46551,Bottom-left,6300,9700,15500,18200
9094.919,15778.418,-0.032256312230241,45983,Bottom-left,6300,9700,15500,18200
9094.965,17728.904,0.0348021544532637,49114,Bottom-left,6300,9700,15500,18200
9095.524,17162.451,0.288454057458166,48105,Bottom-left,6300,9700,15500,18200
9095.554,10315.885,-0.0679665415923687,27009,Top-left,8100,11500,8200,11000
9095.839,17489.176,0.186159418442869,48715,Bottom-left,6300,9700,15500,18200
9095.98,15583.386,0.111049504459379,45707,Bottom-left,6300,9700,15500,18200
9096.122,16847.604,0.0576530604042682,47581,Bottom-left,6300,9700,15500,18200
9096.332,15929.936,0.294083363639681,46215,Bottom-left,6300,9700,15500,18200
9096.759,17023.422,0.0293202666095067,47867,Bottom-left,6300,9700,15500,18200
9096.913,15875.709,-0.0179682813094631,46147,Bottom-left,6300,9700,15500,18200
9099.836,17593.227,0.0587772602564597,48903,Bottom-left,6300,9700,15500,18200
9100.827,17447.342,-0.0205661051132407,48651,Bottom-left,6300,9700,15500,18200
9100.942,16214.692,0.0300503357762794,46584,Bottom-left,6300,9700,15500,18200
9101.44,16906.666,0.255113088254082,47677,Bottom-left,6300,9700,15500,18200
9101.498,16283.707,0.0396118523264122,46691,Bottom-left,6300,9700,15500,18200
9102.716,17822.56,-0.06820542798653,49271,Bottom-left,6300,9700,15500,18200
9102.81,17363.066,0.160021240894298,48482,Bottom-left,6300,9700,15500,18200
9102.87,16794.238,0.157950145590874,47476,Bottom-left,6300,9700,15500,18200
9105.209,9762.161,-0.0257617527207965,26347,Top-left,8100,11500,8200,11000
9105.857,15994.965,-0.0211290000923595,46301,Bottom-left,6300,9700,15500,18200
9106.009,15649.344,0.045174871552642,45783,Bottom-left,6300,9700,15500,18200
9106.619,17696.74,0.117124394072901,49076,Bottom-left,6300,9700,15500,18200
9106.923,9961.806,-0.00844292736227781,26593,Top-left,8100,11500,8200,11000
9110.27,18164.64,0.0465126472877462,59325,Bottom-left,6300,9700,15500,18200
9110.42,8911.895,-0.0844354006104218,25456,Top-left,8100,11500,8200,11000
9110.672,17040.629,0.367551080958848,47902,Bottom-left,6300,9700,15500,18200
9112.03,10511.922,-0.14742650086439,27223,Top-left,8100,11500,8200,11000
9112.394,16813.615,0.100934532534819,47508,Bottom-left,6300,9700,15500,18200
9112.446,17390.031,-0.0132056043358704,48535,Bottom-left,6300,9700,15500,18200
9113.612,15859.372,0.0649801545174945,46121,Bottom-left,6300,9700,15500,18200
9113.692,10763.814,-0.120983804027348,27507,Top-left,8100,11500,8200,11000
9114.328,8349.345,-0.0160476647394826,24865,Top-left,8100,11500,8200,11000
9115.374,8520.188,-0.093885223563731,25072,Top-left,8100,11500,8200,11000
9115.426,15576.546,0.0736571618202763,45675,Bottom-left,6300,9700,15500,18200
9116.36,9261.58,-0.156518884177612,25821,Top-left,8100,11500,8200,11000
9116.369,16871.096,-0.0500081082227226,47625,Bottom-left,6300,9700,15500,18200
9117.192,8988.789,-0.0571395894860086,25576,Top-left,8100,11500,8200,11000
9118.234,17505.225,0.0680200063909594,48752,Bottom-left,6300,9700,15500,18200
9120.371,17293.113,0.239011685866031,48332,Bottom-left,6300,9700,15500,18200
9120.425,17110.955,0.120254677449334,48006,Bottom-left,6300,9700,15500,18200
9120.718,17236.56,0.185778546125736,48240,Bottom-left,6300,9700,15500,18200
9121.27,10179.843,-0.0209990757472038,26866,Top-left,8100,11500,8200,11000
9122.755,9412.49,-0.190046020622449,25968,Top-left,8100,11500,8200,11000
9123.877,10980.81,-0.0413649675825616,27794,Top-left,8100,11500,8200,11000
9126.077,8203.825,-0.0390030174412715,24748,Top-left,8100,11500,8200,11000
9128.474,16793.54,0.0631441221379102,47465,Bottom-left,6300,9700,15500,18200
9129.887,17178.479,0.0444510259171355,48142,Bottom-left,6300,9700,15500,18200
9131.487,17637.3,0.07200479176015,48984,Bottom-left,6300,9700,15500,18200
9131.73,8693.191,-0.186938296597785,25209,Top-left,8100,11500,8200,11000
9132.843,17076.67,0.141605631686244,47952,Bottom-left,6300,9700,15500,18200
9133.383,17724.914,0.0227309582830557,49138,Bottom-left,6300,9700,15500,18200
9135.168,15905.54,0.10555847932831,46186,Bottom-left,6300,9700,15500,18200
9135.1875,16469.205,-0.0139490942277215,46930,Bottom-left,6300,9700,15500,18200
9135.631,17138.863,0.0936740326598982,48053,Bottom-left,6300,9700,15500,18200
9138.343,17759.748,0.069628795098865,49172,Bottom-left,6300,9700,15500,18200
9139.34,16810.436,0.163795038849265,47496,Bottom-left,6300,9700,15500,18200
9139.831,17678.95,0.183467664877195,49039,Bottom-left,6300,9700,15500,18200
9140.563,18054.23,0.173398330936789,59154,Bottom-left,6300,9700,15500,18200
9140.742,18121.291,0.0853997451633942,59236,Bottom-left,6300,9700,15500,18200
9140.938,8416.943,-0.0648471121643182,24951,Top-left,8100,11500,8200,11000
9141.107,9800.376,-0.00946427241841012,26389,Top-left,8100,11500,8200,11000
9141.332,10448.246,0.0198205249458709,27140,Top-left,8100,11500,8200,11000
9141.695,16836.443,0.15861940881569,47547,Bottom-left,6300,9700,15500,18200
9142.009,17919.74,-0.23358765702302,49392,Bottom-left,6300,9700,15500,18200
9143.208,17005.531,0.133265034587179,47825,Bottom-left,6300,9700,15500,18200
9145.436,15511.194,0.351522361799434,45586,Bottom-left,6300,9700,15500,18200
9145.72,16227.01,0.107436668529687,46598,Bottom-left,6300,9700,15500,18200
9145.806,8492.613,-0.150024324668168,25037,Top-left,8100,11500,8200,11000
9146.248,18168.605,0.1439794263053,59326,Bottom-left,6300,9700,15500,18200
9146.683,9080.233,-0.225361214977724,25657,Top-left,8100,11500,8200,11000
9146.803,15608.227,0.183088154786006,45738,Bottom-left,6300,9700,15500,18200
9147.358,17478.678,0.267198948870333,48695,Bottom-left,6300,9700,15500,18200
9147.605,9583.047,0.0955388788723099,26135,Top-left,8100,11500,8200,11000
9147.856,17214.455,-0.130973616773797,48188,Bottom-left,6300,9700,15500,18200
9148.44,17043.264,0.0529113785864263,47886,Bottom-left,6300,9700,15500,18200
9148.72,10629.752,-0.0539048439283892,27369,Top-left,8100,11500,8200,11000
9148.82,10929.307,-0.0163835414499171,27749,Top-left,8100,11500,8200,11000
9150.2295,17532.934,0.160037090938985,48808,Bottom-left,6300,9700,15500,18200
9153.601,17355.32,0.291754962636801,48456,Bottom-left,6300,9700,15500,18200
9154.593,9935.097,-0.0403485267255728,26562,Top-left,8100,11500,8200,11000
9156.846,17193.9,0.0454631253870285,48161,Bottom-left,6300,9700,15500,18200
9160.388,17568.172,0.128115607737899,48860,Bottom-left,6300,9700,15500,18200
9160.908,17450.803,0.206091961720437,48652,Bottom-left,6300,9700,15500,18200
9163.27,9349.07,-0.119350033499533,25922,Top-left,8100,11500,8200,11000
9164.012,15956.101,0.127343321803982,46232,Bottom-left,6300,9700,15500,18200
9164.875,18130.406,0.155750088824817,59258,Bottom-left,6300,9700,15500,18200
9164.988,17608.9,0.149837462498439,48934,Bottom-left,6300,9700,15500,18200
9167.393,15557.927,0.100430357710314,45667,Bottom-left,6300,9700,15500,18200
9167.756,15851.379,0.116964743616071,46101,Bottom-left,6300,9700,15500,18200
9169.223,16376.448,0.0416062968730807,46823,Bottom-left,6300,9700,15500,18200
9170.393,15603.56,0.181951798549,45732,Bottom-left,6300,9700,15500,18200
9172.027,17692.393,0.0962329747466516,49080,Bottom-left,6300,9700,15500,18200
9172.926,16848.465,0.12002565024847,47555,Bottom-left,6300,9700,15500,18200
9173.83,9853.806,-0.05693563836613,26458,Top-left,8100,11500,8200,11000
9175.6,9737.734,0.138581278814655,26313,Top-left,8100,11500,8200,11000
9176.03,16000.699,0.0336869498312046,46308,Bottom-left,6300,9700,15500,18200
9177.089,15656.487,0.0380501774173761,45807,Bottom-left,6300,9700,15500,18200
9177.371,16175.509,0.109908511210815,46522,Bottom-left,6300,9700,15500,18200
9177.531,17631.44,0.170112371320092,48961,Bottom-left,6300,9700,15500,18200
9177.728,8927.793,-0.0542649430712191,25497,Top-left,8100,11500,8200,11000
9178.455,15890.717,0.0968192645695147,46167,Bottom-left,6300,9700,15500,18200
9178.894,10736.731,-0.0972019073246858,27498,Top-left,8100,11500,8200,11000
9180.365,17748.6,0.0351382167951615,49151,Bottom-left,6300,9700,15500,18200
9181.119,18155.92,-0.0165654038820766,59308,Bottom-left,6300,9700,15500,18200
9182.266,8995.1875,-0.103023938315848,25562,Top-left,8100,11500,8200,11000
9182.792,17328.127,0.118961622630385,48408,Bottom-left,6300,9700,15500,18200
9183.152,10892.999,-0.126913146275532,27708,Top-left,8100,11500,8200,11000
9184.224,17890.014,-0.0552334377852503,49356,Bottom-left,6300,9700,15500,18200
9184.967,15531.827,0.0686092657986959,45610,Bottom-left,6300,9700,15500,18200
9185.029,9950.634,0.161645798891639,26587,Top-left,8100,11500,8200,11000
9185.182,15576.088,0.148670355753662,45686,Bottom-left,6300,9700,15500,18200
9185.317,16872.215,0.101851978049007,47626,Bottom-left,6300,9700,15500,18200
9186.5625,15628.154,0.105131750609951,45771,Bottom-left,6300,9700,15500,18200
9187.247,8377.991,-0.0703577280189819,24918,Top-left,8100,11500,8200,11000
9189.236,16941.924,0.319478456519416,47698,Bottom-left,6300,9700,15500,18200
9190.746,17542.05,0.0228742294979948,48822,Bottom-left,6300,9700,15500,18200
9190.991,9799.064,-0.0049791622905741,26390,Top-left,8100,11500,8200,11000
9191.692,16812.281,0.117268750233265,47509,Bottom-left,6300,9700,15500,18200
9191.732,17366.469,0.0990528752527539,48483,Bottom-left,6300,9700,15500,18200
9191.84,16983.967,0.174345336035705,47809,Bottom-left,6300,9700,15500,18200
9192.265,10694.105,-0.145261647694575,27451,Top-left,8100,11500,8200,11000
9192.42,10354.812,-0.0539377065143023,27048,Top-left,8100,11500,8200,11000
9196.933,17508.238,0.243365474370358,48736,Bottom-left,6300,9700,15500,18200
9199.128,17603.574,0.0813580452207979,48923,Bottom-left,6300,9700,15500,18200
9201.747,18012.502,-0.0566624216771233,59086,Bottom-left,6300,9700,15500,18200
9203.305,17731.15,0.127437253302694,49139,Bottom-left,6300,9700,15500,18200
9204.065,17635.734,0.00721015625809378,48962,Bottom-left,6300,9700,15500,18200
9204.593,18059.951,0.0331222534981669,59163,Bottom-left,6300,9700,15500,18200
9204.635,15506.842,-0.0849571935624963,45576,Bottom-left,6300,9700,15500,18200
9204.772,16290.753,0.0769834347997852,46704,Bottom-left,6300,9700,15500,18200
9206.898,16869.156,0.108751276956505,47616,Bottom-left,6300,9700,15500,18200
9208.271,18198.943,-0.0699247573850188,59369,Bottom-left,6300,9700,15500,18200
9208.792,15690.371,0.201071560421536,45852,Bottom-left,6300,9700,15500,18200
9209.853,17329.441,0.0853227987205644,48418,Bottom-left,6300,9700,15500,18200
9211.256,15965.952,0.0277235195807522,46269,Bottom-left,6300,9700,15500,18200
9214.204,16567.9,0.0166693694075742,47131,Bottom-left,6300,9700,15500,18200
9215.173,16644.4,-0.057368609000093,47247,Bottom-left,6300,9700,15500,18200
9215.331,17004.166,-0.0689515546206808,47837,Bottom-left,6300,9700,15500,18200
9215.413,16670.281,0.046986167362642,47294,Bottom-left,6300,9700,15500,18200
9215.726,10145.745,0.00974183926416668,26826,Top-left,8100,11500,8200,11000
9216.027,18112.262,0.0241745726502944,59207,Bottom-left,6300,9700,15500,18200
9217.902,16925.135,0.106896372561603,47702,Bottom-left,6300,9700,15500,18200
9218.997,10893.094,-0.0171023400415371,27721,Top-left,8100,11500,8200,11000
9219.353,16269.287,-0.0335552241321299,46672,Bottom-left,6300,9700,15500,18200
9219.692,15812.238,0.131705285058888,46029,Bottom-left,6300,9700,15500,18200
9220.061,10817.891,0.0213896641495448,27611,Top-left,8100,11500,8200,11000
9220.444,17948.121,-0.00717582269760328,49454,Bottom-left,6300,9700,15500,18200
9220.509,9435.173,-0.187989166766246,26002,Top-left,8100,11500,8200,11000
9221.525,9827.891,0.109197423746171,26431,Top-left,8100,11500,8200,11000
9222.308,17677.16,0.0924785916840445,49049,Bottom-left,6300,9700,15500,18200
9222.574,17350.188,0.126102494721379,48457,Bottom-left,6300,9700,15500,18200
9223.321,17697.848,0.0534154766578009,49094,Bottom-left,6300,9700,15500,18200
9229.012,10184.218,0.019267193211352,26877,Top-left,8100,11500,8200,11000
9229.155,10300.784,0.00844292736227781,26997,Top-left,8100,11500,8200,11000
9230.594,17417.654,0.0303410449620866,48584,Bottom-left,6300,9700,15500,18200
9230.745,16784.672,0.11121061223393,47444,Bottom-left,6300,9700,15500,18200
9233.359,17514.834,0.177769868792812,48777,Bottom-left,6300,9700,15500,18200
9234.095,10916.414,0.0274428838909736,27740,Top-left,8100,11500,8200,11000
9234.897,9551.063,-0.069763153214473,26102,Top-left,8100,11500,8200,11000
9236.414,16525.318,0.0747655172107868,47062,Bottom-left,6300,9700,15500,18200
9236.875,17630.506,0.190361549337292,48972,Bottom-left,6300,9700,15500,18200
9237.047,8245.034,-0.0240298701849446,24786,Top-left,8100,11500,8200,11000
9238.116,17604.436,0.22056788441328,48924,Bottom-left,6300,9700,15500,18200
9238.251,9144.562,-0.0679083798040672,25735,Top-left,8100,11500,8200,11000
9238.557,18068.553,0.0305391391416474,59164,Bottom-left,6300,9700,15500,18200
9238.658,10710.294,0.0445168315458167,27469,Top-left,8100,11500,8200,11000
9238.825,15752.494,0.0645814702189804,45937,Bottom-left,6300,9700,15500,18200
9238.919,17563.475,0.141000684928032,48861,Bottom-left,6300,9700,15500,18200
9239.734,16427.25,-0.0166693694075742,46910,Bottom-left,6300,9700,15500,18200
9239.955,16933.814,0.119160413820548,47730,Bottom-left,6300,9700,15500,18200
9240.655,9090.393,-0.0822812651381358,25646,Top-left,8100,11500,8200,11000
9240.828,17802.578,-0.023148592756112,49216,Bottom-left,6300,9700,15500,18200
9241.56,16240.483,0.0808817122293413,46621,Bottom-left,6300,9700,15500,18200
9241.588,10975.171,-0.246673787945766,27816,Top-left,8100,11500,8200,11000
9242.362,18175.82,-0.0530389026604632,59316,Bottom-left,6300,9700,15500,18200
9242.834,16727.361,0.0445569412872333,47364,Bottom-left,6300,9700,15500,18200
9243.174,17492.12,0.370347323389514,48721,Bottom-left,6300,9700,15500,18200
9245.691,16885.975,0.082025548622267,47659,Bottom-left,6300,9700,15500,18200
9245.793,17671.557,0.213326908370029,49031,Bottom-left,6300,9700,15500,18200
9245.919,10528.967,-0.0125459884267928,27241,Top-left,8100,11500,8200,11000
9246.003,9360.101,-0.213671007860724,25925,Top-left,8100,11500,8200,11000
9249.028,9476.715,0.113891080846054,26043,Top-left,8100,11500,8200,11000
9252.726,15808.141,0.0331222534981669,46030,Bottom-left,6300,9700,15500,18200
9252.892,17984.217,0.0135741723129464,49513,Bottom-left,6300,9700,15500,18200
9252.898,15707.518,-0.0253287820868334,45875,Bottom-left,6300,9700,15500,18200
9253.479,17425.059,0.0414482260193114,48592,Bottom-left,6300,9700,15500,18200
9254.211,16971.193,0.136327943361232,47781,Bottom-left,6300,9700,15500,18200
9256.754,15959.829,0.151949905203762,46242,Bottom-left,6300,9700,15500,18200
9256.82,16795.334,-0.0920062597171302,47466,Bottom-left,6300,9700,15500,18200
9257.138,17119.549,-0.0852414473779374,48007,Bottom-left,6300,9700,15500,18200
9261.171,15994.519,0.11655485057324,46293,Bottom-left,6300,9700,15500,18200
9263.708,16028.166,-0.0283595765245741,46358,Bottom-left,6300,9700,15500,18200
9266.064,17543.87,0.155500818177095,48823,Bottom-left,6300,9700,15500,18200
9268.906,10879.812,0.0390902465676515,27690,Top-left,8100,11500,8200,11000
9270.012,15868.004,0.216350833510827,46137,Bottom-left,6300,9700,15500,18200
9271.975,10683.4,0.0795663935705948,27446,Top-left,8100,11500,8200,11000
9279.355,17636.93,0.112958877722336,48977,Bottom-left,6300,9700,15500,18200
9279.967,16893.244,0.12761356782748,47660,Bottom-left,6300,9700,15500,18200
9283.822,16937.125,0.0401437842640732,47719,Bottom-left,6300,9700,15500,18200
9284.138,18133.344,0.00110996591126525,59259,Bottom-left,6300,9700,15500,18200
9284.284,10154.716,-0.00435667878973259,26827,Top-left,8100,11500,8200,11000
9284.638,8406.234,-0.0245725840486241,24952,Top-left,8100,11500,8200,11000
9284.68,16811.947,0.0180241127045383,47510,Bottom-left,6300,9700,15500,18200
9285.072,16830.455,-0.010592237881078,47548,Bottom-left,6300,9700,15500,18200
9285.189,16964.352,-0.0693059921180011,47774,Bottom-left,6300,9700,15500,18200
9285.359,15766.862,0.00108242658490749,45962,Bottom-left,6300,9700,15500,18200
9285.475,9564.736,-0.0837798176718338,26133,Top-left,8100,11500,8200,11000
9286.323,16124.966,0.155659532734088,46463,Bottom-left,6300,9700,15500,18200
9287.454,9951.401,-0.0140715456037963,26588,Top-left,8100,11500,8200,11000
9288.867,17582.441,-0.093808524280887,48876,Bottom-left,6300,9700,15500,18200
9290.527,9838.382,0.0299301304293015,26443,Top-left,8100,11500,8200,11000
9291.809,17668.658,-0.0553135853866508,49032,Bottom-left,6300,9700,15500,18200
9292.197,15975.714,0.150542185762449,46272,Bottom-left,6300,9700,15500,18200
9292.844,16620.848,-0.0749885296954555,47202,Bottom-left,6300,9700,15500,18200
9295.133,16855.57,0.206730098017261,47585,Bottom-left,6300,9700,15500,18200
9297.529,17548.494,0.0279665800627906,48838,Bottom-left,6300,9700,15500,18200
9298.359,17447.334,-0.0478432550529077,48640,Bottom-left,6300,9700,15500,18200
9299.928,17875.586,-0.132709410555359,49350,Bottom-left,6300,9700,15500,18200
9301.749,9154.191,-0.0214349649036957,25736,Top-left,8100,11500,8200,11000
9302.913,16541.41,0.0102496552388778,47091,Bottom-left,6300,9700,15500,18200
9306.555,16902.256,0.337273149200256,47669,Bottom-left,6300,9700,15500,18200
9306.846,17468.96,0.216870409585933,48685,Bottom-left,6300,9700,15500,18200
9307.878,18103.217,0.106073576449346,59215,Bottom-left,6300,9700,15500,18200
9308.488,17266.951,0.0227437519010992,48268,Bottom-left,6300,9700,15500,18200
9309.299,17056.291,-0.147784032780402,47878,Bottom-left,6300,9700,15500,18200
9309.845,18005.979,0.114576763930664,59087,Bottom-left,6300,9700,15500,18200
9312.28,9717.998,-0.0119066924339817,26297,Top-left,8100,11500,8200,11000
9313.677,10762.917,-0.0603994034378337,27537,Top-left,8100,11500,8200,11000
9314.271,16879.059,0.0846340736277216,47636,Bottom-left,6300,9700,15500,18200
9314.468,16145.356,0.0665348734807041,46484,Bottom-left,6300,9700,15500,18200
9315.638,10131.811,0.197526541560015,26806,Top-left,8100,11500,8200,11000
9315.985,10521.603,-0.0668384915626797,27219,Top-left,8100,11500,8200,11000
9316.335,10231.101,-0.0364716348561529,26921,Top-left,8100,11500,8200,11000
9317.173,18135.244,0.0166693694075742,59276,Bottom-left,6300,9700,15500,18200
9317.293,16014.789,0.147934236978911,46337,Bottom-left,6300,9700,15500,18200
9319.46,16517.22,0.134302665269605,47027,Bottom-left,6300,9700,15500,18200
9319.829,8479.968,-0.0313792382220854,25025,Top-left,8100,11500,8200,11000
9321.269,17945.889,0.0206875068896937,49455,Bottom-left,6300,9700,15500,18200
9321.396,15846.116,0.111934948604062,46090,Bottom-left,6300,9700,15500,18200
9322.081,16567.049,-0.18985762299276,47115,Bottom-left,6300,9700,15500,18200
9322.154,15944.786,0.0403243582071262,46243,Bottom-left,6300,9700,15500,18200
9323.881,15775.921,0.145159224243745,45984,Bottom-left,6300,9700,15500,18200
9324.597,15895.025,0.237049603548525,46177,Bottom-left,6300,9700,15500,18200
9326.1,16802.342,0.0926767744543363,47492,Bottom-left,6300,9700,15500,18200
9330.166,17473.998,0.0695642629177906,48696,Bottom-left,6300,9700,15500,18200
9331.527,16753.959,0.0658803954903294,47417,Bottom-left,6300,9700,15500,18200
9335.657,9372.864,-0.11538667395113,25934,Top-left,8100,11500,8200,11000
9335.763,16926.113,0.162180371149287,47703,Bottom-left,6300,9700,15500,18200
9336.109,16388.018,-0.111056967611501,46843,Bottom-left,6300,9700,15500,18200
9337.127,17521.729,0.156315199138483,48789,Bottom-left,6300,9700,15500,18200
9337.207,17582.562,0.0706032583759728,48891,Bottom-left,6300,9700,15500,18200
9341.759,15758.773,0.115430774603754,45953,Bottom-left,6300,9700,15500,18200
9343.816,17454.002,0.0298282555107689,48653,Bottom-left,6300,9700,15500,18200
9346.733,8870.345,-0.0582500409773962,25416,Top-left,8100,11500,8200,11000
9349.619,8957.289,-0.0382985018144398,25531,Top-left,8100,11500,8200,11000
9350.885,15820.923,0.056129427162781,46046,Bottom-left,6300,9700,15500,18200
9351.213,10214.386,-0.053095632329638,26913,Top-left,8100,11500,8200,11000
9351.424,10081.253,-0.0751204049925745,26743,Top-left,8100,11500,8200,11000
9351.969,17140.467,-0.118781903718443,48054,Bottom-left,6300,9700,15500,18200
9353.534,16805.457,0.026072383688544,47493,Bottom-left,6300,9700,15500,18200
9353.55,18028.652,-0.0361530479359077,59125,Bottom-left,6300,9700,15500,18200
9353.84,8924.4795,-0.0411588270626764,25503,Top-left,8100,11500,8200,11000
9356.698,8767.213,-0.109401781556265,25304,Top-left,8100,11500,8200,11000
9358.491,15893.1455,0.0312519783624166,46168,Bottom-left,6300,9700,15500,18200
9360.544,10162.698,-0.0264024512306545,26848,Top-left,8100,11500,8200,11000
9363.072,8296.891,0.0885132281011413,24833,Top-left,8100,11500,8200,11000
9363.1455,9152.347,-0.0621312859736856,25737,Top-left,8100,11500,8200,11000
9365.457,18091.43,0.0652684184467913,59208,Bottom-left,6300,9700,15500,18200
9365.771,17973.504,0.153874868703024,49505,Bottom-left,6300,9700,15500,18200
9366.496,15797.163,0.196795789513056,46004,Bottom-left,6300,9700,15500,18200
9367.004,17933.63,0.0540865268975147,49448,Bottom-left,6300,9700,15500,18200
9367.574,16740.473,-0.0383179011057224,47386,Bottom-left,6300,9700,15500,18200
9372.167,15833.942,0.00281430912075927,46091,Bottom-left,6300,9700,15500,18200
9373.329,8811.415,-0.174270680170094,25358,Top-left,8100,11500,8200,11000
9375.415,8526.767,-0.0959029954227968,25080,Top-left,8100,11500,8200,11000
9381.813,9531.95,0.032114730130746,26099,Top-left,8100,11500,8200,11000
9384.111,17200.975,-0.0646490070193254,48146,Bottom-left,6300,9700,15500,18200
9384.113,8646.956,-0.131276993876148,25166,Top-left,8100,11500,8200,11000
9385.8545,18068.086,0.0802939328885206,59165,Bottom-left,6300,9700,15500,18200
9387.664,16906.547,0.0940910354129558,47670,Bottom-left,6300,9700,15500,18200
9387.758,9044.258,0.0335189624600097,25616,Top-left,8100,11500,8200,11000
9388.385,17610.16,-0.0170181667792195,48935,Bottom-left,6300,9700,15500,18200
9389.29,16765.885,0.0101748098981297,47425,Bottom-left,6300,9700,15500,18200
9392.488,8707.553,-0.125533556134177,25247,Top-left,8100,11500,8200,11000
9394.486,17330.389,-0.060642117099394,48401,Bottom-left,6300,9700,15500,18200
9395.237,18098.871,0.11903473094232,59209,Bottom-left,6300,9700,15500,18200
9395.459,17406.104,-0.0442277557797441,48549,Bottom-left,6300,9700,15500,18200
9395.955,15850.121,0.155315950230633,46108,Bottom-left,6300,9700,15500,18200
9397.181,16443.035,-0.144828677060612,46925,Bottom-left,6300,9700,15500,18200
9397.477,16101.404,0.188237152316206,46433,Bottom-left,6300,9700,15500,18200
9398.633,17099.287,-0.00750676473175254,47987,Bottom-left,6300,9700,15500,18200
9399.354,16848.479,0.0698620036726265,47566,Bottom-left,6300,9700,15500,18200
9403.126,9171.653,-0.0247071618392619,25744,Top-left,8100,11500,8200,11000
9403.435,17046.91,-0.0960006867710704,47891,Bottom-left,6300,9700,15500,18200
9404.139,9823.865,-0.00736087879916261,26412,Top-left,8100,11500,8200,11000
9406.984,16985.102,-0.172939377583782,47802,Bottom-left,6300,9700,15500,18200
9410.205,16153.728,0.0968313216087411,46497,Bottom-left,6300,9700,15500,18200
9410.493,17929.914,0.100571197115532,49432,Bottom-left,6300,9700,15500,18200
9410.884,9895.946,0.01792299285568,26512,Top-left,8100,11500,8200,11000
9413.115,10065.014,0.0805323810061221,26729,Top-left,8100,11500,8200,11000
9414.421,15880.94,0.0205661051132408,46163,Bottom-left,6300,9700,15500,18200
9418.466,16811.387,0.1605460852584,47511,Bottom-left,6300,9700,15500,18200
9418.47,8899.977,-0.0294581183413598,25467,Top-left,8100,11500,8200,11000
9419.989,16791.63,0.0205661051132408,47477,Bottom-left,6300,9700,15500,18200
9420.897,16003.426,0.0925623704210198,46309,Bottom-left,6300,9700,15500,18200
9421.326,9991.71,0.0546413278471652,26645,Top-left,8100,11500,8200,11000
9422.583,16594.982,-0.114520732683204,47152,Bottom-left,6300,9700,15500,18200
9423.735,10946.593,0.159915432030479,27782,Top-left,8100,11500,8200,11000
9424.546,10622.754,0.0634986792203694,27352,Top-left,8100,11500,8200,11000
9426.196,15833.612,0.152843001883456,46072,Bottom-left,6300,9700,15500,18200
9427.228,15780.446,0.114219330412352,45975,Bottom-left,6300,9700,15500,18200
9427.897,16919.129,-0.0725225811887967,47685,Bottom-left,6300,9700,15500,18200
9429.125,8638.548,-0.107593202539797,25175,Top-left,8100,11500,8200,11000
9430.893,17831.496,-0.278616602955168,49272,Bottom-left,6300,9700,15500,18200
9431.964,9116.797,0.102131808128213,25700,Top-left,8100,11500,8200,11000
9432.719,17662.781,-0.171300740192566,48985,Bottom-left,6300,9700,15500,18200
9438.074,16136.897,0.0287925471585371,46481,Bottom-left,6300,9700,15500,18200
9438.931,15880.79,0.168438298215894,46148,Bottom-left,6300,9700,15500,18200
9439.795,16108.219,0.0940216667036925,46441,Bottom-left,6300,9700,15500,18200
9441.073,16626.816,-0.108459143807723,47217,Bottom-left,6300,9700,15500,18200
9443.673,16720.385,0.171805669943395,47353,Bottom-left,6300,9700,15500,18200
9444.633,10089.465,0.091901845005164,26749,Top-left,8100,11500,8200,11000
9444.691,16959.902,-0.0452319734400059,47764,Bottom-left,6300,9700,15500,18200
9444.745,8704.72,-0.0625642566076487,25248,Top-left,8100,11500,8200,11000
9445.051,9519.221,0.0351440150732139,26087,Top-left,8100,11500,8200,11000
9446.024,15567.769,-0.0306849732699036,45681,Bottom-left,6300,9700,15500,18200
9447.428,18096.818,-0.00019417017336922,59210,Bottom-left,6300,9700,15500,18200
9447.71,8850.013,0.0642221750596451,25402,Top-left,8100,11500,8200,11000
9448.068,8901.97,0.0626565307675574,25468,Top-left,8100,11500,8200,11000
9448.417,17921.676,0.110094660474704,49408,Bottom-left,6300,9700,15500,18200
9449.344,17989.45,0.176627614720885,49534,Bottom-left,6300,9700,15500,18200
9449.382,18069.373,-0.0188342225773889,59173,Bottom-left,6300,9700,15500,18200
9456.186,17278.428,-0.0879478349340343,48297,Bottom-left,6300,9700,15500,18200
9458.962,16375.1045,-0.0804435704757232,46824,Bottom-left,6300,9700,15500,18200
9461.942,16868.36,0.0617518381555848,47605,Bottom-left,6300,9700,15500,18200
9464.585,16761.465,0.0659536579136271,47418,Bottom-left,6300,9700,15500,18200
9466.547,16566.8,-0.160119818473906,47116,Bottom-left,6300,9700,15500,18200
9467.403,18021.812,0.0411513151160985,59120,Bottom-left,6300,9700,15500,18200
9470.304,9571.194,0.00849762758352422,26145,Top-left,8100,11500,8200,11000
9473.769,16485.945,0.00737837391587902,46994,Bottom-left,6300,9700,15500,18200
9474.631,16696.203,0.105111657875477,47322,Bottom-left,6300,9700,15500,18200
9475.046,16823.348,0.0281454581783373,47521,Bottom-left,6300,9700,15500,18200
9475.334,17910.775,-0.0559704950410415,49400,Bottom-left,6300,9700,15500,18200
9476.621,17949.477,0.0877177502923407,49456,Bottom-left,6300,9700,15500,18200
9476.925,8902.414,-0.0261947233547594,25479,Top-left,8100,11500,8200,11000
9476.991,18168.217,0.0272289399806564,59327,Bottom-left,6300,9700,15500,18200
9477.399,16941.834,0.0753321937376664,47740,Bottom-left,6300,9700,15500,18200
9478.646,16450.295,-0.0985008192265746,46933,Bottom-left,6300,9700,15500,18200
9479.015,9943.025,-0.0186647475074087,26575,Top-left,8100,11500,8200,11000
9480.057,8665.426,0.0228923824534115,25192,Top-left,8100,11500,8200,11000
9480.181,8259.919,0.144495718165085,24801,Top-left,8100,11500,8200,11000
9480.961,8852.048,0.0444878372429958,25417,Top-left,8100,11500,8200,11000
9481.172,9832.018,0.0679812640876906,26434,Top-left,8100,11500,8200,11000
9481.441,10019.526,0.0565345656892874,26672,Top-left,8100,11500,8200,11000
9481.443,17362.928,-0.16400208425637,48444,Bottom-left,6300,9700,15500,18200
9488.57,8586.307,0.00454619165661104,25130,Top-left,8100,11500,8200,11000
9489.841,15807.453,0.134923929322025,46031,Bottom-left,6300,9700,15500,18200
9490.545,8416.844,-0.0878633027131057,24953,Top-left,8100,11500,8200,11000
9490.908,9444.298,-0.173404738902168,26007,Top-left,8100,11500,8200,11000
9491.333,18119.25,0.0865859901189423,59237,Bottom-left,6300,9700,15500,18200
9493.314,16065.536,0.0274936352566483,46385,Bottom-left,6300,9700,15500,18200
9493.884,16269.817,-0.0507815403802334,46677,Bottom-left,6300,9700,15500,18200
9496.731,9583.873,-0.107593202539797,26159,Top-left,8100,11500,8200,11000
9496.939,15887.671,0.108511923549683,46160,Bottom-left,6300,9700,15500,18200
9497.066,9509.541,-0.134667188849019,26074,Top-left,8100,11500,8200,11000
9497.65,15592.35,0.0460282532264811,45708,Bottom-left,6300,9700,15500,18200
9497.673,16842.951,0.0206125004854549,47567,Bottom-left,6300,9700,15500,18200
9497.768,16012.068,0.0823435533961445,46329,Bottom-left,6300,9700,15500,18200
9498.5205,10526.576,-0.0448934681762691,27224,Top-left,8100,11500,8200,11000
9501.573,8304.862,0.20728337523708,24839,Top-left,8100,11500,8200,11000
9502.125,10968.948,0.0205661051132408,27800,Top-left,8100,11500,8200,11000
9502.266,9671.679,0.109512458311373,26239,Top-left,8100,11500,8200,11000
9502.311,8812.553,-0.0791546802628993,25359,Top-left,8100,11500,8200,11000
9504.226,10108.603,0.0293718169311673,26773,Top-left,8100,11500,8200,11000
9505.147,10360.014,0.0675764541934123,27053,Top-left,8100,11500,8200,11000
9505.597,16346.209,-0.148292442132316,46783,Bottom-left,6300,9700,15500,18200
9507.48,9025.255,-0.156013906856454,25602,Top-left,8100,11500,8200,11000
9508.593,16684.107,-0.0362429317227257,47295,Bottom-left,6300,9700,15500,18200
9508.801,8210.632,0.224198908291384,24756,Top-left,8100,11500,8200,11000
9510.021,8708.284,0.14301189767862,25258,Top-left,8100,11500,8200,11000
9511.832,8739.595,0.0433948627640253,25289,Top-left,8100,11500,8200,11000
9513.098,18079.605,0.0597597117319587,59188,Bottom-left,6300,9700,15500,18200
9515.175,10475.848,0.120322953325399,27184,Top-left,8100,11500,8200,11000
9515.786,8986.564,-0.11971638029076,25577,Top-left,8100,11500,8200,11000
9516.136,17063.102,-0.113934260422717,47932,Bottom-left,6300,9700,15500,18200
9521.304,15814.988,0.155160378806787,46047,Bottom-left,6300,9700,15500,18200
9521.38,16754.814,0.0253287820868334,47407,Bottom-left,6300,9700,15500,18200
9525.187,9743.965,-0.0491421669547966,26325,Top-left,8100,11500,8200,11000
9526.145,8651.826,-0.166755390233407,25185,Top-left,8100,11500,8200,11000
9529.026,8307.79,0.028385766302301,24850,Top-left,8100,11500,8200,11000
9529.098,9164.929,-0.153982943902653,25745,Top-left,8100,11500,8200,11000
9529.234,9828.83,0.123408849004585,26413,Top-left,8100,11500,8200,11000
9529.257,17950.182,-0.0833468470378709,49463,Bottom-left,6300,9700,15500,18200
9529.475,8950.954,-0.162147502419131,25522,Top-left,8100,11500,8200,11000
9533.592,9243.044,-0.15063534812909,25804,Top-left,8100,11500,8200,11000
9533.634,9867.295,-0.0701335711781393,26473,Top-left,8100,11500,8200,11000
9534.246,8823.557,0.093775750847663,25367,Top-left,8100,11500,8200,11000
9534.382,8275.634,0.0660431918691343,24820,Top-left,8100,11500,8200,11000
9536.223,10863.204,-0.0565026677321671,27675,Top-left,8100,11500,8200,11000
9536.619,15998.404,0.018401251943426,46315,Bottom-left,6300,9700,15500,18200
9536.624,16791.635,0.0638565135546188,47467,Bottom-left,6300,9700,15500,18200
9536.845,15833.266,0.181490644880188,46073,Bottom-left,6300,9700,15500,18200
9537.114,8774.812,0.0735289014635137,25323,Top-left,8100,11500,8200,11000
9537.259,16845.73,0.147380377732819,47568,Bottom-left,6300,9700,15500,18200
9537.369,18013.59,0.0487199710360108,59088,Bottom-left,6300,9700,15500,18200
9540.748,18169.207,-0.0426476074453522,59328,Bottom-left,6300,9700,15500,18200
9542.508,17354.947,-0.223196361807909,48419,Bottom-left,6300,9700,15500,18200
9543.32,9970.947,-0.0606594320657224,26605,Top-left,8100,11500,8200,11000
9543.685,10946.067,0.0305244296943892,27783,Top-left,8100,11500,8200,11000
9544.544,16126.404,0.204513428387682,46464,Bottom-left,6300,9700,15500,18200
9545.675,16437.393,0.0528137515772084,46926,Bottom-left,6300,9700,15500,18200
9546.719,18112.889,0.0951610835318662,59224,Bottom-left,6300,9700,15500,18200
9547.698,15776.84,0.106574997652169,45973,Bottom-left,6300,9700,15500,18200
9547.952,10885.583,0.0512239101642499,27709,Top-left,8100,11500,8200,11000
9548.983,16924.121,0.197509241786611,47699,Bottom-left,6300,9700,15500,18200
9549.436,15737.513,0.124032976814898,45921,Bottom-left,6300,9700,15500,18200
9549.936,9125.547,-0.0556710582661248,25701,Top-left,8100,11500,8200,11000
9551.128,10352.898,0.132799597268799,27055,Top-left,8100,11500,8200,11000
9551.442,18042.32,0.15683484008549,59138,Bottom-left,6300,9700,15500,18200
9553.121,9648.005,0.0170687521413243,26229,Top-left,8100,11500,8200,11000
9554.124,17934.066,0.0320172589886731,49433,Bottom-left,6300,9700,15500,18200
9554.422,8843.746,-0.0837798176718338,25407,Top-left,8100,11500,8200,11000
9554.6,16590.13,-0.190290593626723,47153,Bottom-left,6300,9700,15500,18200
9556.402,15709.8545,0.0617512270179207,45867,Bottom-left,6300,9700,15500,18200
9556.738,17093.877,-0.189424652358797,47975,Bottom-left,6300,9700,15500,18200
9557.044,16677.406,-0.17513662143802,47284,Bottom-left,6300,9700,15500,18200
9559.187,9607.968,-0.137468176283242,26185,Top-left,8100,11500,8200,11000
9560.014,15638.282,0.0731913044671486,45784,Bottom-left,6300,9700,15500,18200
9560.509,8624.394,-0.0916820058272803,25151,Top-left,8100,11500,8200,11000
9563.913,9850.611,0.0221655034542123,26453,Top-left,8100,11500,8200,11000
9564.456,17233.502,-0.099588446619975,48229,Bottom-left,6300,9700,15500,18200
9564.868,9892.88,0.0882719991585803,26520,Top-left,8100,11500,8200,11000
9564.977,8432.886,-0.168642061928575,24984,Top-left,8100,11500,8200,11000
9565.392,9542.815,-0.0255627049829489,26095,Top-left,8100,11500,8200,11000
9565.458,15847.098,0.0819664225816848,46102,Bottom-left,6300,9700,15500,18200
9565.754,17851.889,0.142904598614103,49309,Bottom-left,6300,9700,15500,18200
9567.645,9342.568,-0.0465977242279264,25889,Top-left,8100,11500,8200,11000
9568.033,8923.185,0.0224999516460463,25480,Top-left,8100,11500,8200,11000
9568.204,10032.6455,-0.0928722009850562,26677,Top-left,8100,11500,8200,11000
9570.281,16879.068,0.104777758528873,47627,Bottom-left,6300,9700,15500,18200
9570.741,18076.48,0.191840855490045,59179,Bottom-left,6300,9700,15500,18200
9572.025,9039.767,-0.0723194685818309,25613,Top-left,8100,11500,8200,11000
9575.604,16041.875,0.0379364639008958,46361,Bottom-left,6300,9700,15500,18200
9576.067,15679.067,0.125132746367516,45833,Bottom-left,6300,9700,15500,18200
9576.483,17564.594,-0.12622554252097,48862,Bottom-left,6300,9700,15500,18200
9577.552,17167.025,-0.0135169417765031,48084,Bottom-left,6300,9700,15500,18200
9577.732,16359.186,-0.0309574003283521,46811,Bottom-left,6300,9700,15500,18200
9578.991,10183.34,0.0255336815919426,26878,Top-left,8100,11500,8200,11000
9579.818,10921.018,-0.019859596431408,27745,Top-left,8100,11500,8200,11000
9581.89,10858.958,0.0258451645676311,27657,Top-left,8100,11500,8200,11000
9582.239,15782.941,0.134780979561117,45990,Bottom-left,6300,9700,15500,18200
9587.639,17373.605,-0.0732149105197173,48476,Bottom-left,6300,9700,15500,18200
9591.019,16992.605,0.120613330918009,47803,Bottom-left,6300,9700,15500,18200
9591.227,17893.031,0.0906290167316399,49378,Bottom-left,6300,9700,15500,18200
9591.51,8542.01,-0.0560607407891481,25089,Top-left,8100,11500,8200,11000
9591.576,17920.139,-0.0145045162377593,49419,Bottom-left,6300,9700,15500,18200
9592.62,8388.542,0.0269514528303628,24927,Top-left,8100,11500,8200,11000
9593.541,9612.368,-0.163879384954982,26180,Top-left,8100,11500,8200,11000
9595.076,17779.201,0.0323766751612769,49208,Bottom-left,6300,9700,15500,18200
9595.341,18105.67,0.0249990364121131,59211,Bottom-left,6300,9700,15500,18200
9597.665,8200.891,0.0532927782494583,24739,Top-left,8100,11500,8200,11000
9597.839,16949.12,-0.0898414065473155,47749,Bottom-left,6300,9700,15500,18200
9598.498,8876.704,-0.223629332441872,25427,Top-left,8100,11500,8200,11000
9599.598,17954.865,0.04335729082016,49488,Bottom-left,6300,9700,15500,18200
9599.683,8690.775,-0.102472901573388,25225,Top-left,8100,11500,8200,11000
9600.356,17616.994,-0.0181575553716823,48945,Bottom-left,6300,9700,15500,18200
9601.52,9169.628,-0.105274730772415,25738,Top-left,8100,11500,8200,11000
9601.822,15579.202,0.22655421197507,45687,Bottom-left,6300,9700,15500,18200
9602.224,9061.505,-0.0353828734205718,25628,Top-left,8100,11500,8200,11000
9603.502,15751.268,0.105588808732751,45944,Bottom-left,6300,9700,15500,18200
9603.722,16018.459,0.0225718135961786,46338,Bottom-left,6300,9700,15500,18200
9605.923,15841.933,0.130507338979684,46092,Bottom-left,6300,9700,15500,18200
9606.968,17467.77,-0.109836192991468,48674,Bottom-left,6300,9700,15500,18200
9607.924,10253.52,-0.00899412025032361,26947,Top-left,8100,11500,8200,11000
9609.29,15911.385,0.0632613964367706,46197,Bottom-left,6300,9700,15500,18200
9610.609,18163.123,0.0212753048158844,59312,Bottom-left,6300,9700,15500,18200
9610.937,17008.492,0.0963610329756606,47838,Bottom-left,6300,9700,15500,18200
9613.833,17744.959,-0.00250188596778225,49152,Bottom-left,6300,9700,15500,18200
9614.611,15535.728,-0.00164508559280794,45617,Bottom-left,6300,9700,15500,18200
9615.745,18072.738,0.027246778553138,59174,Bottom-left,6300,9700,15500,18200
9617.33,17720.135,-0.133138469943612,49104,Bottom-left,6300,9700,15500,18200
9619.308,17944.365,0.00434062936525959,49449,Bottom-left,6300,9700,15500,18200
9619.482,9991.529,-0.00392169506273306,26638,Top-left,8100,11500,8200,11000
9620.94,9714.096,-0.0446832750435181,26293,Top-left,8100,11500,8200,11000
9621.042,9674.233,-0.16647720875876,26259,Top-left,8100,11500,8200,11000
9621.427,16843.297,0.00627807419246313,47569,Bottom-left,6300,9700,15500,18200
9621.513,16778.096,0.143306683639125,47432,Bottom-left,6300,9700,15500,18200
9622.11,16257.462,0.0132056043358704,46652,Bottom-left,6300,9700,15500,18200
9623.153,15707.952,0.0126261324625531,45876,Bottom-left,6300,9700,15500,18200
9625.501,17307.246,-0.166070973459963,48342,Bottom-left,6300,9700,15500,18200
9625.918,16166.472,0.065948673178824,46516,Bottom-left,6300,9700,15500,18200
9628.562,8985.669,-0.195053270600316,25556,Top-left,8100,11500,8200,11000
9630.48,17042.137,-0.00108242658490734,47892,Bottom-left,6300,9700,15500,18200
9630.671,10942.464,0.131732395009446,27755,Top-left,8100,11500,8200,11000
9631.345,9751.865,0.0838913079172014,26332,Top-left,8100,11500,8200,11000
9633.132,17907.951,-0.0261947233547594,49401,Bottom-left,6300,9700,15500,18200
9635.882,8209.711,0.102189838815216,24755,Top-left,8100,11500,8200,11000
9638.645,17994.055,0.0868245497779809,49525,Bottom-left,6300,9700,15500,18200
9638.805,10968.456,-0.0205725040563832,27801,Top-left,8100,11500,8200,11000
9638.817,10554.632,-0.0911403184492043,27269,Top-left,8100,11500,8200,11000
9638.944,9830.352,-0.0500081082227226,26435,Top-left,8100,11500,8200,11000
9640.464,10587.558,-0.0725225811887967,27307,Top-left,8100,11500,8200,11000
9642.175,16986.533,0.0305244296943892,47810,Bottom-left,6300,9700,15500,18200
9642.812,17388.484,-0.166679274713659,48523,Bottom-left,6300,9700,15500,18200
9643.984,17215.059,-0.0803627488135992,48198,Bottom-left,6300,9700,15500,18200
9644.394,18068.676,0.0049791622905741,59175,Bottom-left,6300,9700,15500,18200
9647.191,15828.112,-0.0344211654000558,46056,Bottom-left,6300,9700,15500,18200
9649.573,17931.906,0.0392082807579624,49438,Bottom-left,6300,9700,15500,18200
9650.083,10019.379,-0.032689282864204,26673,Top-left,8100,11500,8200,11000
9651.023,9797.087,-0.0071514659484095,26391,Top-left,8100,11500,8200,11000
9651.853,17958.932,-0.0803160526001301,49489,Bottom-left,6300,9700,15500,18200
9652.718,15712.617,-0.00897332654087975,45877,Bottom-left,6300,9700,15500,18200
9653.903,9250.185,-0.0782818000981505,25810,Top-left,8100,11500,8200,11000
9655.09,16877.152,-0.0145045162377594,47617,Bottom-left,6300,9700,15500,18200
9655.166,16192.282,0.0505584118918676,46556,Bottom-left,6300,9700,15500,18200
9657.153,9502.316,-0.0974820337493108,26058,Top-left,8100,11500,8200,11000
9657.363,9136.183,-0.00741157986929441,25706,Top-left,8100,11500,8200,11000
9657.582,10156.426,0.0432574554730082,26839,Top-left,8100,11500,8200,11000
9658.273,18099.316,0.0235088107331164,59212,Bottom-left,6300,9700,15500,18200
9660.113,9053.561,-0.117118556486982,25635,Top-left,8100,11500,8200,11000
9660.831,17825.338,0.0388423644891692,49279,Bottom-left,6300,9700,15500,18200
9664.248,8938.186,-0.161714531785168,25514,Top-left,8100,11500,8200,11000
9664.82,15985.935,0.079686520829471,46289,Bottom-left,6300,9700,15500,18200
9665.318,17734,-0.0296584884264632,49133,Bottom-left,6300,9700,15500,18200
9666.223,9651.196,-0.00202002780487338,26230,Top-left,8100,11500,8200,11000
9668.175,8399.352,-0.0395351013772938,24931,Top-left,8100,11500,8200,11000
9670.244,16661.08,-0.019267193211352,47273,Bottom-left,6300,9700,15500,18200
9670.467,17655.701,0.0184388874483711,49014,Bottom-left,6300,9700,15500,18200
9672.022,17630.922,-0.0218650170151297,48963,Bottom-left,6300,9700,15500,18200
9672.289,18005.928,0.242944275806067,59089,Bottom-left,6300,9700,15500,18200
9674.142,17015.354,0.0240298701849446,47861,Bottom-left,6300,9700,15500,18200
9674.635,9299.186,-0.149591354034205,25857,Top-left,8100,11500,8200,11000
9674.807,16083.274,0.0709344801638973,46406,Bottom-left,6300,9700,15500,18200
9675.119,17685.2,0.178527762797706,49050,Bottom-left,6300,9700,15500,18200
9676.258,18043.701,0.000623779842447791,59133,Bottom-left,6300,9700,15500,18200
9677.214,18136.041,0.0342746641316699,59277,Bottom-left,6300,9700,15500,18200
9677.245,16138.044,0.0366947584617511,46465,Bottom-left,6300,9700,15500,18200
9678.227,9906.016,-0.0297462474256618,26526,Top-left,8100,11500,8200,11000
9679.383,17054.453,-0.0331222534981669,47910,Bottom-left,6300,9700,15500,18200
9680.135,8550.724,-0.167037808599571,25101,Top-left,8100,11500,8200,11000
9680.531,15593.5205,0.0395258432236922,45713,Bottom-left,6300,9700,15500,18200
9680.782,16527.707,0.0934467980546553,47053,Bottom-left,6300,9700,15500,18200
9680.786,16959.297,0.0209990757472038,47775,Bottom-left,6300,9700,15500,18200
9681.484,15780.938,-0.019267193211352,45976,Bottom-left,6300,9700,15500,18200
9681.973,17182.273,-0.140666881192902,48106,Bottom-left,6300,9700,15500,18200
9682.651,17872.76,0.0338936368205513,49351,Bottom-left,6300,9700,15500,18200
9683.764,17927.076,-0.108892114441686,49420,Bottom-left,6300,9700,15500,18200
9683.989,10145.627,0.0320945493274628,26828,Top-left,8100,11500,8200,11000
9684.205,17604.633,-0.0448124606151671,48914,Bottom-left,6300,9700,15500,18200
9684.337,9960.711,-0.0461025030803973,26594,Top-left,8100,11500,8200,11000
9687.98,17761.893,0.046079191417457,49193,Bottom-left,6300,9700,15500,18200
9690.378,8975.895,-0.0746093785197117,25546,Top-left,8100,11500,8200,11000
9690.8,17955.287,0.130315967821935,49474,Bottom-left,6300,9700,15500,18200
9690.823,17269.674,-0.00296182101933453,48280,Bottom-left,6300,9700,15500,18200
9691.346,8205.182,-0.128317956370988,24731,Top-left,8100,11500,8200,11000
9691.721,15667.707,-0.0015153972188704,45820,Bottom-left,6300,9700,15500,18200
9692.538,16470.244,-0.0383179011057226,46957,Bottom-left,6300,9700,15500,18200
9693.148,15809.384,0.111083122002206,46032,Bottom-left,6300,9700,15500,18200
9696.732,17072.906,0.00285101613154451,47953,Bottom-left,6300,9700,15500,18200
9697.354,16641.69,-0.107160231905834,47210,Bottom-left,6300,9700,15500,18200
9698.02,10846.948,-0.0928722009850562,27658,Top-left,8100,11500,8200,11000
9698.6045,10968.344,-0.0218650170151299,27802,Top-left,8100,11500,8200,11000
9699.165,9800.961,-0.0736086817337248,26396,Top-left,8100,11500,8200,11000
9702.094,9702.382,-0.0420482882281179,26273,Top-left,8100,11500,8200,11000
9703.82,10719.952,-0.0487091963208337,27485,Top-left,8100,11500,8200,11000
9712.664,9620.852,-0.126126458458483,26181,Top-left,8100,11500,8200,11000
9714.33,10132.075,0.0953839821607572,26807,Top-left,8100,11500,8200,11000
9720.172,9400.118,-0.0683210376167971,25946,Top-left,8100,11500,8200,11000
9723.089,10571.488,-0.105533396158526,27292,Top-left,8100,11500,8200,11000
9726.492,9249.995,-0.206743477717316,25817,Top-left,8100,11500,8200,11000
9729.3955,10674.644,-0.0969687283943254,27415,Top-left,8100,11500,8200,11000
9733.021,8475.436,-0.128276836785208,25019,Top-left,8100,11500,8200,11000
9736.217,9850.308,-0.0547442493263143,26459,Top-left,8100,11500,8200,11000
9737.3125,9890.525,0.0736501497226585,26513,Top-left,8100,11500,8200,11000
9741.6455,9699.419,-0.246309483941898,26264,Top-left,8100,11500,8200,11000
9744.272,9795.427,-0.054708395563172,26392,Top-left,8100,11500,8200,11000
9751.754,8756.652,-0.169559160946091,25292,Top-left,8100,11500,8200,11000
9764.713,9113.469,-0.20284674201165,25687,Top-left,8100,11500,8200,11000
9766.056,10669.953,-0.188125740456909,27405,Top-left,8100,11500,8200,11000
9766.617,8380.536,-0.0141611409848233,24922,Top-left,8100,11500,8200,11000
9768.752,8676.314,-0.182930092849353,25226,Top-left,8100,11500,8200,11000
9770.409,9291.08,-0.0852028496466115,25833,Top-left,8100,11500,8200,11000
9773.291,10818.05,-0.191589505528612,27588,Top-left,8100,11500,8200,11000
9790.681,10055.474,-0.0309574003283521,26712,Top-left,8100,11500,8200,11000
9795.835,10395.875,-0.050778509289258,27094,Top-left,8100,11500,8200,11000
9796.282,9862.967,-0.0101748098981296,26474,Top-left,8100,11500,8200,11000
9802.416,10489.166,-0.00363708432557061,27201,Top-left,8100,11500,8200,11000
9816.495,10853.199,-0.104569529385109,27659,Top-left,8100,11500,8200,11000
9826.463,9704.983,-0.216701802298464,26294,Top-left,8100,11500,8200,11000
9829.034,8512.434,-0.00526749135753125,25061,Top-left,8100,11500,8200,11000
9830.022,10057.612,-0.0148837461725165,26722,Top-left,8100,11500,8200,11000
9832.107,10233.746,-0.00543578470039743,26926,Top-left,8100,11500,8200,11000
9832.874,9075.623,-0.15006305712517,25636,Top-left,8100,11500,8200,11000
9835.041,10905.752,0.0599885568672675,27726,Top-left,8100,11500,8200,11000
9839.405,8933.778,-0.278616602955168,25488,Top-left,8100,11500,8200,11000
9840.503,10796.492,-0.138878307173904,27562,Top-left,8100,11500,8200,11000
9852.141,8749.941,-0.0289237711314204,25293,Top-left,8100,11500,8200,11000
9859.511,8564.961,0.0131583941266974,25112,Top-left,8100,11500,8200,11000
9860.864,8668.77,0.0607436062736948,25216,Top-left,8100,11500,8200,11000
9860.982,8374.994,0.0872919646444883,24919,Top-left,8100,11500,8200,11000
9863.491,9520.289,-0.175569592071983,26088,Top-left,8100,11500,8200,11000
9874.727,9972.708,0.00644134805538751,26611,Top-left,8100,11500,8200,11000
9877.336,8201.86,-0.0430805780793152,24749,Top-left,8100,11500,8200,11000
9882.184,10569.119,-0.0211552302084063,27293,Top-left,8100,11500,8200,11000
9888.578,8284.333,0.109742195539829,24825,Top-left,8100,11500,8200,11000
9890.026,9227.864,-0.07671526848174,25793,Top-left,8100,11500,8200,11000
9891.471,8884.33,-0.0830820842916313,25430,Top-left,8100,11500,8200,11000
9894.059,9665.8955,-0.175957786444684,26224,Top-left,8100,11500,8200,11000
9900.682,10246.617,0.0905764629850389,26930,Top-left,8100,11500,8200,11000
9903.684,8656.497,-0.141364911988908,25189,Top-left,8100,11500,8200,11000
9906.425,8736.696,-0.0733211235051519,25267,Top-left,8100,11500,8200,11000
9907.218,10080.604,0.0915991773071434,26744,Top-left,8100,11500,8200,11000
9910.303,10541.893,-0.16344641432102,27264,Top-left,8100,11500,8200,11000
9916.47,8944.966,-0.138629533953183,25515,Top-left,8100,11500,8200,11000
9919.6455,10349.322,0.0517520908997434,27042,Top-left,8100,11500,8200,11000
9920.61,8240.862,0.169251892102049,24783,Top-left,8100,11500,8200,11000
9920.934,10430.356,-0.0916514233834641,27141,Top-left,8100,11500,8200,11000
9927.112,9903.6455,-0.110387246166332,26492,Top-left,8100,11500,8200,11000
9930.318,9925.222,0.0307361726406706,26554,Top-left,8100,11500,8200,11000
9930.686,9075.387,-0.0816307193244767,25650,Top-left,8100,11500,8200,11000
9933.28,9488.912,-0.0765709002484379,26055,Top-left,8100,11500,8200,11000
9937.892,10861.423,0.0148976257232257,27676,Top-left,8100,11500,8200,11000
9937.966,9363.187,-0.173827813842449,25926,Top-left,8100,11500,8200,11000
9940.45,9792.614,-0.199081258715146,26361,Top-left,8100,11500,8200,11000
9943.752,8600.998,0.0445804764616578,25140,Top-left,8100,11500,8200,11000
9952.195,10782.256,-0.093424483780229,27549,Top-left,8100,11500,8200,11000
9963.096,10809.943,-0.119283409656797,27612,Top-left,8100,11500,8200,11000
9964.763,8464.009,-0.0879020578546322,25002,Top-left,8100,11500,8200,11000
9967.957,8311.083,-0.0248958114528705,24851,Top-left,8100,11500,8200,11000
9969.391,8567.932,-0.0719857831863655,25106,Top-left,8100,11500,8200,11000
9974.1045,8271.724,-0.116685585853019,24802,Top-left,8100,11500,8200,11000
9977.752,10990.109,-0.0423789755247943,27823,Top-left,8100,11500,8200,11000
9980.551,8684.181,-0.0177161523529051,25217,Top-left,8100,11500,8200,11000
9982.446,10310.446,0.0100958251350006,27005,Top-left,8100,11500,8200,11000
9982.83,8792.227,-0.0761841329866544,25337,Top-left,8100,11500,8200,11000
9985.783,9818.147,-0.14392296005125,26414,Top-left,8100,11500,8200,11000
9988.438,8950.848,-0.0331865031202428,25516,Top-left,8100,11500,8200,11000
9990.755,10472.055,-0.103309133469599,27174,Top-left,8100,11500,8200,11000
9993.524,9896.649,-0.121664466910031,26506,Top-left,8100,11500,8200,11000
9994.409,8352.571,-0.104995378736019,24898,Top-left,8100,11500,8200,11000
9997.8125,9980.965,0.00194836785283346,26624,Top-left,8100,11500,8200,11000
10002.072,8433.09,-0.204578624547501,24962,Top-left,8100,11500,8200,11000
10002.286,8525.825,-0.109795681454622,25062,Top-left,8100,11500,8200,11000
10002.7,9611.78,-0.0389079192615107,26194,Top-left,8100,11500,8200,11000
10005.616,10623.233,-0.126708664674558,27353,Top-left,8100,11500,8200,11000
10009.229,9682.974,-0.10946366341997,26250,Top-left,8100,11500,8200,11000
10012.707,10035.703,0.0681055402640182,26678,Top-left,8100,11500,8200,11000
10013.158,9762.224,-0.184661975385205,26341,Top-left,8100,11500,8200,11000
10015.76,10680.582,-0.105276922569168,27420,Top-left,8100,11500,8200,11000
10016.781,9448.666,-0.133346531351514,26008,Top-left,8100,11500,8200,11000
10027.026,8755.92,-0.0517097499622682,25280,Top-left,8100,11500,8200,11000
10037.461,10501.905,-0.135822361017919,27202,Top-left,8100,11500,8200,11000
10039.77,9984.584,-0.0259141975983315,26631,Top-left,8100,11500,8200,11000
10044.902,8271.298,-0.0927288694561195,24797,Top-left,8100,11500,8200,11000
10045.762,9019.572,-0.119080391191954,25589,Top-left,8100,11500,8200,11000
10056.262,9941.093,0.0449929565023543,26576,Top-left,8100,11500,8200,11000
10064.044,10055.177,0.079584940677822,26690,Top-left,8100,11500,8200,11000
10070.315,10765.608,-0.170411566372338,27531,Top-left,8100,11500,8200,11000
10072.347,9458.48,-0.188558711090871,26027,Top-left,8100,11500,8200,11000
10072.644,10449.858,-0.125777969166242,27159,Top-left,8100,11500,8200,11000
10073.4,10280.014,-0.100232701762427,26976,Top-left,8100,11500,8200,11000
10074.862,9868.724,-0.217134772932427,26479,Top-left,8100,11500,8200,11000
10075.856,9727.372,-0.142663823890797,26302,Top-left,8100,11500,8200,11000
10083.091,9524.006,-0.139676607247249,26089,Top-left,8100,11500,8200,11000
10091.513,9639.522,-0.148404844178252,26199,Top-left,8100,11500,8200,11000
10093.777,8478.746,-0.150218833947818,25008,Top-left,8100,11500,8200,11000
10100.563,10678.05,-0.104995378736019,27427,Top-left,8100,11500,8200,11000
10101.554,8674.565,-0.121431619000482,25210,Top-left,8100,11500,8200,11000
10105.003,8919.82,-0.0998340893253626,25473,Top-left,8100,11500,8200,11000
10106.235,9349.815,-0.207609418985242,25908,Top-left,8100,11500,8200,11000
10112.122,9214.032,-0.180640561148117,25787,Top-left,8100,11500,8200,11000
10115.599,9999.119,0.278938108016092,26654,Top-left,8100,11500,8200,11000
10116.106,9792.667,-0.138518780679041,26356,Top-left,8100,11500,8200,11000
10117.787,10134.313,0.0954588804607502,26800,Top-left,8100,11500,8200,11000
10123.952,9951.908,-0.0435135487132781,26601,Top-left,8100,11500,8200,11000
10124.346,8736.7705,0.0133127976980978,25281,Top-left,8100,11500,8200,11000
10136.355,10412.8545,-0.15646312572951,27118,Top-left,8100,11500,8200,11000
10137.729,10522.738,-0.175569592071983,27233,Top-left,8100,11500,8200,11000
10144.528,8256.131,-0.140609239084827,24798,Top-left,8100,11500,8200,11000
10145.78,10229.22,-0.0543378145623522,26922,Top-left,8100,11500,8200,11000
10152.5205,9144.127,-0.128056482952077,25717,Top-left,8100,11500,8200,11000
10166.768,9548.74,-0.143962735792686,26113,Top-left,8100,11500,8200,11000
10168.021,10695.208,-0.0552526421073981,27440,Top-left,8100,11500,8200,11000
10171.156,8527.906,-0.0759983820981655,25056,Top-left,8100,11500,8200,11000
10178.728,9209.182,-0.0471427064351037,25770,Top-left,8100,11500,8200,11000
10179.666,10571.937,-0.180285007887646,27294,Top-left,8100,11500,8200,11000
10181.892,10936.531,0.132341771615873,27762,Top-left,8100,11500,8200,11000
10182.244,9335.076,-0.167781718903343,25879,Top-left,8100,11500,8200,11000
10193.404,8207.091,-0.202846742011649,24750,Top-left,8100,11500,8200,11000
10194.152,10107.366,-0.0153704575056852,26774,Top-left,8100,11500,8200,11000
10202.804,9505.675,-0.115960154189528,26059,Top-left,8100,11500,8200,11000
10208.213,10384.614,0.0441999613714284,27098,Top-left,8100,11500,8200,11000
10213.185,9996.492,-0.0277985077722065,26646,Top-left,8100,11500,8200,11000
10214.756,8837.331,-0.225794185611687,25381,Top-left,8100,11500,8200,11000
10220.557,9829.054,-0.297667310849539,26406,Top-left,8100,11500,8200,11000
10222.41,10199.811,0.0746906116576592,26889,Top-left,8100,11500,8200,11000
10223.89,10246.994,0.0290158341883423,26943,Top-left,8100,11500,8200,11000
10228.748,9598.665,-0.0784426658146342,26167,Top-left,8100,11500,8200,11000
10232.641,10744.873,-0.166044238124797,27508,Top-left,8100,11500,8200,11000
10240.981,8241.144,-0.208908330887131,24771,Top-left,8100,11500,8200,11000
10247.014,9554.26,-0.231422803853205,26117,Top-left,8100,11500,8200,11000
10254.374,9867.94,0.0580847965421596,26486,Top-left,8100,11500,8200,11000
10256.118,9424.831,-0.183363063483316,25992,Top-left,8100,11500,8200,11000
10257.084,10800.703,-0.0647291097774633,27600,Top-left,8100,11500,8200,11000
10259.282,10311.801,-0.110191026343575,27010,Top-left,8100,11500,8200,11000
10260.659,10420.759,-0.130006352261599,27129,Top-left,8100,11500,8200,11000
10264.1045,10146.784,-0.00502363036811957,26840,Top-left,8100,11500,8200,11000
10264.913,10656.427,-0.214103978494687,27394,Top-left,8100,11500,8200,11000
10276.465,10047.379,-0.0608323740717967,26713,Top-left,8100,11500,8200,11000
10278.027,10012.777,-0.0417077232155011,26668,Top-left,8100,11500,8200,11000
10279.606,9144.406,-0.188268710465459,25723,Top-left,8100,11500,8200,11000
10285.799,10714.471,-0.0126007532822033,27477,Top-left,8100,11500,8200,11000
10291.249,9765.183,-0.197382892983955,26333,Top-left,8100,11500,8200,11000
10295.118,9360.62,-0.140728878333724,25916,Top-left,8100,11500,8200,11000
10297.155,10312.8545,-0.113654791415278,27011,Top-left,8100,11500,8200,11000
10304.168,10386.24,-0.127295506550693,27079,Top-left,8100,11500,8200,11000
10311.953,9984.056,-0.0686258454831301,26639,Top-left,8100,11500,8200,11000
10313.44,9643.786,-0.0967021698739756,26213,Top-left,8100,11500,8200,11000
10318.321,10221.114,0.0405156191184035,26914,Top-left,8100,11500,8200,11000
10325.529,9884.911,0.018485856363808,26493,Top-left,8100,11500,8200,11000
10336.357,8503.469,-0.0914897527665106,25042,Top-left,8100,11500,8200,11000
10337.098,8234.342,-0.0885754244457048,24772,Top-left,8100,11500,8200,11000
10338.125,10018.421,-0.0941690406313885,26679,Top-left,8100,11500,8200,11000
10340.665,8399.164,-0.0456085147954817,24932,Top-left,8100,11500,8200,11000
10342.753,10674.564,-0.123182527601823,27428,Top-left,8100,11500,8200,11000
10349.555,10259.2705,-0.000216485316981377,26965,Top-left,8100,11500,8200,11000
10356.919,8304.043,0.126979802262719,24836,Top-left,8100,11500,8200,11000
10357.742,8707.152,-0.0836249917608523,25244,Top-left,8100,11500,8200,11000
10366.658,9248.091,-0.181454328886936,25811,Top-left,8100,11500,8200,11000
10368.153,10430.865,-0.0578791206847467,27142,Top-left,8100,11500,8200,11000
10371.649,9753.139,-0.213238037226761,26326,Top-left,8100,11500,8200,11000
10374.954,10236.496,-0.0655950510453893,26931,Top-left,8100,11500,8200,11000
10378.057,8829.06,-0.138109836703721,25368,Top-left,8100,11500,8200,11000
10378.912,9861.819,-0.0468385384796677,26480,Top-left,8100,11500,8200,11000
10379.902,8226.366,-0.104562408102056,24766,Top-left,8100,11500,8200,11000
10382.022,10054.604,0.0163114032375165,26720,Top-left,8100,11500,8200,11000
10386.077,10347.939,-0.128153546740225,27054,Top-left,8100,11500,8200,11000
10388.468,8360.278,0.0829072855598371,24912,Top-left,8100,11500,8200,11000
10388.472,10743.996,-0.159982649249316,27516,Top-left,8100,11500,8200,11000
10394.658,9466.058,-0.196785153136168,26038,Top-left,8100,11500,8200,11000
10395.359,9949.141,0.0994177546424423,26577,Top-left,8100,11500,8200,11000
10399.614,9995.339,-0.0406641949471511,26619,Top-left,8100,11500,8200,11000
10401.585,10688.748,-0.193754358698427,27429,Top-left,8100,11500,8200,11000
10409.038,8438.852,-0.116943480631938,24980,Top-left,8100,11500,8200,11000
10411.331,9861.473,-0.26129777759665,26444,Top-left,8100,11500,8200,11000
10411.5,10428.245,-0.00208512121381272,27136,Top-left,8100,11500,8200,11000
10420.815,9009.614,-0.0909305079120943,25571,Top-left,8100,11500,8200,11000
10426.305,9369.649,-0.142037124725704,25931,Top-left,8100,11500,8200,11000
10438.506,9136.028,-0.237051422094724,25710,Top-left,8100,11500,8200,11000
10439.647,8465.755,-0.180332269045575,25004,Top-left,8100,11500,8200,11000
10442.921,9885.581,-0.0647291097774633,26514,Top-left,8100,11500,8200,11000
10444.107,10213.368,-0.0590396897777953,26906,Top-left,8100,11500,8200,11000
10447.643,9679.457,-0.100313034567726,26251,Top-left,8100,11500,8200,11000
10452.673,10977.01,-0.0759863462605003,27817,Top-left,8100,11500,8200,11000
10452.889,8287.653,-0.0907968674732381,24826,Top-left,8100,11500,8200,11000
10456.27,9326.95,-0.0166278281687061,25870,Top-left,8100,11500,8200,11000
10466.433,10536.689,-0.206743477717316,27234,Top-left,8100,11500,8200,11000
10470.476,8420.471,0.04468832531428,24963,Top-left,8100,11500,8200,11000
10473.133,9933.386,0.0419444748084088,26555,Top-left,8100,11500,8200,11000
10481.029,10315.337,-0.117269379089866,27006,Top-left,8100,11500,8200,11000
10482.226,9537.758,-0.150631090726667,26103,Top-left,8100,11500,8200,11000
10482.249,9004.217,-0.0985502380049019,25578,Top-left,8100,11500,8200,11000
10483.641,10746.948,-0.081614964502019,27525,Top-left,8100,11500,8200,11000
10487.514,10911.798,-0.05298015564964,27736,Top-left,8100,11500,8200,11000
10497.406,8349.4,-0.00903556464534078,24889,Top-left,8100,11500,8200,11000
10500.917,10594.997,-0.223786458810333,27308,Top-left,8100,11500,8200,11000
10501.953,9988.561,0.0158209460836368,26632,Top-left,8100,11500,8200,11000
10506.99,8628.982,-0.0974562269016056,25162,Top-left,8100,11500,8200,11000
10508.044,9623.246,-0.198116714821257,26186,Top-left,8100,11500,8200,11000
10509.547,10855.874,-0.0600385200020382,27666,Top-left,8100,11500,8200,11000
10510.769,8521.584,0.00340957103220005,25063,Top-left,8100,11500,8200,11000
10516.375,10232.971,0.00596684169769304,26927,Top-left,8100,11500,8200,11000
10529.109,9848.427,-0.15482323848462,26436,Top-left,8100,11500,8200,11000
10531.9375,8266.03,0.221182903863528,24806,Top-left,8100,11500,8200,11000
10533.878,10255.724,-0.0205661051132408,26966,Top-left,8100,11500,8200,11000
10534.34,8460.559,-0.105013174859077,25009,Top-left,8100,11500,8200,11000
10546.564,10424.686,-0.269524219641946,27099,Top-left,8100,11500,8200,11000
10549.025,9069.719,-0.129008042761767,25651,Top-left,8100,11500,8200,11000
10551.206,8835.808,-0.0403217572679953,25389,Top-left,8100,11500,8200,11000
10558.789,10168.264,-0.055203755830278,26855,Top-left,8100,11500,8200,11000
10566.246,9573.128,-0.156289381471319,26126,Top-left,8100,11500,8200,11000
10566.723,8340.49,-0.0820759036605412,24875,Top-left,8100,11500,8200,11000
10575.141,8501.977,0.0327938264929466,25049,Top-left,8100,11500,8200,11000
10582.322,10378.368,-0.239649245898501,27075,Top-left,8100,11500,8200,11000
10590.28,9839.732,-0.113061901006534,26407,Top-left,8100,11500,8200,11000
10590.574,10791.467,0.0522225762477061,27573,Top-left,8100,11500,8200,11000
10593.205,10292.57,-0.108716054839045,26986,Top-left,8100,11500,8200,11000
10598.6455,10663.252,-0.122747174728501,27384,Top-left,8100,11500,8200,11000
10599.986,8851.936,-0.172324736098143,25408,Top-left,8100,11500,8200,11000
10611.56,10574.6875,-0.217208433641755,27278,Top-left,8100,11500,8200,11000
10614.648,9920.135,0.0566791560540335,26527,Top-left,8100,11500,8200,11000
10621.933,8752.298,-0.130744647808952,25282,Top-left,8100,11500,8200,11000
10623.524,8956.773,-0.227093097513576,25538,Top-left,8100,11500,8200,11000
10627.303,9151.523,-0.145261647694575,25731,Top-left,8100,11500,8200,11000
10628.551,8388.301,-0.0195569892175637,24928,Top-left,8100,11500,8200,11000
10628.764,10247.144,0.045895127020952,26952,Top-left,8100,11500,8200,11000
10635.7295,9364.307,-0.128256903687623,25927,Top-left,8100,11500,8200,11000
10638.495,8482.834,-0.134011942508402,25010,Top-left,8100,11500,8200,11000
10640.628,10512.195,-0.219299626102242,27225,Top-left,8100,11500,8200,11000
10644.291,9184.092,-0.137468176283242,25760,Top-left,8100,11500,8200,11000
10645.949,9748.657,-0.0340091742399715,26327,Top-left,8100,11500,8200,11000
10663.119,8298.061,-0.126446069518482,24837,Top-left,8100,11500,8200,11000
10665.902,10271.022,-0.104817558583142,26972,Top-left,8100,11500,8200,11000
10666.027,10858.063,-0.0268637933399188,27677,Top-left,8100,11500,8200,11000
10666.299,9824.075,-0.0519264993348226,26408,Top-left,8100,11500,8200,11000
10666.876,9654.184,-0.172273590910798,26225,Top-left,8100,11500,8200,11000
10667.52,10724.763,-0.0361530479359076,27489,Top-left,8100,11500,8200,11000
10668.21,8607.816,-0.121092003886455,25127,Top-left,8100,11500,8200,11000
10670.335,10186.427,-0.0339187726997038,26879,Top-left,8100,11500,8200,11000
10685.391,9320.245,-0.150068470495989,25871,Top-left,8100,11500,8200,11000
10685.412,8808.654,-0.102959235051742,25347,Top-left,8100,11500,8200,11000
10689.78,9897.69,-0.193325900252175,26507,Top-left,8100,11500,8200,11000
10690.121,8371.308,-0.0697666972585647,24890,Top-left,8100,11500,8200,11000
10692.705,10356.747,-0.13140658740776,27056,Top-left,8100,11500,8200,11000
10700.557,9006.22,-0.227959038781501,25532,Top-left,8100,11500,8200,11000
10701.367,9152.903,-0.142624424034932,25727,Top-left,8100,11500,8200,11000
10707.359,10409.909,-0.120510647303524,27109,Top-left,8100,11500,8200,11000
10709.003,8431.171,-0.0447846230306147,24971,Top-left,8100,11500,8200,11000
10716.32,8220.301,-0.126643910434167,24762,Top-left,8100,11500,8200,11000
10730.254,8820.433,-0.0637984514096448,25362,Top-left,8100,11500,8200,11000
10732.355,10356.739,-0.158250766713464,27057,Top-left,8100,11500,8200,11000
10741.395,9290.067,-0.111076258433618,25852,Top-left,8100,11500,8200,11000
10741.6455,8909.446,-0.0981230855538561,25469,Top-left,8100,11500,8200,11000
10748.858,9580.679,-0.22622715624565,26136,Top-left,8100,11500,8200,11000
10758.7,9237.054,-0.170510059802104,25788,Top-left,8100,11500,8200,11000
10759.744,9717.504,-0.186393857921057,26284,Top-left,8100,11500,8200,11000
10768.92,8750.645,-0.0555021711267554,25299,Top-left,8100,11500,8200,11000
10776.839,8364.216,-0.076470949757588,24866,Top-left,8100,11500,8200,11000
10778.208,9933.358,-0.13596835321586,26547,Top-left,8100,11500,8200,11000
10779.306,9862.654,-0.0884355936926447,26460,Top-left,8100,11500,8200,11000
10780.566,10515.353,-0.0212351901590863,27235,Top-left,8100,11500,8200,11000
10782.701,9624.916,-0.127524646132745,26187,Top-left,8100,11500,8200,11000
10785.772,10820.21,-0.0417816661774263,27626,Top-left,8100,11500,8200,11000
10788.75,10398.948,-0.0967689366907228,27102,Top-left,8100,11500,8200,11000
10796.79,8999.745,-0.263722995655175,25555,Top-left,8100,11500,8200,11000
10800.553,10055.191,-0.238350333996613,26708,Top-left,8100,11500,8200,11000
10803.411,8785.917,-0.076339068279545,25338,Top-left,8100,11500,8200,11000
10809.408,10563.702,-0.0539048439283892,27284,Top-left,8100,11500,8200,11000
10819.92,8619.825,-0.230989833219242,25159,Top-left,8100,11500,8200,11000
10825.039,9796.947,-0.167776120660649,26384,Top-left,8100,11500,8200,11000
10829.107,8436.091,0.0295413083551766,24943,Top-left,8100,11500,8200,11000
10831.593,9365.694,-0.131227225398779,25938,Top-left,8100,11500,8200,11000
10835.191,9981.565,-0.172301129986389,26578,Top-left,8100,11500,8200,11000
10837.324,9856.169,-0.225203115737668,26437,Top-left,8100,11500,8200,11000
10841.838,10179.193,-0.0387508717396855,26869,Top-left,8100,11500,8200,11000
10842.081,10946.919,-0.000649455950944435,27784,Top-left,8100,11500,8200,11000
10844.933,10331.019,-0.0422146368113892,27037,Top-left,8100,11500,8200,11000
10858.21,10799.461,-0.125777969166242,27583,Top-left,8100,11500,8200,11000
10859.62,9696.982,-0.130296366690168,26265,Top-left,8100,11500,8200,11000
10861.451,8574.686,0.0232278712588745,25113,Top-left,8100,11500,8200,11000
10861.8,8524.789,-0.00481146977802522,25057,Top-left,8100,11500,8200,11000
10864.439,10941.137,0.0359781418701991,27767,Top-left,8100,11500,8200,11000
10876.154,8621.915,-0.147735018160356,25167,Top-left,8100,11500,8200,11000
10881.162,9263.402,-0.185094946019168,25834,Top-left,8100,11500,8200,11000
10881.803,10838.083,-0.0141730728998533,27645,Top-left,8100,11500,8200,11000
10885.399,10798.414,-0.0298747961828373,27589,Top-left,8100,11500,8200,11000
10885.458,10376.241,-0.044379489981204,27092,Top-left,8100,11500,8200,11000
10885.946,10322.969,-0.0205661051132408,27026,Top-left,8100,11500,8200,11000
10890.064,10946.47,0.0456043175476611,27775,Top-left,8100,11500,8200,11000
10901.311,10513.746,-0.010846926890718,27220,Top-left,8100,11500,8200,11000
10903.599,9180.807,-0.235319539558872,25749,Top-left,8100,11500,8200,11000
10906.46,9786.654,-0.0556828754040833,26369,Top-left,8100,11500,8200,11000
10909.261,9566.025,-0.108668470253181,26127,Top-left,8100,11500,8200,11000
10909.6,10006.22,-0.189424652358797,26658,Top-left,8100,11500,8200,11000
10910.679,8403.61,-0.0312585058565325,24939,Top-left,8100,11500,8200,11000
10910.748,8589.573,0.0582562449672082,25131,Top-left,8100,11500,8200,11000
10913.179,8493.642,-0.160414797125265,25029,Top-left,8100,11500,8200,11000
10913.232,10870.529,0.163606652228438,27691,Top-left,8100,11500,8200,11000
10916.089,10321.219,0.0667617980821619,27027,Top-left,8100,11500,8200,11000
10917.18,9130.9,-0.204145653913538,25711,Top-left,8100,11500,8200,11000
10918.8,10770.51,-0.0526059320265003,27544,Top-left,8100,11500,8200,11000
10918.999,9457.739,-0.225361214977724,26022,Top-left,8100,11500,8200,11000
10921.263,10199.237,-0.100232701762427,26856,Top-left,8100,11500,8200,11000
10923.848,9751.998,0.0276539205884217,26334,Top-left,8100,11500,8200,11000
10926.068,8926.575,-0.136574224350461,25481,Top-left,8100,11500,8200,11000
10931.476,10918.176,0.115051392166714,27746,Top-left,8100,11500,8200,11000
10936.908,9512.918,0.126841283786297,26090,Top-left,8100,11500,8200,11000
10943.393,8752.726,-0.145173073373464,25283,Top-left,8100,11500,8200,11000
10952.299,9085.868,-0.187259799188983,25671,Top-left,8100,11500,8200,11000
10957.505,9733.478,-0.0305098989524075,26285,Top-left,8100,11500,8200,11000
10957.689,9250.983,-0.214269289558424,25818,Top-left,8100,11500,8200,11000
10961.801,10074.7705,-0.0824809057699449,26733,Top-left,8100,11500,8200,11000
10963.643,9971.248,0.0208390520847254,26606,Top-left,8100,11500,8200,11000
10964.482,9003.033,-0.136371138341269,25579,Top-left,8100,11500,8200,11000
10964.531,9160.759,-0.167776120660649,25750,Top-left,8100,11500,8200,11000
10972.494,10840.968,0.000216485316981529,27651,Top-left,8100,11500,8200,11000
10980.601,10112.497,0.0290539589366953,26763,Top-left,8100,11500,8200,11000
10982.111,10910.173,-0.0220418768033371,27727,Top-left,8100,11500,8200,11000
10982.966,8480.108,-0.0486956477889266,25020,Top-left,8100,11500,8200,11000
10987.699,10191.244,-0.0950370541548709,26888,Top-left,8100,11500,8200,11000
10988.787,10274.892,-0.0781511994303152,26948,Top-left,8100,11500,8200,11000
10992.266,9950.828,0.11040925437954,26583,Top-left,8100,11500,8200,11000
10992.772,8252.879,-0.107160231905834,24792,Top-left,8100,11500,8200,11000
10996.62,9482.88,-0.0545977185686105,26056,Top-left,8100,11500,8200,11000
10997.409,9058.528,-0.0794387085145755,25618,Top-left,8100,11500,8200,11000
10997.493,9395.785,-0.0853505222535555,25949,Top-left,8100,11500,8200,11000
10999.75,8720.864,-0.144395706426649,25284,Top-left,8100,11500,8200,11000
11001.223,10830.853,0.0837041920249307,27629,Top-left,8100,11500,8200,11000
11012.864,8671.99,-0.127918388448082,25196,Top-left,8100,11500,8200,11000
11018.274,10631.966,-0.0166693694075742,27370,Top-left,8100,11500,8200,11000
11018.776,9871.832,-0.0724952816896787,26448,Top-left,8100,11500,8200,11000
11020.21,8844.635,-0.109613333525504,25390,Top-left,8100,11500,8200,11000
11022.128,9790.011,-0.0777182287963523,26376,Top-left,8100,11500,8200,11000
11022.33,10144.61,-0.0419924506144971,26815,Top-left,8100,11500,8200,11000
11024.586,8544.247,0.0614047953901775,25096,Top-left,8100,11500,8200,11000
11024.774,9957.851,0.05915573065174,26602,Top-left,8100,11500,8200,11000
11029.786,10115.874,-0.0309574003283521,26788,Top-left,8100,11500,8200,11000
11030.302,9301.64,-0.219807468810065,25840,Top-left,8100,11500,8200,11000
11031.724,9559.365,-0.200982289889294,26121,Top-left,8100,11500,8200,11000
11034.757,10778.108,0.0571236505450382,27563,Top-left,8100,11500,8200,11000
11041.31,8356.924,-0.181631180947464,24899,Top-left,8100,11500,8200,11000
11046.273,9178.525,-0.120378783508006,25755,Top-left,8100,11500,8200,11000
11046.82,10033.6875,0.0573081520237702,26680,Top-left,8100,11500,8200,11000
11058.319,8869.386,-0.13876708818513,25441,Top-left,8100,11500,8200,11000
11066.067,8733.303,-0.200031998901645,25260,Top-left,8100,11500,8200,11000
11067.6455,8516.185,-0.00746980463148227,25058,Top-left,8100,11500,8200,11000
11069.121,8833.95,-0.23358765702302,25382,Top-left,8100,11500,8200,11000
11071.087,10491.516,0.0546521000712407,27203,Top-left,8100,11500,8200,11000
11072.9375,8228.798,-0.108897838811432,24763,Top-left,8100,11500,8200,11000
11074.004,9324.6455,-0.0742544637246485,25890,Top-left,8100,11500,8200,11000
11077.23,9152.986,0.00266509894971847,25742,Top-left,8100,11500,8200,11000
11079.438,8900.053,-0.125344998532279,25459,Top-left,8100,11500,8200,11000
11082.29,10858.222,-0.0639185706536985,27667,Top-left,8100,11500,8200,11000
11082.803,10186.403,0.0742125627973312,26870,Top-left,8100,11500,8200,11000
11097.772,10140.451,-0.116252615219056,26808,Top-left,8100,11500,8200,11000
11098.164,10467.649,-0.00983773685515859,27185,Top-left,8100,11500,8200,11000
11100.349,8200.161,-0.15616308735452,24744,Top-left,8100,11500,8200,11000
11102.638,9737.3125,0.0565229266339576,26314,Top-left,8100,11500,8200,11000
11104.686,8684.177,-0.0685653066828695,25218,Top-left,8100,11500,8200,11000
11107.294,10608.629,-0.0218650170151297,27342,Top-left,8100,11500,8200,11000
11109.766,8584.765,0.132542805756285,25128,Top-left,8100,11500,8200,11000
11112.244,8346.337,-0.172041264488003,24885,Top-left,8100,11500,8200,11000
11114.622,9840.937,-0.0693410741077977,26438,Top-left,8100,11500,8200,11000
11116.309,9421.006,-0.175410964833175,25981,Top-left,8100,11500,8200,11000
11116.93,9086.57,-0.206743477717316,25664,Top-left,8100,11500,8200,11000
11132.437,10793.778,-0.0578015796340559,27564,Top-left,8100,11500,8200,11000
11132.811,9343.625,-0.149107855664007,25898,Top-left,8100,11500,8200,11000
11137.695,9704.147,-0.185960887287094,26278,Top-left,8100,11500,8200,11000
11146.214,8632.009,0.00656358267601379,25168,Top-left,8100,11500,8200,11000
11146.247,9110.894,-0.165124400436557,25688,Top-left,8100,11500,8200,11000
11147.981,9984.515,0.231736856409822,26633,Top-left,8100,11500,8200,11000
11150.768,9059.46,-0.00499144502103991,25637,Top-left,8100,11500,8200,11000
11151.114,10152.711,0.0446691776426113,26841,Top-left,8100,11500,8200,11000
11151.762,9584.553,-0.229243279487418,26146,Top-left,8100,11500,8200,11000
11154.465,9790.962,-0.181198210313501,26373,Top-left,8100,11500,8200,11000
11156.669,9268.288,-0.13042875423131,25835,Top-left,8100,11500,8200,11000
11159.644,8915.022,0.02736431992735,25482,Top-left,8100,11500,8200,11000
11161.326,10332.554,0.0428288951523492,27038,Top-left,8100,11500,8200,11000
11162.261,8400.238,0.0616076896440685,24954,Top-left,8100,11500,8200,11000
11163.892,10891.27,0.03500324264514,27710,Top-left,8100,11500,8200,11000
11164.571,10579.794,-0.117551527120945,27299,Top-left,8100,11500,8200,11000
11169.637,9932.539,-0.19418732933239,26548,Top-left,8100,11500,8200,11000
11173.697,10958.856,0.0045461916566112,27795,Top-left,8100,11500,8200,11000
11176.332,8827.445,-0.0630796482377553,25369,Top-left,8100,11500,8200,11000
11178.177,10015.972,-0.0149374868717222,26685,Top-left,8100,11500,8200,11000
11180.41,10105.877,-0.0571355158125563,26775,Top-left,8100,11500,8200,11000
11181.5205,8984.982,0.102932864214222,25547,Top-left,8100,11500,8200,11000
11182.418,9988.952,0.0388209912793082,26640,Top-left,8100,11500,8200,11000
11182.6875,8754.623,0.0189295132350131,25305,Top-left,8100,11500,8200,11000
11186.608,9452.861,-0.163446414321019,26028,Top-left,8100,11500,8200,11000
11190.706,8316.599,-0.171705775250872,24854,Top-left,8100,11500,8200,11000
11200.8125,8731.701,0.0837839802460325,25271,Top-left,8100,11500,8200,11000
11201.27,10062.624,0.000670077694372943,26730,Top-left,8100,11500,8200,11000
11201.79,10371.071,0.093686495187953,27080,Top-left,8100,11500,8200,11000
11203.638,9301.149,-0.132371706333195,25865,Top-left,8100,11500,8200,11000
11206.299,10769.812,0.0797167089517829,27550,Top-left,8100,11500,8200,11000
11212.929,8919.441,-0.0474250944875109,25498,Top-left,8100,11500,8200,11000
11215.178,10008.57,0.0460405673513752,26663,Top-left,8100,11500,8200,11000
11218.804,9513.929,-0.102921648333592,26063,Top-left,8100,11500,8200,11000
11219.258,8768.128,-0.019401168068569,25320,Top-left,8100,11500,8200,11000
11220.462,9591.383,-0.254803218087205,26153,Top-left,8100,11500,8200,11000
11220.479,9142.002,-0.0372211791377575,25689,Top-left,8100,11500,8200,11000
11220.795,9715.151,0.022152710605174,26279,Top-left,8100,11500,8200,11000
11225.597,9345.317,-0.00227898836782017,25928,Top-left,8100,11500,8200,11000
11226.351,9894.081,-0.104562408102056,26508,Top-left,8100,11500,8200,11000
11234.637,10247.175,-0.0240298701849446,26944,Top-left,8100,11500,8200,11000
11235.062,10888.875,-0.0240298701849446,27711,Top-left,8100,11500,8200,11000
11240.399,9426.594,-0.155683427092469,25973,Top-left,8100,11500,8200,11000
11241.31,8954.697,0.0467720334873875,25523,Top-left,8100,11500,8200,11000
11248.792,9248.058,-0.0329871870153771,25812,Top-left,8100,11500,8200,11000
11252.478,10104.937,-0.0719079317758614,26758,Top-left,8100,11500,8200,11000
11257.822,10431.153,-0.0372512862591505,27137,Top-left,8100,11500,8200,11000
11262.487,8481.985,-0.0655950510453893,25030,Top-left,8100,11500,8200,11000
11266.742,10397.494,0.120630711058016,27103,Top-left,8100,11500,8200,11000
11268.664,10197.723,-0.0439465193472411,26899,Top-left,8100,11500,8200,11000
11270.141,10938.294,-0.00541213292453701,27768,Top-left,8100,11500,8200,11000
11271,10659.932,0.106548737997641,27416,Top-left,8100,11500,8200,11000
11274.035,8230.483,-0.0678913729945851,24767,Top-left,8100,11500,8200,11000
11278.528,10843.994,0.117029768060329,27630,Top-left,8100,11500,8200,11000
11278.908,8837.565,-0.00844292736227781,25397,Top-left,8100,11500,8200,11000
11280.854,9812.152,0.0764810142099491,26415,Top-left,8100,11500,8200,11000
11282.563,10089.305,-0.0558117677659337,26734,Top-left,8100,11500,8200,11000
11284.124,10700.07,0.0432286064430734,27456,Top-left,8100,11500,8200,11000
11288.463,8341.361,0.00807451327664523,24876,Top-left,8100,11500,8200,11000
11294.417,9906.604,-0.142386256426174,26528,Top-left,8100,11500,8200,11000
11294.529,10004.54,-0.00112357901543017,26647,Top-left,8100,11500,8200,11000
11299.328,8812.244,-0.0162363987736113,25363,Top-left,8100,11500,8200,11000
11301.68,8778.932,0.0266962571382373,25328,Top-left,8100,11500,8200,11000
11303.93,9955.165,-0.0516318648288862,26579,Top-left,8100,11500,8200,11000
11307.153,10126.685,-0.0760042989693216,26813,Top-left,8100,11500,8200,11000
11308.095,9772.819,-0.0518205050704803,26362,Top-left,8100,11500,8200,11000
11308.354,10186.108,-0.0643777651692489,26880,Top-left,8100,11500,8200,11000
11313.567,9442.142,-0.122103718334666,26023,Top-left,8100,11500,8200,11000
11314.102,10409.31,-0.0655448131360707,27124,Top-left,8100,11500,8200,11000
11317.236,8989.234,-0.0477653544896466,25565,Top-left,8100,11500,8200,11000
11319.168,8620.904,-0.0270493040128502,25160,Top-left,8100,11500,8200,11000
11321.631,10841.415,-0.0560696970982042,27652,Top-left,8100,11500,8200,11000
11323.315,8306.506,0.0449550282813924,24808,Top-left,8100,11500,8200,11000
11327.1,10805.933,0.161138112180446,27601,Top-left,8100,11500,8200,11000
11332.101,9404.13,-0.0601826167284595,25939,Top-left,8100,11500,8200,11000
11332.305,10113.749,0.0651286442121768,26776,Top-left,8100,11500,8200,11000
11334.888,9927.669,0.0346245693596378,26541,Top-left,8100,11500,8200,11000
11335.19,8847.762,0.0433471528266632,25418,Top-left,8100,11500,8200,11000
11339.009,8560.089,0.0863833917227696,25114,Top-left,8100,11500,8200,11000
11344.889,8218.167,-0.0331222534981669,24757,Top-left,8100,11500,8200,11000
11345.185,8694.393,0.0671362097824945,25237,Top-left,8100,11500,8200,11000
11346.962,9689.56,-0.0141670026978904,26267,Top-left,8100,11500,8200,11000
11347.024,8531.117,0.144333791536092,25081,Top-left,8100,11500,8200,11000
11347.825,8803.836,0.0173808828988498,25352,Top-left,8100,11500,8200,11000
11347.981,10038.19,0.00192270531468469,26691,Top-left,8100,11500,8200,11000
11353.729,9756.129,-0.0699247573850188,26342,Top-left,8100,11500,8200,11000
11355.227,8875.933,0.227838597716761,25442,Top-left,8100,11500,8200,11000
11366.849,8355.62,-0.0928722009850562,24891,Top-left,8100,11500,8200,11000
11371.334,9797.949,-0.0291043840836225,26374,Top-left,8100,11500,8200,11000
11378.272,8472.551,-0.0166693694075742,25021,Top-left,8100,11500,8200,11000
11380.628,9958.301,0.0521532199113769,26595,Top-left,8100,11500,8200,11000
11382.495,8429.65,0.0768853906104137,24977,Top-left,8100,11500,8200,11000
11391.676,9568.434,-0.133629833907513,26104,Top-left,8100,11500,8200,11000
11393.326,9756.995,0.0812768216169462,26352,Top-left,8100,11500,8200,11000
11398.346,9687.07,0.0753188952840509,26240,Top-left,8100,11500,8200,11000
11410.52,8279.569,-0.000845699359392362,24809,Top-left,8100,11500,8200,11000
11411.175,10750.481,0.0144588118496577,27526,Top-left,8100,11500,8200,11000
11411.736,8603.398,0.000295990467616284,25144,Top-left,8100,11500,8200,11000
11414.653,10712.86,-0.18674672544888,27478,Top-left,8100,11500,8200,11000
11415.867,8894.23,-0.09633596605676,25452,Top-left,8100,11500,8200,11000
11416.307,9727.873,-0.133360441295636,26303,Top-left,8100,11500,8200,11000
11416.45,10797.926,-0.0751204049925745,27590,Top-left,8100,11500,8200,11000
11420.87,10578.191,-0.00364412964392133,27300,Top-left,8100,11500,8200,11000
11422.758,8801.985,0.187430876320612,25353,Top-left,8100,11500,8200,11000
11423.472,10820.466,0.00710529528227534,27619,Top-left,8100,11500,8200,11000
11423.885,10848.97,0.0585671956812251,27660,Top-left,8100,11500,8200,11000
11426.851,8334.877,0.0127230133039087,24877,Top-left,8100,11500,8200,11000
11429.57,9359.202,-0.0590050144506322,25917,Top-left,8100,11500,8200,11000
11429.909,9627.622,-0.0466393931292407,26205,Top-left,8100,11500,8200,11000
11432.413,10687.54,0.081319209416428,27447,Top-left,8100,11500,8200,11000
11434.416,8516.905,-0.0643401239199841,25059,Top-left,8100,11500,8200,11000
11435.895,8941.2295,-0.0131813095314607,25517,Top-left,8100,11500,8200,11000
11438.684,9926.052,0.0771739627511246,26549,Top-left,8100,11500,8200,11000
11443.2295,8603.624,0.0426478226760914,25145,Top-left,8100,11500,8200,11000
11443.5,9149.921,-0.0929805462122386,25728,Top-left,8100,11500,8200,11000
11444.001,10983.447,-0.00937751778782079,27821,Top-left,8100,11500,8200,11000
11447.391,10775.001,-0.0273263127892404,27551,Top-left,8100,11500,8200,11000
11450.613,8663.143,-0.0232677478554369,25211,Top-left,8100,11500,8200,11000
11453.626,10312.656,0.150686135557948,27002,Top-left,8100,11500,8200,11000
11453.689,10445.82,-0.00462745704216718,27164,Top-left,8100,11500,8200,11000
11455.509,8552.258,0.0581272129991313,25097,Top-left,8100,11500,8200,11000
11462.502,8763.889,-0.0492929767074319,25300,Top-left,8100,11500,8200,11000
11464.704,8484.925,0.0251466273532645,25031,Top-left,8100,11500,8200,11000
11467.417,10395.324,-0.13019766250775,27086,Top-left,8100,11500,8200,11000
11467.941,10643.501,-0.198074630668692,27380,Top-left,8100,11500,8200,11000
11471.478,10937.933,0.143289874410501,27776,Top-left,8100,11500,8200,11000
11473.135,9500.177,0.180694279931273,26067,Top-left,8100,11500,8200,11000
11474.132,8676.443,-0.0119066924339817,25238,Top-left,8100,11500,8200,11000
11474.457,8928.622,0.0392016701017094,25489,Top-left,8100,11500,8200,11000
11475.623,9926.452,0.145295720482906,26550,Top-left,8100,11500,8200,11000
11478.064,10861.552,0.00816736725024756,27678,Top-left,8100,11500,8200,11000
11478.094,10114.032,0.0786438912838084,26789,Top-left,8100,11500,8200,11000
11479.422,10837.201,-0.0661296024772619,27620,Top-left,8100,11500,8200,11000
11480.2295,9451.0205,0.143052958628363,26024,Top-left,8100,11500,8200,11000
11481.184,10443.456,-0.0824461733671945,27160,Top-left,8100,11500,8200,11000
11482.068,9020.369,0.145189474977368,25557,Top-left,8100,11500,8200,11000
11487.841,10282.867,-0.0295906997125452,26977,Top-left,8100,11500,8200,11000
11496.188,10602.8,-0.13358914623525,27329,Top-left,8100,11500,8200,11000
11497.251,8338.71,-0.0530389026604632,24852,Top-left,8100,11500,8200,11000
11498.2705,10562.732,-0.00882425609895972,27279,Top-left,8100,11500,8200,11000
11498.686,8625.975,-0.0616983153397225,25152,Top-left,8100,11500,8200,11000
14100.664,18895.73,0.053514796930485,60468,Bottom-middle,14100,17500,16300,19000
14101.213,18370.438,-0.0809681631745034,59627,Bottom-middle,14100,17500,16300,19000
14115.302,16637.127,-0.0895588209808194,47237,Bottom-middle,14100,17500,16300,19000
14117.732,17700.838,0.0912533405382039,49091,Bottom-middle,14100,17500,16300,19000
14119.99,18759.639,-0.056700047746007,60179,Bottom-middle,14100,17500,16300,19000
14120.344,16702.38,0.0865554069597551,47332,Bottom-middle,14100,17500,16300,19000
14121.784,17355.781,0.123524914635733,48461,Bottom-middle,14100,17500,16300,19000
14123.872,17267.941,0.0710648501521209,48302,Bottom-middle,14100,17500,16300,19000
14123.9795,17142.111,-0.109751106885276,48069,Bottom-middle,14100,17500,16300,19000
14127.162,18904.898,0.0316584851765619,60488,Bottom-middle,14100,17500,16300,19000
14135.062,17665.926,0.0846714497449705,49028,Bottom-middle,14100,17500,16300,19000
14135.805,16752.82,0.160507289659978,47398,Bottom-middle,14100,17500,16300,19000
14135.965,17607.648,-0.0599664328038708,48938,Bottom-middle,14100,17500,16300,19000
14137.255,16478.52,0.0105812444157336,46998,Bottom-middle,14100,17500,16300,19000
14139.508,18631,0.28182173327257,59976,Bottom-middle,14100,17500,16300,19000
14144.811,17556.635,0.0678699637896616,48843,Bottom-middle,14100,17500,16300,19000
14145.416,17138.146,-0.101994444876305,48061,Bottom-middle,14100,17500,16300,19000
14145.8545,17391.02,0.111577578797102,48515,Bottom-middle,14100,17500,16300,19000
14146.906,16428.947,-0.160848590517242,46906,Bottom-middle,14100,17500,16300,19000
14149.93,17232.768,0.0158459091346943,48212,Bottom-middle,14100,17500,16300,19000
14154.791,17293.309,0.176337280219748,48365,Bottom-middle,14100,17500,16300,19000
14155.037,18757.12,0.0265852607231834,60163,Bottom-middle,14100,17500,16300,19000
14158.706,17477.121,0.146411784344776,48692,Bottom-middle,14100,17500,16300,19000
14159.75,17499.102,0.186834578695423,48744,Bottom-middle,14100,17500,16300,19000
14163.695,17825.613,0.0485845847147905,49296,Bottom-middle,14100,17500,16300,19000
14164.693,18572.898,0.0275278940442339,59885,Bottom-middle,14100,17500,16300,19000
14164.838,17421.867,-0.00703130094268371,48588,Bottom-middle,14100,17500,16300,19000
14165.981,16741.66,-0.0032540631121217,47382,Bottom-middle,14100,17500,16300,19000
14167.876,17973.043,-0.0850113839481434,49510,Bottom-middle,14100,17500,16300,19000
14168.098,17126.254,-0.149158383400242,48032,Bottom-middle,14100,17500,16300,19000
14168.529,16809.834,0.027632990715619,47452,Bottom-middle,14100,17500,16300,19000
14171.817,18865.893,0.0692440323800953,60417,Bottom-middle,14100,17500,16300,19000
14177.212,17736.812,-0.0458781164022726,49142,Bottom-middle,14100,17500,16300,19000
14181.146,17482.873,-0.0114737218000186,48706,Bottom-middle,14100,17500,16300,19000
14182.619,18831.648,0.0422049519682774,60331,Bottom-middle,14100,17500,16300,19000
14186.135,17882.025,-0.0712743771043774,49360,Bottom-middle,14100,17500,16300,19000
14187.141,17400.535,0.0932533209487741,48545,Bottom-middle,14100,17500,16300,19000
14188.666,17232.043,-0.0670114556131509,48232,Bottom-middle,14100,17500,16300,19000
14191.19,16952.232,-0.122197098286242,47736,Bottom-middle,14100,17500,16300,19000
14191.462,17637.678,0.0673411402758547,48981,Bottom-middle,14100,17500,16300,19000
14193.759,18455.414,-0.155900491879744,59742,Bottom-middle,14100,17500,16300,19000
14194.789,17710.578,-0.0718470706502289,49092,Bottom-middle,14100,17500,16300,19000
14198.851,18811.488,0.0857783398526727,60291,Bottom-middle,14100,17500,16300,19000
14201.126,18995.268,0.120453843599501,60673,Bottom-middle,14100,17500,16300,19000
14203.913,17513.162,-0.0228390895650631,48759,Bottom-middle,14100,17500,16300,19000
14212.212,17417.158,-0.0694917867510559,48580,Bottom-middle,14100,17500,16300,19000
14219.849,16396.613,0.0412887186360706,46858,Bottom-middle,14100,17500,16300,19000
14221.094,16727.678,0.00942896874033014,47370,Bottom-middle,14100,17500,16300,19000
14224.551,16916.396,-0.0783918079257532,47689,Bottom-middle,14100,17500,16300,19000
14226.72,18850.594,0.111963458044946,60368,Bottom-middle,14100,17500,16300,19000
14227.313,17259.3,-0.169508003196501,48248,Bottom-middle,14100,17500,16300,19000
14228.208,17096.73,0.033205458247757,47984,Bottom-middle,14100,17500,16300,19000
14231.759,18914.508,0.0431654949784954,60529,Bottom-middle,14100,17500,16300,19000
14232.628,18978.203,0.0416090355473928,60642,Bottom-middle,14100,17500,16300,19000
14232.742,17455.637,-0.00393547148465701,48645,Bottom-middle,14100,17500,16300,19000
14233.618,16846.406,0.0362417781003475,47560,Bottom-middle,14100,17500,16300,19000
14233.855,17149.393,0.101254816964057,48070,Bottom-middle,14100,17500,16300,19000
14234.722,16504.656,0.0452287634873743,47036,Bottom-middle,14100,17500,16300,19000
14235.644,18002.926,-0.178119884468467,59103,Bottom-middle,14100,17500,16300,19000
14235.954,17570.406,0.0568753817818399,48872,Bottom-middle,14100,17500,16300,19000
14237.692,18740.078,0.109662754864858,60147,Bottom-middle,14100,17500,16300,19000
14240.017,16544.738,-0.158250766713464,47089,Bottom-middle,14100,17500,16300,19000
14240.575,18344.975,-0.133832186780781,59584,Bottom-middle,14100,17500,16300,19000
14242.249,18600.684,0.00287505682605773,59945,Bottom-middle,14100,17500,16300,19000
14249.48,17062.695,0.0398613265113199,47924,Bottom-middle,14100,17500,16300,19000
14251.795,16778.096,-0.0985008192265748,47429,Bottom-middle,14100,17500,16300,19000
14253.474,16577.137,-0.0294254268117611,47125,Bottom-middle,14100,17500,16300,19000
14253.573,17292.246,-0.068192874849167,48354,Bottom-middle,14100,17500,16300,19000
14256.637,17639.463,0.00742505871758471,48982,Bottom-middle,14100,17500,16300,19000
14257.57,18938.234,0.035586928987084,60546,Bottom-middle,14100,17500,16300,19000
14260.311,18767.16,0.244598209113877,60215,Bottom-middle,14100,17500,16300,19000
14261.199,18706.824,0.19586458959232,60096,Bottom-middle,14100,17500,16300,19000
14261.96,18264.957,-0.186782384969092,59451,Bottom-middle,14100,17500,16300,19000
14263.362,17026.627,-0.212805066592798,47866,Bottom-middle,14100,17500,16300,19000
14265.115,18873.457,-0.0733885224567226,60425,Bottom-middle,14100,17500,16300,19000
14265.303,18830.516,0.0728507450352628,60332,Bottom-middle,14100,17500,16300,19000
14265.445,18142.11,-0.170968202714349,59255,Bottom-middle,14100,17500,16300,19000
14265.625,17791.498,-0.167665725188897,49219,Bottom-middle,14100,17500,16300,19000
14266.33,16625.926,-0.00168249795037009,47223,Bottom-middle,14100,17500,16300,19000
14268.059,17685.398,0.153316091611978,49063,Bottom-middle,14100,17500,16300,19000
14271.581,18497.205,-0.127942822336056,59802,Bottom-middle,14100,17500,16300,19000
14271.958,16472.473,0.0886165512769848,46972,Bottom-middle,14100,17500,16300,19000
14271.967,17199.287,-0.00957513810190264,48166,Bottom-middle,14100,17500,16300,19000
14274.573,16369.65,-0.0484102222268245,46817,Bottom-middle,14100,17500,16300,19000
14280.621,17421.81,0.160713846398647,48581,Bottom-middle,14100,17500,16300,19000
14283.18,18557.227,-0.0703618002898507,59868,Bottom-middle,14100,17500,16300,19000
14283.842,16844.348,0.0688574104860187,47561,Bottom-middle,14100,17500,16300,19000
14285.135,17125.627,-0.0119894632791856,48015,Bottom-middle,14100,17500,16300,19000
14286.173,16725.844,0.0766057748971084,47361,Bottom-middle,14100,17500,16300,19000
14289.124,18938.172,-0.0217222333811971,60547,Bottom-middle,14100,17500,16300,19000
14291.3955,17605.168,-0.0582345502680188,48918,Bottom-middle,14100,17500,16300,19000
14293.931,17066.768,-0.0324604592505794,47925,Bottom-middle,14100,17500,16300,19000
14298.356,16517.674,-0.0374519598377966,47060,Bottom-middle,14100,17500,16300,19000
14301.869,18786.139,-0.031390370962315,60229,Bottom-middle,14100,17500,16300,19000
14301.923,17505.826,0.129173219575514,48764,Bottom-middle,14100,17500,16300,19000
14302.155,16933.41,0.095154540061993,47722,Bottom-middle,14100,17500,16300,19000
14306.785,18966.709,0.145824757619881,60616,Bottom-middle,14100,17500,16300,19000
14309.003,16461.338,-0.0374519598377966,46965,Bottom-middle,14100,17500,16300,19000
14311.307,16848.83,0.0698100348796864,47574,Bottom-middle,14100,17500,16300,19000
14311.958,16972.334,-0.0329159480650769,47783,Bottom-middle,14100,17500,16300,19000
14313.019,18318.46,-0.192888417430501,59534,Bottom-middle,14100,17500,16300,19000
14313.201,16641.457,-0.018401251943426,47248,Bottom-middle,14100,17500,16300,19000
14313.539,18232.371,-0.212372095958835,59406,Bottom-middle,14100,17500,16300,19000
14314.047,16593.24,-0.0846457589397597,47168,Bottom-middle,14100,17500,16300,19000
14319.964,17677.412,0.00400919941034283,49055,Bottom-middle,14100,17500,16300,19000
14322.182,18135.625,-0.0579725779657169,59272,Bottom-middle,14100,17500,16300,19000
14325.384,17402.588,0.0617730505836661,48555,Bottom-middle,14100,17500,16300,19000
14325.511,17535.195,0.0194637386335885,48806,Bottom-middle,14100,17500,16300,19000
14325.613,16678.62,-0.0201331344792778,47290,Bottom-middle,14100,17500,16300,19000
14326.347,18173.973,0.00311910154679202,59346,Bottom-middle,14100,17500,16300,19000
14326.756,18639.629,-0.0765902391904203,59992,Bottom-middle,14100,17500,16300,19000
14328.712,18983.441,0.112180634352801,60655,Bottom-middle,14100,17500,16300,19000
14330.814,16363.698,0.0560268962323753,46803,Bottom-middle,14100,17500,16300,19000
14330.967,16896.434,0.00311640955643175,47667,Bottom-middle,14100,17500,16300,19000
14332.667,16735.844,0.0595087624351999,47374,Bottom-middle,14100,17500,16300,19000
14334.845,16932.857,-0.103263496200167,47709,Bottom-middle,14100,17500,16300,19000
14336.97,16524.42,-0.0244628408189076,47070,Bottom-middle,14100,17500,16300,19000
14337.744,18814.957,0.0123396630679444,60292,Bottom-middle,14100,17500,16300,19000
14337.994,17015.047,-0.0270568577257001,47850,Bottom-middle,14100,17500,16300,19000
14340.703,17189.34,-0.0236425882630029,48152,Bottom-middle,14100,17500,16300,19000
14343.865,16778.346,-0.0296584884264632,47453,Bottom-middle,14100,17500,16300,19000
14348.533,18847.79,0.0315227125163137,60369,Bottom-middle,14100,17500,16300,19000
14352.135,16561.172,-0.0642961391435003,47103,Bottom-middle,14100,17500,16300,19000
14352.847,18683.035,-0.0198502563944624,60049,Bottom-middle,14100,17500,16300,19000
14355.7295,17667.432,-0.0391838423736484,49029,Bottom-middle,14100,17500,16300,19000
14357.261,16747.107,0.0522354418272712,47391,Bottom-middle,14100,17500,16300,19000
14359.539,17214.404,0.0900570003073826,48204,Bottom-middle,14100,17500,16300,19000
14363.671,17086.102,0.0619194841406064,47967,Bottom-middle,14100,17500,16300,19000
14364.52,16816.799,-0.0332510219192129,47502,Bottom-middle,14100,17500,16300,19000
14364.839,17135.535,0.0294765551807596,48048,Bottom-middle,14100,17500,16300,19000
14369.153,17699.146,0.0698357789031109,49077,Bottom-middle,14100,17500,16300,19000
14374.771,16861.807,0.0137937180171587,47602,Bottom-middle,14100,17500,16300,19000
14377.708,18211.705,-0.193981679243467,59374,Bottom-middle,14100,17500,16300,19000
14381.381,17190.145,0.0898846452789437,48153,Bottom-middle,14100,17500,16300,19000
14382.166,17150.225,0.0999123975401642,48080,Bottom-middle,14100,17500,16300,19000
14382.522,17278.209,0.194822417601386,48295,Bottom-middle,14100,17500,16300,19000
14382.757,16995.072,0.135967670067771,47814,Bottom-middle,14100,17500,16300,19000
14382.861,18470.994,-0.230123891951316,59758,Bottom-middle,14100,17500,16300,19000
14384.779,18866.246,0.00191371763622006,60397,Bottom-middle,14100,17500,16300,19000
14384.983,17222.215,0.0742628258367416,48213,Bottom-middle,14100,17500,16300,19000
14385.961,16611.182,-0.0902743771812784,47185,Bottom-middle,14100,17500,16300,19000
14388.062,17717.678,-0.0189587934704843,49110,Bottom-middle,14100,17500,16300,19000
14388.133,17560.688,0.122811626889588,48849,Bottom-middle,14100,17500,16300,19000
14391.562,17532.719,0.0827128971772013,48819,Bottom-middle,14100,17500,16300,19000
14392.335,18796.055,0.179147452704694,60255,Bottom-middle,14100,17500,16300,19000
14393.372,17393.229,-0.0298196732046522,48532,Bottom-middle,14100,17500,16300,19000
14394.324,17841.666,-0.159760996970989,49287,Bottom-middle,14100,17500,16300,19000
14394.35,17338.186,0.142987989983127,48435,Bottom-middle,14100,17500,16300,19000
14396.771,17479.055,-0.0105381246768417,48699,Bottom-middle,14100,17500,16300,19000
14404.625,17652.846,0.0288837274008604,49004,Bottom-middle,14100,17500,16300,19000
14407.991,16493.105,-0.0798830819661672,47008,Bottom-middle,14100,17500,16300,19000
14408.834,18074.59,-0.116252615219056,59162,Bottom-middle,14100,17500,16300,19000
14410.864,16419.307,-0.0049791622905741,46894,Bottom-middle,14100,17500,16300,19000
14412.759,17018.756,0.0754126644335895,47857,Bottom-middle,14100,17500,16300,19000
14413.959,17503.84,0.0900678763752064,48745,Bottom-middle,14100,17500,16300,19000
14417.255,18018.904,-0.113013036168181,59104,Bottom-middle,14100,17500,16300,19000
14417.705,16789.518,0.0172831665240973,47473,Bottom-middle,14100,17500,16300,19000
14424.839,17739.969,0.0297272281627657,49143,Bottom-middle,14100,17500,16300,19000
14426.587,17074.43,0.160239620769891,47946,Bottom-middle,14100,17500,16300,19000
14430.15,18141.379,-0.217640242005126,59265,Bottom-middle,14100,17500,16300,19000
14435.26,17173.229,0.00220798478953245,48122,Bottom-middle,14100,17500,16300,19000
14438.31,18950.94,0.17921576499473,60585,Bottom-middle,14100,17500,16300,19000
14439.092,17976.938,-0.219299626102242,49500,Bottom-middle,14100,17500,16300,19000
14441.754,16858.89,0.0778169973040391,47589,Bottom-middle,14100,17500,16300,19000
14445.193,17056.53,0.016894151176931,47914,Bottom-middle,14100,17500,16300,19000
14446.202,18789.498,0.0546141370706954,60245,Bottom-middle,14100,17500,16300,19000
14451.067,17879.201,-0.0903572798235123,49345,Bottom-middle,14100,17500,16300,19000
14452.178,17130.436,-0.182930092849353,48025,Bottom-middle,14100,17500,16300,19000
14454.523,18390.355,-0.103414690505812,59604,Bottom-middle,14100,17500,16300,19000
14455.433,18867.447,-0.0248958114528705,60404,Bottom-middle,14100,17500,16300,19000
14455.833,17482.416,-0.060319232578016,48707,Bottom-middle,14100,17500,16300,19000
14457.488,17344.865,0.100778751288253,48448,Bottom-middle,14100,17500,16300,19000
14465.324,17750.395,0.210240118247844,49167,Bottom-middle,14100,17500,16300,19000
14466.237,17274.51,-0.0517399907585743,48319,Bottom-middle,14100,17500,16300,19000
14467.142,18826.613,0.0306230009249657,60333,Bottom-middle,14100,17500,16300,19000
14468.499,17417.09,-0.0149155666294017,48562,Bottom-middle,14100,17500,16300,19000
14470.412,18457.766,-0.235752510192835,59743,Bottom-middle,14100,17500,16300,19000
14473.523,16988.041,0.00846751562649433,47815,Bottom-middle,14100,17500,16300,19000
14474.332,17014.357,0.0439147566393815,47858,Bottom-middle,14100,17500,16300,19000
14475.335,18783.201,0.161383429223498,60216,Bottom-middle,14100,17500,16300,19000
14475.833,16640.066,-0.0898414065473155,47243,Bottom-middle,14100,17500,16300,19000
14477.54,16563.74,-0.115921946606931,47119,Bottom-middle,14100,17500,16300,19000
14479.42,18934.826,0.203263731805386,60537,Bottom-middle,14100,17500,16300,19000
14480.665,17679.086,0.144666795217869,49046,Bottom-middle,14100,17500,16300,19000
14482,16491.307,-0.0612653447057596,46990,Bottom-middle,14100,17500,16300,19000
14483.993,16801.332,0.121073294762334,47487,Bottom-middle,14100,17500,16300,19000
14484.327,18881.84,-0.00298699186533092,60432,Bottom-middle,14100,17500,16300,19000
14488.753,16880.709,0.0304138314908539,47633,Bottom-middle,14100,17500,16300,19000
14491.205,16666.068,-0.0158034281396483,47261,Bottom-middle,14100,17500,16300,19000
14497.955,17331.533,0.0107918638333294,48425,Bottom-middle,14100,17500,16300,19000
14500.563,17204.22,0.0755535376620092,48181,Bottom-middle,14100,17500,16300,19000
14501.072,17134.133,0.169154381536554,48049,Bottom-middle,14100,17500,16300,19000
14502.439,17720.285,-0.105861320003945,49128,Bottom-middle,14100,17500,16300,19000
14504.262,18816.18,0.144887306854911,60304,Bottom-middle,14100,17500,16300,19000
14504.988,18776.117,-0.0248958114528704,60217,Bottom-middle,14100,17500,16300,19000
14506.972,18707.082,-0.0102952808718978,60097,Bottom-middle,14100,17500,16300,19000
14509.09,16962.963,0.0892731104442105,47768,Bottom-middle,14100,17500,16300,19000
14509.727,17953.22,-0.185094946019168,49471,Bottom-middle,14100,17500,16300,19000
14513.346,18954.88,-0.0655950510453892,60598,Bottom-middle,14100,17500,16300,19000
14518.586,18757.527,0.24789962979414,60195,Bottom-middle,14100,17500,16300,19000
14521.72,17029.201,-0.0339881947660929,47874,Bottom-middle,14100,17500,16300,19000
14524.186,17132.086,0.00411322102264829,48042,Bottom-middle,14100,17500,16300,19000
14530.79,17279.62,0.110135700639593,48340,Bottom-middle,14100,17500,16300,19000
14532.284,16314.77,-0.0296584884264632,46743,Bottom-middle,14100,17500,16300,19000
14533.29,18902.275,-0.0582345502680188,60489,Bottom-middle,14100,17500,16300,19000
14536.523,17901.46,-0.0696799756941385,49386,Bottom-middle,14100,17500,16300,19000
14536.924,17067.91,-0.0243752331867135,47926,Bottom-middle,14100,17500,16300,19000
14549.394,16687.371,-0.147859471498353,47270,Bottom-middle,14100,17500,16300,19000
14549.586,16974.395,0.0455726470577787,47769,Bottom-middle,14100,17500,16300,19000
14558.061,18205.826,-0.0628735277090021,59390,Bottom-middle,14100,17500,16300,19000
14561.863,17305.969,0.0182846275571894,48376,Bottom-middle,14100,17500,16300,19000
14562.362,18967.875,0.118643126492599,60627,Bottom-middle,14100,17500,16300,19000
14563.757,16835.23,0.00105553856510333,47545,Bottom-middle,14100,17500,16300,19000
14566.37,16564.152,0.0107528890036122,47120,Bottom-middle,14100,17500,16300,19000
14566.744,18898.764,0.172655808803312,60476,Bottom-middle,14100,17500,16300,19000
14568.065,17960.508,-0.0727818632644,49478,Bottom-middle,14100,17500,16300,19000
14569.419,18840.438,0.0376589165539687,60370,Bottom-middle,14100,17500,16300,19000
14569.766,18489.527,-0.141079486830428,59778,Bottom-middle,14100,17500,16300,19000
14574.324,17068.895,0.108446765489032,47947,Bottom-middle,14100,17500,16300,19000
14574.468,16320.54,0.0149044367803728,46744,Bottom-middle,14100,17500,16300,19000
14575.82,17401.404,-0.259514558570914,48516,Bottom-middle,14100,17500,16300,19000
14576.885,17139.805,0.027918008095594,48050,Bottom-middle,14100,17500,16300,19000
14577.234,17866.305,-0.21020724278902,49336,Bottom-middle,14100,17500,16300,19000
14578.956,17690.389,-0.218000714200353,49072,Bottom-middle,14100,17500,16300,19000
14578.997,17104.855,-0.00930886863020377,47990,Bottom-middle,14100,17500,16300,19000
14585.278,17560.545,-0.0505387128247014,48850,Bottom-middle,14100,17500,16300,19000
14588.885,16790.65,-0.0305244296943892,47474,Bottom-middle,14100,17500,16300,19000
14591.005,18785.492,0.0188331113002068,60230,Bottom-middle,14100,17500,16300,19000
14591.545,18899.072,0.021590507275953,60490,Bottom-middle,14100,17500,16300,19000
14595.72,18054.055,-0.203617041074389,59143,Bottom-middle,14100,17500,16300,19000
14597.498,18717.873,0.124804856425659,60119,Bottom-middle,14100,17500,16300,19000
14598.095,17216.03,-0.099085595421733,48193,Bottom-middle,14100,17500,16300,19000
14600.646,17803.875,0.0965150777829814,49242,Bottom-middle,14100,17500,16300,19000
14605.129,16382.814,-0.0898414065473155,46847,Bottom-middle,14100,17500,16300,19000
14613.829,17518.115,-0.164524400589934,48760,Bottom-middle,14100,17500,16300,19000
14619.564,18850.766,0.188403840969498,60377,Bottom-middle,14100,17500,16300,19000
14619.86,18892.336,0.097686620144975,60477,Bottom-middle,14100,17500,16300,19000
14620.983,17934.299,-0.0504410788566855,49452,Bottom-middle,14100,17500,16300,19000
14621.878,18756.121,0.0531709031953159,60187,Bottom-middle,14100,17500,16300,19000
14624.025,18641.684,-0.0658276430311864,59997,Bottom-middle,14100,17500,16300,19000
14626.15,16570.336,-0.0855117002076856,47126,Bottom-middle,14100,17500,16300,19000
14627.759,18531.293,-0.0959739140686009,59837,Bottom-middle,14100,17500,16300,19000
14628.383,16864.701,-0.0957072772593487,47603,Bottom-middle,14100,17500,16300,19000
14629.268,18975.752,0.192278059543757,60636,Bottom-middle,14100,17500,16300,19000
14629.469,17682.264,-0.196785153136168,49064,Bottom-middle,14100,17500,16300,19000
14634.946,18718.72,-0.0556367264642411,60130,Bottom-middle,14100,17500,16300,19000
14636.154,16414.482,-0.0894084359133525,46882,Bottom-middle,14100,17500,16300,19000
14638.215,18202.822,-0.223967595047763,59384,Bottom-middle,14100,17500,16300,19000
14639.091,16812.932,0.0123396630679446,47526,Bottom-middle,14100,17500,16300,19000
14648.752,17812.559,0.0294565533863846,49255,Bottom-middle,14100,17500,16300,19000
14654.243,18834.502,0.0627602925147687,60334,Bottom-middle,14100,17500,16300,19000
14654.76,17219.408,-0.048817822249627,48214,Bottom-middle,14100,17500,16300,19000
14655.865,17354.92,-0.273420955347613,48414,Bottom-middle,14100,17500,16300,19000
14657.385,16793.576,-0.0469773137849819,47488,Bottom-middle,14100,17500,16300,19000
14657.44,18912.688,0.0121919669443428,60511,Bottom-middle,14100,17500,16300,19000
14657.941,18774.896,0.0227762421665298,60206,Bottom-middle,14100,17500,16300,19000
14662.502,18463.941,-0.130582139628066,59750,Bottom-middle,14100,17500,16300,19000
14665.625,16631.975,-0.0859446708416487,47244,Bottom-middle,14100,17500,16300,19000
14668.701,16979.32,-0.0491543833686779,47799,Bottom-middle,14100,17500,16300,19000
14674.025,17562.223,-0.145799122668253,48854,Bottom-middle,14100,17500,16300,19000
14675.772,18126.54,-0.225794185611687,59227,Bottom-middle,14100,17500,16300,19000
14678.497,17500.324,-0.173828178282805,48731,Bottom-middle,14100,17500,16300,19000
14679.968,18789.693,0.170439456414437,60246,Bottom-middle,14100,17500,16300,19000
14685.948,16587.049,-0.0368735567460504,47139,Bottom-middle,14100,17500,16300,19000
14686.365,18702.438,-0.0180891719742956,60088,Bottom-middle,14100,17500,16300,19000
14689.913,17667.883,-0.104594305107782,49011,Bottom-middle,14100,17500,16300,19000
14690.161,16315.075,-0.0829138764039079,46739,Bottom-middle,14100,17500,16300,19000
14692.882,16862.303,-0.154401219316089,47590,Bottom-middle,14100,17500,16300,19000
14695.356,17858.973,0.019219560191995,49319,Bottom-middle,14100,17500,16300,19000
14695.397,18915.143,0.0635405903207429,60520,Bottom-middle,14100,17500,16300,19000
14700.247,17038.457,0.0142565505804436,47882,Bottom-middle,14100,17500,16300,19000
14700.826,17931.125,-0.0616958377808728,49436,Bottom-middle,14100,17500,16300,19000
14701.911,18739.795,0.0266947023249735,60148,Bottom-middle,14100,17500,16300,19000
14710.724,17116.982,-0.150024324668168,48026,Bottom-middle,14100,17500,16300,19000
14712.927,18879.729,-0.034420957574944,60433,Bottom-middle,14100,17500,16300,19000
14712.98,16629.344,-0.0781511994303152,47213,Bottom-middle,14100,17500,16300,19000
14713.914,18783.979,0.056274499062094,60231,Bottom-middle,14100,17500,16300,19000
14719.14,18438.4,-0.0921947669372204,59669,Bottom-middle,14100,17500,16300,19000
14720.495,17769.287,-0.024168592225162,49168,Bottom-middle,14100,17500,16300,19000
14721.237,16681.822,-0.0885424946454266,47298,Bottom-middle,14100,17500,16300,19000
14729.936,16815.34,0.130456135007258,47503,Bottom-middle,14100,17500,16300,19000
14739.328,16774.314,0.0964314198955728,47454,Bottom-middle,14100,17500,16300,19000
14740.415,18997.305,0.279119953622425,60682,Bottom-middle,14100,17500,16300,19000
14744.389,18495.91,0.0746307945998703,59797,Bottom-middle,14100,17500,16300,19000
14745.553,18645.46,0.205087708053338,59998,Bottom-middle,14100,17500,16300,19000
14748.693,18522.637,0.0622552349770137,59830,Bottom-middle,14100,17500,16300,19000
14749.912,18902.906,0.0706877781666098,60491,Bottom-middle,14100,17500,16300,19000
14750.989,16964.22,-0.0571363682123046,47770,Bottom-middle,14100,17500,16300,19000
14751.147,16319.311,-0.101098643030352,46745,Bottom-middle,14100,17500,16300,19000
14752.381,16692.89,0.0500493619689958,47309,Bottom-middle,14100,17500,16300,19000
14757.668,16868.023,-0.0064080796559511,47620,Bottom-middle,14100,17500,16300,19000
14759.495,17654.787,-0.163431457081076,48983,Bottom-middle,14100,17500,16300,19000
14762.602,17101.69,-0.127111394816829,47985,Bottom-middle,14100,17500,16300,19000
14768.815,17915.105,0.0172127445722522,49413,Bottom-middle,14100,17500,16300,19000
14769.822,18783.945,0.0194833935494449,60232,Bottom-middle,14100,17500,16300,19000
14777.432,17368.707,-0.0165953438392088,48491,Bottom-middle,14100,17500,16300,19000
14777.812,18204.51,-0.192835496427989,59359,Bottom-middle,14100,17500,16300,19000
14779.54,18969.246,0.232151926028301,60628,Bottom-middle,14100,17500,16300,19000
14782.487,18894.742,0.225390382140778,60478,Bottom-middle,14100,17500,16300,19000
14782.639,18569.71,0.0566249341321664,59895,Bottom-middle,14100,17500,16300,19000
14785.563,18459.908,0.078926861915002,59744,Bottom-middle,14100,17500,16300,19000
14787.482,16689.482,0.00305339687136648,47325,Bottom-middle,14100,17500,16300,19000
14787.614,17534.545,-0.102517917327007,48794,Bottom-middle,14100,17500,16300,19000
14788.012,18411.73,0.0169970224606935,59688,Bottom-middle,14100,17500,16300,19000
14788.292,16625.367,-0.0910879433355009,47233,Bottom-middle,14100,17500,16300,19000
14788.49,18925.854,0.0874677790726404,60548,Bottom-middle,14100,17500,16300,19000
14790.003,17217.75,-0.177301474607834,48225,Bottom-middle,14100,17500,16300,19000
14790.112,18835.205,0.0817065180808149,60342,Bottom-middle,14100,17500,16300,19000
14790.28,18350.54,0.132158345207498,59594,Bottom-middle,14100,17500,16300,19000
14793.673,16344.655,-0.0357200773019447,46793,Bottom-middle,14100,17500,16300,19000
14795.908,16722.738,0.0036691140337738,47350,Bottom-middle,14100,17500,16300,19000
14795.923,16601.041,-0.111489938245464,47169,Bottom-middle,14100,17500,16300,19000
14796.657,16813.61,0.156671931066577,47516,Bottom-middle,14100,17500,16300,19000
14797.203,18685.973,0.169889379223793,60064,Bottom-middle,14100,17500,16300,19000
14797.643,18729.71,0.0834385157561599,60138,Bottom-middle,14100,17500,16300,19000
14799.749,16320.567,-0.140498970720982,46756,Bottom-middle,14100,17500,16300,19000
14800.32,18024.639,-0.181370958393742,59105,Bottom-middle,14100,17500,16300,19000
14802.621,17924.195,0.0603469155864341,49429,Bottom-middle,14100,17500,16300,19000
14805.361,18767.309,0.0381100362009029,60196,Bottom-middle,14100,17500,16300,19000
14805.753,18552.145,0.108000387640887,59869,Bottom-middle,14100,17500,16300,19000
14807.594,17753.979,-0.222102915341103,49169,Bottom-middle,14100,17500,16300,19000
14809.949,18809.275,0.0418729006026942,60283,Bottom-middle,14100,17500,16300,19000
14810.257,18965.322,0.11757492001926,60608,Bottom-middle,14100,17500,16300,19000
14810.885,18843.086,0.0802233209211294,60371,Bottom-middle,14100,17500,16300,19000
14815.934,18524.264,0.0573053510629523,59843,Bottom-middle,14100,17500,16300,19000
14818.487,17854.523,-0.22939847000984,49315,Bottom-middle,14100,17500,16300,19000
14818.998,17035.271,-0.0509417716509032,47875,Bottom-middle,14100,17500,16300,19000
14820.348,16972.506,-0.0850787295737227,47784,Bottom-middle,14100,17500,16300,19000
14820.534,18495.256,0.0208541500837436,59798,Bottom-middle,14100,17500,16300,19000
14824.198,18637.24,-0.0578015796340559,59999,Bottom-middle,14100,17500,16300,19000
14826.676,17371.781,-0.119479338804815,48502,Bottom-middle,14100,17500,16300,19000
14828.244,18604.988,0.0133258688401184,59953,Bottom-middle,14100,17500,16300,19000
14831.561,17493.613,-0.129566924743268,48708,Bottom-middle,14100,17500,16300,19000
14831.918,17186.293,-0.167323235514894,48140,Bottom-middle,14100,17500,16300,19000
14833.825,18792.574,0.06234456459046,60256,Bottom-middle,14100,17500,16300,19000
14834.734,16377.753,-0.0295788378060428,46836,Bottom-middle,14100,17500,16300,19000
14836.032,16858.95,0.0462511948790584,47583,Bottom-middle,14100,17500,16300,19000
14842.412,18372.924,0.0557342449959682,59628,Bottom-middle,14100,17500,16300,19000
14842.723,18869.252,0.245104716605447,60418,Bottom-middle,14100,17500,16300,19000
14846.429,16815.305,0.0596489508337687,47527,Bottom-middle,14100,17500,16300,19000
14847.423,16786.879,-0.0417816661774263,47462,Bottom-middle,14100,17500,16300,19000
14858.426,18892.826,0.0876221614600254,60479,Bottom-middle,14100,17500,16300,19000
14859.826,18959.865,0.0852112779937798,60609,Bottom-middle,14100,17500,16300,19000
14861.317,17975.39,-0.0701630785904162,49511,Bottom-middle,14100,17500,16300,19000
14867.622,16687.94,-0.12404608663039,47310,Bottom-middle,14100,17500,16300,19000
14869.438,18798.584,0.297705609421426,60271,Bottom-middle,14100,17500,16300,19000
14869.847,16315.34,-0.0439465193472411,46740,Bottom-middle,14100,17500,16300,19000
14872.583,17269.379,-0.141274733773399,48303,Bottom-middle,14100,17500,16300,19000
14873.684,17631.834,-0.124863753569089,48957,Bottom-middle,14100,17500,16300,19000
14876.187,16899.686,-0.0134382889816251,47655,Bottom-middle,14100,17500,16300,19000
14877.272,18323.729,0.0840232958015685,59551,Bottom-middle,14100,17500,16300,19000
14879.713,17395.441,0.0305208604213781,48538,Bottom-middle,14100,17500,16300,19000
14882.093,18059.377,-0.126015485702824,59159,Bottom-middle,14100,17500,16300,19000
14882.527,18723.723,-0.0500081082227226,60134,Bottom-middle,14100,17500,16300,19000
14883.3125,18872.537,-0.024080494211697,60434,Bottom-middle,14100,17500,16300,19000
14883.955,18843.672,0.180772780790193,60356,Bottom-middle,14100,17500,16300,19000
14884.016,17072.312,-0.115084757348431,47948,Bottom-middle,14100,17500,16300,19000
14886.044,16942.88,-0.192455446796538,47715,Bottom-middle,14100,17500,16300,19000
14888.48,18646.662,0.0251448186327496,60014,Bottom-middle,14100,17500,16300,19000
14890.09,18992.484,0.0317578206352738,60664,Bottom-middle,14100,17500,16300,19000
14890.346,18548.17,-0.0389859500711581,59858,Bottom-middle,14100,17500,16300,19000
14890.486,18936.465,0.0770673460299783,60560,Bottom-middle,14100,17500,16300,19000
14891.647,16721.578,-0.0667388544229368,47345,Bottom-middle,14100,17500,16300,19000
14897.824,18702.385,0.255085965549756,60098,Bottom-middle,14100,17500,16300,19000
14902.462,18803.736,0.0624508220899468,60284,Bottom-middle,14100,17500,16300,19000
14906.592,18466.186,-0.043048358037213,59751,Bottom-middle,14100,17500,16300,19000
14908.828,18775.428,0.153398340712936,60218,Bottom-middle,14100,17500,16300,19000
14913.022,18939.03,0.0814984087258449,60579,Bottom-middle,14100,17500,16300,19000
14917.3545,18015.004,-0.0940090531890207,59106,Bottom-middle,14100,17500,16300,19000
14920.512,18982.947,0.0793351406274061,60656,Bottom-middle,14100,17500,16300,19000
14922.834,18493.611,0.0460806174059418,59799,Bottom-middle,14100,17500,16300,19000
14923.592,18659.61,0.101476629571257,60037,Bottom-middle,14100,17500,16300,19000
14923.968,18399.508,0.00270932584735617,59662,Bottom-middle,14100,17500,16300,19000
14924.138,16739.5,-0.0521978192638077,47375,Bottom-middle,14100,17500,16300,19000
14926.335,16641.861,-0.191156534894649,47224,Bottom-middle,14100,17500,16300,19000
14927.006,17578.531,-0.0954592001086299,48855,Bottom-middle,14100,17500,16300,19000
14930.171,17910.033,-0.0758955569591389,49391,Bottom-middle,14100,17500,16300,19000
14931.99,18634.344,-0.018401251943426,59993,Bottom-middle,14100,17500,16300,19000
14934.783,17828.826,-0.0910715473286003,49288,Bottom-middle,14100,17500,16300,19000
14935.089,18833.707,0.298458087254034,60335,Bottom-middle,14100,17500,16300,19000
14935.918,17524.84,-0.0992738936213688,48782,Bottom-middle,14100,17500,16300,19000
14937.071,18701.533,0.0424965583470663,60099,Bottom-middle,14100,17500,16300,19000
14937.506,16820.188,-0.0694917867510559,47538,Bottom-middle,14100,17500,16300,19000
14941.236,18189.535,-0.109569565451481,59338,Bottom-middle,14100,17500,16300,19000
14942.099,18145.785,-0.182064151581427,59287,Bottom-middle,14100,17500,16300,19000
14942.57,17422.258,-0.227526068147538,48582,Bottom-middle,14100,17500,16300,19000
14944.661,18905.803,0.212944997225842,60498,Bottom-middle,14100,17500,16300,19000
14947.867,16864.998,-0.0520246414458217,47575,Bottom-middle,14100,17500,16300,19000
14951.388,18499.139,0.129637976483354,59808,Bottom-middle,14100,17500,16300,19000
14954.333,18847.586,-0.0539048439283893,60378,Bottom-middle,14100,17500,16300,19000
14955.431,18877.018,-0.0378849304717595,60435,Bottom-middle,14100,17500,16300,19000
14955.461,18658.713,0.0890792742986806,60031,Bottom-middle,14100,17500,16300,19000
14955.782,18571.734,0.0733351335513862,59896,Bottom-middle,14100,17500,16300,19000
14957.646,17252.742,-0.0442078329010464,48273,Bottom-middle,14100,17500,16300,19000
14959.33,18630.994,0.216745075061385,59984,Bottom-middle,14100,17500,16300,19000
14961.713,17975.035,-0.12471456959195,49518,Bottom-middle,14100,17500,16300,19000
14962.24,18702.69,-0.00671104482642588,60100,Bottom-middle,14100,17500,16300,19000
14967.462,18760.18,0.0311794872839807,60172,Bottom-middle,14100,17500,16300,19000
14969.011,17087.975,-0.0595907049211387,47978,Bottom-middle,14100,17500,16300,19000
14971.73,16425.652,0.0123198820087631,46872,Bottom-middle,14100,17500,16300,19000
14971.899,17185.332,-0.0295837554798204,48144,Bottom-middle,14100,17500,16300,19000
14972.436,17143.738,-0.0291761919446182,48071,Bottom-middle,14100,17500,16300,19000
14974.326,18536.229,0.168729421487424,59852,Bottom-middle,14100,17500,16300,19000
14980.157,18927.893,0.0319047313695753,60538,Bottom-middle,14100,17500,16300,19000
14982.169,18868.121,0.183600743865609,60426,Bottom-middle,14100,17500,16300,19000
14982.822,17286.62,-0.0548078035093009,48327,Bottom-middle,14100,17500,16300,19000
14986.115,16914.29,-0.0327720759455597,47674,Bottom-middle,14100,17500,16300,19000
14991.145,18461.42,0.138389062096902,59752,Bottom-middle,14100,17500,16300,19000
14993.144,18994.252,-0.00402906245371665,60674,Bottom-middle,14100,17500,16300,19000
14994.768,17967.592,-0.192888417430501,49472,Bottom-middle,14100,17500,16300,19000
14995.994,18564.63,0.0351459013971961,59886,Bottom-middle,14100,17500,16300,19000
14998.113,16777.498,-0.0632135920057138,47414,Bottom-middle,14100,17500,16300,19000
14998.631,18326.986,-0.135699025110964,59555,Bottom-middle,14100,17500,16300,19000
14999.977,17726.393,-0.0689307133941632,49111,Bottom-middle,14100,17500,16300,19000
15000.057,18836.29,0.292943593746667,60357,Bottom-middle,14100,17500,16300,19000
15002.679,18932.912,-0.0352871066679819,60549,Bottom-middle,14100,17500,16300,19000
15004.633,18682.072,0.115603299332136,60057,Bottom-middle,14100,17500,16300,19000
15005.46,18589.56,0.0799851443020657,59931,Bottom-middle,14100,17500,16300,19000
15006.054,18789.617,0.0539628034486732,60257,Bottom-middle,14100,17500,16300,19000
15008.911,17777.479,-0.22925795068339,49195,Bottom-middle,14100,17500,16300,19000
15008.975,18756.27,0.0902201820219739,60180,Bottom-middle,14100,17500,16300,19000
15009.018,18172.322,-0.0880683606644023,59339,Bottom-middle,14100,17500,16300,19000
15009.329,17569.01,-0.139360855124061,48856,Bottom-middle,14100,17500,16300,19000
15012.295,18894.414,0.0795624524078015,60469,Bottom-middle,14100,17500,16300,19000
15012.583,18817.15,0.321059584792171,60305,Bottom-middle,14100,17500,16300,19000
15015.34,18514.46,-0.0327372777114583,59831,Bottom-middle,14100,17500,16300,19000
15016.56,16979.525,-0.215647091580338,47771,Bottom-middle,14100,17500,16300,19000
15018.012,18876.176,0.0320964214092343,60405,Bottom-middle,14100,17500,16300,19000
15020.621,17171.338,-0.0107163518704148,48123,Bottom-middle,14100,17500,16300,19000
15023.115,17534.062,-0.0423373620379689,48783,Bottom-middle,14100,17500,16300,19000
15025.854,18564.234,0.129342083000605,59887,Bottom-middle,14100,17500,16300,19000
15030.473,16689.344,-0.0480356782545493,47283,Bottom-middle,14100,17500,16300,19000
15031.571,18928.51,0.126579894194443,60539,Bottom-middle,14100,17500,16300,19000
15034.26,17626.3,-0.17080691509839,48950,Bottom-middle,14100,17500,16300,19000
15034.766,18780.74,0.0574092668197005,60225,Bottom-middle,14100,17500,16300,19000
15037.888,18648.062,0.178556880977294,59977,Bottom-middle,14100,17500,16300,19000
15042.043,18609.037,-0.0336529458034671,59954,Bottom-middle,14100,17500,16300,19000
15042.05,18851.832,0.0308250276612203,60343,Bottom-middle,14100,17500,16300,19000
15042.911,18233.807,0.0760960312119744,59422,Bottom-middle,14100,17500,16300,19000
15044.353,17231.408,-0.0064423868927255,48235,Bottom-middle,14100,17500,16300,19000
15046.278,18474.312,0.0114737218000186,59782,Bottom-middle,14100,17500,16300,19000
15050.197,17079.418,-0.083077378024211,47968,Bottom-middle,14100,17500,16300,19000
15050.714,18400.523,-0.0205990638308763,59670,Bottom-middle,14100,17500,16300,19000
15051.393,18666.232,0.0768182250468688,60038,Bottom-middle,14100,17500,16300,19000
15055.589,18103.055,-0.0901064633528535,59205,Bottom-middle,14100,17500,16300,19000
15056.689,18497.734,0.0764896830437395,59803,Bottom-middle,14100,17500,16300,19000
15058.887,18712.682,-0.0244628408189075,60111,Bottom-middle,14100,17500,16300,19000
15060.365,18273.328,-0.120701970882515,59471,Bottom-middle,14100,17500,16300,19000
15062.671,18776.438,-0.0469773137849818,60219,Bottom-middle,14100,17500,16300,19000
15063.931,17604.107,-0.00627807419246297,48931,Bottom-middle,14100,17500,16300,19000
15066.066,18191.707,-0.0350823103338694,59360,Bottom-middle,14100,17500,16300,19000
15066.129,18876.566,0.0680850224035488,60436,Bottom-middle,14100,17500,16300,19000
15076.708,17156.361,-0.0136385749698334,48093,Bottom-middle,14100,17500,16300,19000
15083.467,18928.209,0.0155494315166471,60561,Bottom-middle,14100,17500,16300,19000
15084.526,17198.164,-0.0949533961321778,48145,Bottom-middle,14100,17500,16300,19000
15084.79,17489.11,-0.235752510192835,48700,Bottom-middle,14100,17500,16300,19000
15085.618,18904.58,0.0523863326112147,60492,Bottom-middle,14100,17500,16300,19000
15087.68,17548.434,-0.0621312859736856,48829,Bottom-middle,14100,17500,16300,19000
15088.1455,18569.598,-0.0844646798294198,59888,Bottom-middle,14100,17500,16300,19000
15091.188,18372.785,-0.101392748621836,59605,Bottom-middle,14100,17500,16300,19000
15091.527,18529.188,0.0800482339561554,59844,Bottom-middle,14100,17500,16300,19000
15093.827,16378.065,-0.0332954152661622,46829,Bottom-middle,14100,17500,16300,19000
15097.546,18711.766,0.0670974859815071,60112,Bottom-middle,14100,17500,16300,19000
15097.793,18414.26,0.0966593772260659,59699,Bottom-middle,14100,17500,16300,19000
15098.938,17834.348,-0.188651038980614,49269,Bottom-middle,14100,17500,16300,19000
15099.96,17595.713,-0.228392009415464,48888,Bottom-middle,14100,17500,16300,19000
15100.776,16966.04,-0.0673256223979404,47772,Bottom-middle,14100,17500,16300,19000
15104.712,18007.387,-0.121607525221529,59107,Bottom-middle,14100,17500,16300,19000
15104.786,16435.785,-0.0859446708416485,46923,Bottom-middle,14100,17500,16300,19000
15106.98,18083.06,0.0159203895634395,59206,Bottom-middle,14100,17500,16300,19000
15108.971,17446.527,-0.0266218040520847,48636,Bottom-middle,14100,17500,16300,19000
15111.501,17714.2,-0.131409725854857,49112,Bottom-middle,14100,17500,16300,19000
15112.21,18134.514,-0.128307093130979,59266,Bottom-middle,14100,17500,16300,19000
15113.5625,18853.027,0.255531863529739,60390,Bottom-middle,14100,17500,16300,19000
15115.326,18781.914,0.00342960553456756,60233,Bottom-middle,14100,17500,16300,19000
15118.146,17264.879,-0.127566064038101,48284,Bottom-middle,14100,17500,16300,19000
15119.202,18686.895,0.151785556794073,60076,Bottom-middle,14100,17500,16300,19000
15124.456,18500.812,-0.00505797468812012,59820,Bottom-middle,14100,17500,16300,19000
15131.074,18571.117,0.0504433079561521,59897,Bottom-middle,14100,17500,16300,19000
15132.246,18901.752,0.201672603647111,60493,Bottom-middle,14100,17500,16300,19000
15136.877,16935.9,-0.0251047970504748,47716,Bottom-middle,14100,17500,16300,19000
15138.882,16745.77,-0.187793441035132,47351,Bottom-middle,14100,17500,16300,19000
15138.998,16859.963,-0.225277355269307,47591,Bottom-middle,14100,17500,16300,19000
15139.367,18864.646,0.219161853957548,60419,Bottom-middle,14100,17500,16300,19000
15139.798,18804.123,0.0315272898574125,60278,Bottom-middle,14100,17500,16300,19000
15140.082,18770.81,0.338889555601415,60207,Bottom-middle,14100,17500,16300,19000
15140.453,16503.457,-0.0332885178915469,46991,Bottom-middle,14100,17500,16300,19000
15141.682,18835.525,0.0783162737899071,60358,Bottom-middle,14100,17500,16300,19000
15143.751,17730.188,-0.11329618330383,49124,Bottom-middle,14100,17500,16300,19000
15145.598,17154.357,0.0621544414613418,48072,Bottom-middle,14100,17500,16300,19000
15145.842,18982.082,0.0103907409043404,60637,Bottom-middle,14100,17500,16300,19000
15150.812,18650.96,0.295026814732723,60015,Bottom-middle,14100,17500,16300,19000
15153.087,18531.492,0.0687724021011488,59850,Bottom-middle,14100,17500,16300,19000
15153.95,17628.9,-0.0512970668340768,48909,Bottom-middle,14100,17500,16300,19000
15156.473,18916.502,0.165827736576792,60530,Bottom-middle,14100,17500,16300,19000
15156.574,17845.91,-0.121470698599467,49306,Bottom-middle,14100,17500,16300,19000
15157.713,18086.465,-0.239299010493931,59196,Bottom-middle,14100,17500,16300,19000
15159.158,18669.863,0.327354133706506,60058,Bottom-middle,14100,17500,16300,19000
15160.798,17062.723,-0.165611267490834,47927,Bottom-middle,14100,17500,16300,19000
15161.052,18401.74,-0.177733400555301,59663,Bottom-middle,14100,17500,16300,19000
15168.411,18603.049,0.120289024068759,59946,Bottom-middle,14100,17500,16300,19000
15177.19,18883.312,-0.0301449212678317,60437,Bottom-middle,14100,17500,16300,19000
15179.011,17171.027,-0.0162363987736112,48124,Bottom-middle,14100,17500,16300,19000
15180.035,18654.81,-0.00358582278574163,60025,Bottom-middle,14100,17500,16300,19000
15183.956,18971.697,0.155400679571877,60638,Bottom-middle,14100,17500,16300,19000
15183.957,18260.35,-0.111097550552421,59445,Bottom-middle,14100,17500,16300,19000
15188.593,17017.775,-0.18682682855502,47842,Bottom-middle,14100,17500,16300,19000
15190.432,16548.691,-0.0631715347617153,47084,Bottom-middle,14100,17500,16300,19000
15193.358,16377.759,-0.0306162043623944,46837,Bottom-middle,14100,17500,16300,19000
15194.716,18542.94,-0.0381750056919137,59853,Bottom-middle,14100,17500,16300,19000
15194.776,18735.86,0.012717666927476,60153,Bottom-middle,14100,17500,16300,19000
15199.111,18842.424,0.166262598613002,60359,Bottom-middle,14100,17500,16300,19000
15199.625,18925.725,0.113229961780962,60562,Bottom-middle,14100,17500,16300,19000
15200.351,18901.275,0.139724578267078,60480,Bottom-middle,14100,17500,16300,19000
15202.294,17152.283,-0.0513070201246114,48094,Bottom-middle,14100,17500,16300,19000
15204.181,18647.055,0.103961400556991,60000,Bottom-middle,14100,17500,16300,19000
15207.91,18714.719,0.275192331888264,60113,Bottom-middle,14100,17500,16300,19000
15208.969,18457.902,-0.0637530696582286,59745,Bottom-middle,14100,17500,16300,19000
15210.915,16483.527,-0.0208751962424862,46992,Bottom-middle,14100,17500,16300,19000
15218.881,17787.832,-0.117259031250705,49205,Bottom-middle,14100,17500,16300,19000
15218.9795,18793.883,0.210758082475881,60272,Bottom-middle,14100,17500,16300,19000
15221.011,18275.719,-0.0866411218839451,59490,Bottom-middle,14100,17500,16300,19000
15224.46,18366.83,-0.0943683839146958,59623,Bottom-middle,14100,17500,16300,19000
15226.151,17066.088,-0.0733806985955983,47928,Bottom-middle,14100,17500,16300,19000
15226.901,18663.295,-0.0341843341838667,60032,Bottom-middle,14100,17500,16300,19000
15230.904,18599.998,0.161972202473075,59937,Bottom-middle,14100,17500,16300,19000
15235.105,16698.547,-0.133592771533149,47318,Bottom-middle,14100,17500,16300,19000
15237.043,17670.227,-0.197175742445443,49012,Bottom-middle,14100,17500,16300,19000
15238.73,16855.088,-0.199382976939946,47584,Bottom-middle,14100,17500,16300,19000
15238.965,16764.488,-0.108201836443458,47423,Bottom-middle,14100,17500,16300,19000
15239.744,18863.1,0.191289138606189,60398,Bottom-middle,14100,17500,16300,19000
15244.223,18612.482,0.18637851058388,59961,Bottom-middle,14100,17500,16300,19000
15244.793,16406.5,-0.121015292192649,46873,Bottom-middle,14100,17500,16300,19000
15246.13,18460.309,-0.222330420539983,59725,Bottom-middle,14100,17500,16300,19000
15248.203,18709.748,0.136253520484288,60081,Bottom-middle,14100,17500,16300,19000
15249.075,17103.701,0.0605968186564727,48003,Bottom-middle,14100,17500,16300,19000
15249.486,16653.477,0.0705132011015711,47262,Bottom-middle,14100,17500,16300,19000
15250.925,16945.973,0.0472404092968883,47745,Bottom-middle,14100,17500,16300,19000
15258.544,17075.508,0.119845407399048,47949,Bottom-middle,14100,17500,16300,19000
15259.816,17398.387,-0.184004358001758,48508,Bottom-middle,14100,17500,16300,19000
15260.559,17296.84,-0.125207150330968,48366,Bottom-middle,14100,17500,16300,19000
15264.4375,17257.4,-0.079547061958306,48263,Bottom-middle,14100,17500,16300,19000
15266.738,16369.131,-0.0127191856124048,46780,Bottom-middle,14100,17500,16300,19000
15266.961,16630.945,-0.129674704871908,47234,Bottom-middle,14100,17500,16300,19000
15267.002,18537.625,-0.108892114441686,59851,Bottom-middle,14100,17500,16300,19000
15270.996,18591.469,0.179414302261833,59932,Bottom-middle,14100,17500,16300,19000
15272.027,16579.256,-0.139689753009636,47127,Bottom-middle,14100,17500,16300,19000
15280.228,18912.027,0.193900810660085,60512,Bottom-middle,14100,17500,16300,19000
15281.496,17041.143,0.053369875881588,47883,Bottom-middle,14100,17500,16300,19000
15282.592,18866.855,0.192733750716436,60399,Bottom-middle,14100,17500,16300,19000
15283.964,18832.729,0.0867847757627492,60344,Bottom-middle,14100,17500,16300,19000
15284.928,18469.182,-0.0307750086191173,59759,Bottom-middle,14100,17500,16300,19000
15285.2,18723.076,0.0547392295248703,60135,Bottom-middle,14100,17500,16300,19000
15286.932,16874.453,-0.158683737347427,47621,Bottom-middle,14100,17500,16300,19000
15287.568,18685.592,0.190897614298568,60065,Bottom-middle,14100,17500,16300,19000
15288.401,18190.984,-0.105526748780794,59375,Bottom-middle,14100,17500,16300,19000
15290.273,18985.846,0.239614808516517,60657,Bottom-middle,14100,17500,16300,19000
15294.39,17128.867,0.0207405955399716,48033,Bottom-middle,14100,17500,16300,19000
15299.043,18153.023,-0.0463953917439577,59295,Bottom-middle,14100,17500,16300,19000
15300.063,17217.244,0.00972049684253818,48167,Bottom-middle,14100,17500,16300,19000
15308.357,18935.918,0.0575698131615582,60563,Bottom-middle,14100,17500,16300,19000
15311.571,16507.996,-0.0985008192265746,47023,Bottom-middle,14100,17500,16300,19000
15312.25,18793.29,0.0512334642630939,60258,Bottom-middle,14100,17500,16300,19000
15313.671,17524.912,-0.176549152882767,48774,Bottom-middle,14100,17500,16300,19000
15314.264,18639.016,0.169332133465333,60001,Bottom-middle,14100,17500,16300,19000
15315.672,18755.557,-0.0417816661774261,60164,Bottom-middle,14100,17500,16300,19000
15317.806,18506.945,-0.0989337898605376,59809,Bottom-middle,14100,17500,16300,19000
15318.847,16444.068,-0.000730462737850399,46928,Bottom-middle,14100,17500,16300,19000
15321.163,17581.318,-0.0798014369781084,48894,Bottom-middle,14100,17500,16300,19000
15321.734,17361.418,-0.0703043088919139,48472,Bottom-middle,14100,17500,16300,19000
15323.485,17486.715,-0.0493285813217378,48718,Bottom-middle,14100,17500,16300,19000
15325.456,18833.992,0.00528756402339095,60345,Bottom-middle,14100,17500,16300,19000
15331.881,18092.951,-0.175221203209547,59214,Bottom-middle,14100,17500,16300,19000
15333.329,17432.285,0.0167298079182697,48617,Bottom-middle,14100,17500,16300,19000
15336.761,16853.926,-0.135083242914276,47562,Bottom-middle,14100,17500,16300,19000
15339.065,17381.996,0.0746924665570675,48509,Bottom-middle,14100,17500,16300,19000
15341.97,18274.252,-0.104312145445539,59478,Bottom-middle,14100,17500,16300,19000
15343.178,18959.361,0.266552545700857,60610,Bottom-middle,14100,17500,16300,19000
15344.783,16923.81,-0.0128068980331475,47701,Bottom-middle,14100,17500,16300,19000
15346.0625,16993.94,0.0155074382172622,47824,Bottom-middle,14100,17500,16300,19000
15346.079,18879.455,0.133968506553994,60438,Bottom-middle,14100,17500,16300,19000
15347.355,18766.025,0.154971528256363,60197,Bottom-middle,14100,17500,16300,19000
15347.603,18666.014,-0.0641820209408578,60039,Bottom-middle,14100,17500,16300,19000
15349.894,18329.479,-0.212317481456961,59535,Bottom-middle,14100,17500,16300,19000
15351.982,17661.64,-0.234020627656983,49020,Bottom-middle,14100,17500,16300,19000
15352.138,18803.576,0.175990565430901,60279,Bottom-middle,14100,17500,16300,19000
15361.84,16957.057,-0.133808323156365,47761,Bottom-middle,14100,17500,16300,19000
15364.753,17314.674,-0.0166435006177824,48377,Bottom-middle,14100,17500,16300,19000
15364.94,18405.656,-0.0535768470620519,59671,Bottom-middle,14100,17500,16300,19000
15366.083,17974.545,-0.11817681025053,49492,Bottom-middle,14100,17500,16300,19000
15367.976,16552.809,-0.146993530230427,47090,Bottom-middle,14100,17500,16300,19000
15369.787,17464.576,0.0752830886542213,48666,Bottom-middle,14100,17500,16300,19000
15376.913,18594.492,-0.0260781451733573,59927,Bottom-middle,14100,17500,16300,19000
15382.236,17057.871,0.0770022965579305,47929,Bottom-middle,14100,17500,16300,19000
15388.36,18828.67,0.238803365309845,60321,Bottom-middle,14100,17500,16300,19000
15388.413,18861.873,0.150987221667747,60406,Bottom-middle,14100,17500,16300,19000
15388.649,18983.229,0.150550109573988,60658,Bottom-middle,14100,17500,16300,19000
15394.045,18659.234,0.142301720241731,60033,Bottom-middle,14100,17500,16300,19000
15396.098,17013.992,-0.0622304683231698,47843,Bottom-middle,14100,17500,16300,19000
15399.272,18906.525,0.0597508737915426,60499,Bottom-middle,14100,17500,16300,19000
15401.143,18125.062,-0.153699931680401,59245,Bottom-middle,14100,17500,16300,19000
15402.282,17349.686,-0.0365860185698706,48449,Bottom-middle,14100,17500,16300,19000
15405.113,17141.412,0.0366437604032985,48081,Bottom-middle,14100,17500,16300,19000
15405.161,16744.97,-0.152189177837982,47383,Bottom-middle,14100,17500,16300,19000
15406.666,16465.504,0.06240571754201,46973,Bottom-middle,14100,17500,16300,19000
15409.3955,17417.55,-0.0898414065473154,48583,Bottom-middle,14100,17500,16300,19000
15410.147,17593.291,-0.0829176867411933,48889,Bottom-middle,14100,17500,16300,19000
15412.724,16415.533,-0.150024324668168,46889,Bottom-middle,14100,17500,16300,19000
15414.654,18374.93,-0.205011595181464,59629,Bottom-middle,14100,17500,16300,19000
15419.515,18972.516,0.0665268496542089,60643,Bottom-middle,14100,17500,16300,19000
15420.182,18695.553,0.302447196177221,60077,Bottom-middle,14100,17500,16300,19000
15420.785,18663.523,-0.0738214930906856,60040,Bottom-middle,14100,17500,16300,19000
15424.235,17103.137,0.220172564634996,48004,Bottom-middle,14100,17500,16300,19000
15424.601,17867.252,-0.0898183832407949,49335,Bottom-middle,14100,17500,16300,19000
15430.982,17196.74,0.067572795685812,48157,Bottom-middle,14100,17500,16300,19000
15431.313,18615.807,-0.0393045987156291,59964,Bottom-middle,14100,17500,16300,19000
15432.706,18949.348,0.20900351261031,60586,Bottom-middle,14100,17500,16300,19000
15433.514,17502.201,-0.0293648493131323,48746,Bottom-middle,14100,17500,16300,19000
15434.269,18266.924,-0.145009961691681,59479,Bottom-middle,14100,17500,16300,19000
15435.882,17021.598,0.194604568944691,47876,Bottom-middle,14100,17500,16300,19000
15436.823,18436.807,-0.0781511994303152,59710,Bottom-middle,14100,17500,16300,19000
15437.628,17302.521,0.110446238203906,48355,Bottom-middle,14100,17500,16300,19000
15438.787,17417.3,-0.0738214930906856,48589,Bottom-middle,14100,17500,16300,19000
15439.378,18347.826,-0.0708152160625563,59585,Bottom-middle,14100,17500,16300,19000
15440.002,17332.475,0.190059916205639,48415,Bottom-middle,14100,17500,16300,19000
15441.517,18885.803,0.0912929638971873,60458,Bottom-middle,14100,17500,16300,19000
15442.37,18669.812,0.0443787910659887,60044,Bottom-middle,14100,17500,16300,19000
15445.389,17074.346,0.217043011145791,47950,Bottom-middle,14100,17500,16300,19000
15446.902,18570.533,0.0127759824944874,59906,Bottom-middle,14100,17500,16300,19000
15447.985,18754.27,-0.0400956910518726,60181,Bottom-middle,14100,17500,16300,19000
15457.661,16567.979,-0.12467500158064,47111,Bottom-middle,14100,17500,16300,19000
15458.99,18604.348,0.0106077805320926,59947,Bottom-middle,14100,17500,16300,19000
15459.15,16331.522,-0.0187027245728295,46746,Bottom-middle,14100,17500,16300,19000
15465.627,18853.78,-0.10802617317376,60391,Bottom-middle,14100,17500,16300,19000
15466.476,17455.004,0.0788036840715667,48637,Bottom-middle,14100,17500,16300,19000
15468.063,17244.91,0.119892941070774,48264,Bottom-middle,14100,17500,16300,19000
15468.845,17744.438,-0.00305768603219475,49170,Bottom-middle,14100,17500,16300,19000
15469.016,17417.424,-0.0487091963208337,48572,Bottom-middle,14100,17500,16300,19000
15469.224,18711.557,-0.0847765783270376,60114,Bottom-middle,14100,17500,16300,19000
15469.406,17381.65,-0.00704499206465106,48517,Bottom-middle,14100,17500,16300,19000
15469.604,17002.715,0.0264926355068033,47832,Bottom-middle,14100,17500,16300,19000
15473.301,17688.28,-0.167710478674144,49047,Bottom-middle,14100,17500,16300,19000
15474.479,18538.713,0.0465042806217246,59854,Bottom-middle,14100,17500,16300,19000
15474.811,16421.691,-0.109758055709612,46924,Bottom-middle,14100,17500,16300,19000
15480.479,17847.344,-0.251772423649464,49297,Bottom-middle,14100,17500,16300,19000
15481.979,18789.885,0.133501778900769,60247,Bottom-middle,14100,17500,16300,19000
15482.884,18322.197,-0.19380010682531,59556,Bottom-middle,14100,17500,16300,19000
15483.762,17214.988,-0.0439745069041021,48205,Bottom-middle,14100,17500,16300,19000
15488.29,17307.387,0.0784001231965795,48388,Bottom-middle,14100,17500,16300,19000
15488.416,18216.48,-0.0607979130030706,59347,Bottom-middle,14100,17500,16300,19000
15488.997,18582.434,-0.0697771094196302,59920,Bottom-middle,14100,17500,16300,19000
15491.791,17964.99,-0.180832618930303,49444,Bottom-middle,14100,17500,16300,19000
15494.145,17040.281,0.0982506914814375,47898,Bottom-middle,14100,17500,16300,19000
15494.584,18615.852,-0.0138960671014059,59965,Bottom-middle,14100,17500,16300,19000
15495.026,18394.94,-0.0640962111433598,59644,Bottom-middle,14100,17500,16300,19000
15495.074,17550.045,-0.127609418197217,48830,Bottom-middle,14100,17500,16300,19000
15496.526,17158.809,0.0436077484116325,48109,Bottom-middle,14100,17500,16300,19000
15501.284,16478.633,-0.0928973357362329,46984,Bottom-middle,14100,17500,16300,19000
15501.611,18865.803,-0.0430792584954056,60407,Bottom-middle,14100,17500,16300,19000
15506.146,16792.709,-0.0651810509064956,47463,Bottom-middle,14100,17500,16300,19000
15507.426,18732.488,0.132705648813253,60139,Bottom-middle,14100,17500,16300,19000
15509.011,17382.111,-0.0378849304717595,48518,Bottom-middle,14100,17500,16300,19000
15513.555,17757.346,-0.153488089739871,49174,Bottom-middle,14100,17500,16300,19000
15514.073,18792.033,0.10854560377554,60234,Bottom-middle,14100,17500,16300,19000
15522.339,18914.273,-0.00762219281317618,60513,Bottom-middle,14100,17500,16300,19000
15523.249,16591.186,-0.178405603069868,47140,Bottom-middle,14100,17500,16300,19000
15525.84,16353.107,-0.0132477054949,46785,Bottom-middle,14100,17500,16300,19000
15531.377,18658.953,0.0206011222629146,60026,Bottom-middle,14100,17500,16300,19000
15531.611,18259.926,-0.177301474607834,59446,Bottom-middle,14100,17500,16300,19000
15531.861,17117.898,0.125585705707718,48016,Bottom-middle,14100,17500,16300,19000
15532.192,18687.652,-0.045263805529948,60078,Bottom-middle,14100,17500,16300,19000
15535.965,16944.61,-0.125145873225626,47737,Bottom-middle,14100,17500,16300,19000
15538.07,18484.887,-0.0717221566593348,59787,Bottom-middle,14100,17500,16300,19000
15539.303,16855.951,-0.115205018169657,47576,Bottom-middle,14100,17500,16300,19000
15539.814,17032.041,0.0628417626655466,47877,Bottom-middle,14100,17500,16300,19000
15540.545,17546.674,-0.0137133547149992,48837,Bottom-middle,14100,17500,16300,19000
15545.16,16705.76,-0.209341301521094,47311,Bottom-middle,14100,17500,16300,19000
15547.126,18151.31,0.0273341319514864,59273,Bottom-middle,14100,17500,16300,19000
15547.495,18640.184,-0.0404827542755374,60002,Bottom-middle,14100,17500,16300,19000
15549.173,17590.213,-0.154354031007797,48919,Bottom-middle,14100,17500,16300,19000
15549.175,17501.688,0.0397937937269271,48761,Bottom-middle,14100,17500,16300,19000
15550.272,18994.121,-0.223196361807909,60659,Bottom-middle,14100,17500,16300,19000
15551.314,18852.346,0.0715923815236671,60392,Bottom-middle,14100,17500,16300,19000
15551.74,18809.746,0.12177371324693,60293,Bottom-middle,14100,17500,16300,19000
15551.819,17065.344,0.0263054201641988,47939,Bottom-middle,14100,17500,16300,19000
15555.349,18724.822,-0.0547707851963151,60136,Bottom-middle,14100,17500,16300,19000
15557.227,17091.498,-0.00238133848679636,47991,Bottom-middle,14100,17500,16300,19000
15559.87,18379.982,-0.0910793280317168,59645,Bottom-middle,14100,17500,16300,19000
15560.818,17314.844,-0.0788526853006178,48394,Bottom-middle,14100,17500,16300,19000
15561.793,17379.309,-0.0209990757472038,48519,Bottom-middle,14100,17500,16300,19000
15562.267,18078.7,-0.176215708781599,59169,Bottom-middle,14100,17500,16300,19000
15564.27,18579.293,-0.178726112019021,59913,Bottom-middle,14100,17500,16300,19000
15564.8,17204.443,-0.0343998625606074,48174,Bottom-middle,14100,17500,16300,19000
15570.596,18506.488,0.0351259861715593,59810,Bottom-middle,14100,17500,16300,19000
15572.938,17003.861,-0.160415619883279,47833,Bottom-middle,14100,17500,16300,19000
15580.069,17235.275,0.0127416303152873,48236,Bottom-middle,14100,17500,16300,19000
15581.274,18853.838,0.0240079891643497,60379,Bottom-middle,14100,17500,16300,19000
15581.502,17126.107,0.0972512058223457,48034,Bottom-middle,14100,17500,16300,19000
15583.581,17366.502,0.00576665198005657,48492,Bottom-middle,14100,17500,16300,19000
15583.642,17536.205,0.026703252026084,48813,Bottom-middle,14100,17500,16300,19000
15583.992,17727.62,-0.253626096864908,49125,Bottom-middle,14100,17500,16300,19000
15588.3125,17514.672,0.0791105320518838,48784,Bottom-middle,14100,17500,16300,19000
15589.68,18943.182,0.119998007760109,60570,Bottom-middle,14100,17500,16300,19000
15589.979,16753.195,0.0179747800117612,47406,Bottom-middle,14100,17500,16300,19000
15594.57,17410.465,-0.046111372517056,48573,Bottom-middle,14100,17500,16300,19000
15594.819,17255.127,-0.0608323740717966,48274,Bottom-middle,14100,17500,16300,19000
15596.342,18796.836,-0.0426317275496553,60259,Bottom-middle,14100,17500,16300,19000
15597.158,18319.135,0.0338806212101571,59557,Bottom-middle,14100,17500,16300,19000
15602.794,18224.51,-0.0852619521802694,59401,Bottom-middle,14100,17500,16300,19000
15603.856,17301.703,-0.000727935340976811,48367,Bottom-middle,14100,17500,16300,19000
15603.913,17583.434,-0.0729555518227596,48895,Bottom-middle,14100,17500,16300,19000
15605.533,16485.309,-0.146993530230427,46993,Bottom-middle,14100,17500,16300,19000
15606.68,18831.012,-0.0378908631950725,60322,Bottom-middle,14100,17500,16300,19000
15607.888,17170.621,0.180557309307295,48125,Bottom-middle,14100,17500,16300,19000
15613.643,17439.701,0.0326717679595437,48625,Bottom-middle,14100,17500,16300,19000
15614.087,18939.633,-0.181381316793243,60571,Bottom-middle,14100,17500,16300,19000
15623.69,17800.11,-0.133055136139703,49243,Bottom-middle,14100,17500,16300,19000
15623.867,18755.885,0.00686747965952164,60182,Bottom-middle,14100,17500,16300,19000
15624.357,17328.781,0.138214099794687,48426,Bottom-middle,14100,17500,16300,19000
15624.681,17259.797,0.10609351913857,48285,Bottom-middle,14100,17500,16300,19000
15626.06,17862.4,-0.181198210313501,49337,Bottom-middle,14100,17500,16300,19000
15627.826,17933.676,-0.0677599042152041,49445,Bottom-middle,14100,17500,16300,19000
15633.261,18679.064,0.0267530408013358,60059,Bottom-middle,14100,17500,16300,19000
15634.502,17698.373,-0.226749015599313,49073,Bottom-middle,14100,17500,16300,19000
15635.658,17306.639,0.150880226365956,48368,Bottom-middle,14100,17500,16300,19000
15637.366,18592.31,-0.166910179392723,59933,Bottom-middle,14100,17500,16300,19000
15637.524,18882.531,0.0984099652986666,60439,Bottom-middle,14100,17500,16300,19000
15640.917,18911.11,-0.0270606646226853,60521,Bottom-middle,14100,17500,16300,19000
15641.23,18720.629,-0.00788724445200169,60120,Bottom-middle,14100,17500,16300,19000
15642.543,17495.617,0.117158742176334,48725,Bottom-middle,14100,17500,16300,19000
15647.188,18767.781,0.144135518316011,60198,Bottom-middle,14100,17500,16300,19000
15651.548,17955.111,-0.0322563122302411,49479,Bottom-middle,14100,17500,16300,19000
15658.649,16717.27,-0.226660126879613,47335,Bottom-middle,14100,17500,16300,19000
15658.757,16513.117,-0.0976348779586488,47048,Bottom-middle,14100,17500,16300,19000
15660.149,17454.807,0.111721480388891,48646,Bottom-middle,14100,17500,16300,19000
15665.658,18741.428,0.00791506429495236,60165,Bottom-middle,14100,17500,16300,19000
15669.713,17993.3,-0.156037763812519,49531,Bottom-middle,14100,17500,16300,19000
15673.123,18458.482,-0.212627082414723,59735,Bottom-middle,14100,17500,16300,19000
15673.429,17490.162,0.000598476883733079,48726,Bottom-middle,14100,17500,16300,19000
15674.953,18911.594,0.139111796837814,60522,Bottom-middle,14100,17500,16300,19000
15675.744,18094.303,-0.110201054036459,59197,Bottom-middle,14100,17500,16300,19000
15679.121,17419.504,-0.0536312182876734,48574,Bottom-middle,14100,17500,16300,19000
15681.996,18564.03,-0.164797760714969,59872,Bottom-middle,14100,17500,16300,19000
15683.29,17013.78,-0.126643910434167,47851,Bottom-middle,14100,17500,16300,19000
15683.85,17850.537,-0.145398727511876,49298,Bottom-middle,14100,17500,16300,19000
15684.292,18931.365,-0.0123396630679446,60564,Bottom-middle,14100,17500,16300,19000
15685.991,17233.139,-0.0374519598377966,48249,Bottom-middle,14100,17500,16300,19000
15686.527,17913.416,-0.017792935508011,49407,Bottom-middle,14100,17500,16300,19000
15687.233,17518.111,0.231069212823475,48775,Bottom-middle,14100,17500,16300,19000
15687.954,17134.912,0.0700031958932492,48051,Bottom-middle,14100,17500,16300,19000
15694.196,17114.209,0.010411412375691,48017,Bottom-middle,14100,17500,16300,19000
15697.177,17337.893,0.0555232669923548,48436,Bottom-middle,14100,17500,16300,19000
15699.061,18650.125,-0.20584971535523,60016,Bottom-middle,14100,17500,16300,19000
15702.021,18143.078,-0.258266983158909,59288,Bottom-middle,14100,17500,16300,19000
15702.449,18747.975,0.109866574167963,60166,Bottom-middle,14100,17500,16300,19000
15702.646,18802.525,0.175357481078642,60235,Bottom-middle,14100,17500,16300,19000
15706.4795,18938.402,0.0334541278115332,60580,Bottom-middle,14100,17500,16300,19000
15712.823,17868.54,-0.166300788283995,49346,Bottom-middle,14100,17500,16300,19000
15712.868,17283.709,-0.0820979680372357,48341,Bottom-middle,14100,17500,16300,19000
15714.058,17240.877,0.0630843899677412,48254,Bottom-middle,14100,17500,16300,19000
15719.574,16715.527,-0.124180575120972,47326,Bottom-middle,14100,17500,16300,19000
15722.442,16512.56,-0.114087762049241,47037,Bottom-middle,14100,17500,16300,19000
15724.539,17458.896,0.0448267098350128,48667,Bottom-middle,14100,17500,16300,19000
15725.769,16550.648,-0.143690505346577,47095,Bottom-middle,14100,17500,16300,19000
15726.525,17522.916,0.0457269163542771,48785,Bottom-middle,14100,17500,16300,19000
15728.213,18976.145,0.247938785300904,60644,Bottom-middle,14100,17500,16300,19000
15728.445,17303.06,0.0736627994645638,48378,Bottom-middle,14100,17500,16300,19000
15731.051,18792.697,0.135474801871193,60260,Bottom-middle,14100,17500,16300,19000
15737.712,17086.43,-0.0868106121095747,47969,Bottom-middle,14100,17500,16300,19000
15738.459,18740.29,-0.0482762256868706,60154,Bottom-middle,14100,17500,16300,19000
15740.762,17726.1,-0.127693839025429,49129,Bottom-middle,14100,17500,16300,19000
15743.438,18842.623,0.152678255839861,60360,Bottom-middle,14100,17500,16300,19000
15746.67,17010.791,-0.0153773125306623,47852,Bottom-middle,14100,17500,16300,19000
15747.27,17653.607,0.00334284290297702,49013,Bottom-middle,14100,17500,16300,19000
15750.275,18001.08,-0.0746874343586115,59108,Bottom-middle,14100,17500,16300,19000
15750.518,17508.273,0.100821864779622,48747,Bottom-middle,14100,17500,16300,19000
15750.963,17785.64,-0.14309679452476,49220,Bottom-middle,14100,17500,16300,19000
15755.019,17879.408,0.0768762286439496,49374,Bottom-middle,14100,17500,16300,19000
15757.444,17608.303,-0.00671104482642588,48920,Bottom-middle,14100,17500,16300,19000
15759.145,17107.213,0.0349054509498888,48005,Bottom-middle,14100,17500,16300,19000
15761.916,18946.36,0.0334577484286259,60587,Bottom-middle,14100,17500,16300,19000
15763.655,17827.062,-0.204578624547501,49289,Bottom-middle,14100,17500,16300,19000
15763.666,16632.59,-0.20154783010976,47225,Bottom-middle,14100,17500,16300,19000
15765.5625,18462.648,-0.187189197941635,59726,Bottom-middle,14100,17500,16300,19000
15768.097,18166.615,-0.0989211694544177,59340,Bottom-middle,14100,17500,16300,19000
15772.486,18861.107,0.0896943371846446,60408,Bottom-middle,14100,17500,16300,19000
15772.813,17924.371,-0.0729479353073506,49430,Bottom-middle,14100,17500,16300,19000
15778.849,17371.701,-0.156577700926791,48473,Bottom-middle,14100,17500,16300,19000
15781.223,17225.988,-0.0230447664179445,48182,Bottom-middle,14100,17500,16300,19000
15781.223,18706.754,0.0170785898691234,60089,Bottom-middle,14100,17500,16300,19000
15782.206,18026.516,-0.0374272721103672,59131,Bottom-middle,14100,17500,16300,19000
15782.511,16324.95,-0.0702140390827493,46732,Bottom-middle,14100,17500,16300,19000
15784.053,18539.842,-0.0719777383538487,59838,Bottom-middle,14100,17500,16300,19000
15784.205,17548.062,0.11604957590766,48831,Bottom-middle,14100,17500,16300,19000
15785,16743.229,-0.0623345237391227,47376,Bottom-middle,14100,17500,16300,19000
15785.447,18907.559,-0.0247420749377417,60500,Bottom-middle,14100,17500,16300,19000
15787.512,17429.312,0.0565569191900182,48611,Bottom-middle,14100,17500,16300,19000
15788.319,16578.21,-0.00572579038369549,47141,Bottom-middle,14100,17500,16300,19000
15788.62,17697.635,0.110913453387352,49084,Bottom-middle,14100,17500,16300,19000
15789.8545,18596.527,-0.266060454570242,59938,Bottom-middle,14100,17500,16300,19000
15790.42,18074.084,-0.160273877795305,59191,Bottom-middle,14100,17500,16300,19000
15791.867,17030.186,0.0386489119214079,47884,Bottom-middle,14100,17500,16300,19000
15799.698,16877.135,-0.187245152588156,47634,Bottom-middle,14100,17500,16300,19000
15800.874,18860.246,0.0184209916021362,60400,Bottom-middle,14100,17500,16300,19000
15802.011,17093.61,0.0604662311159651,47998,Bottom-middle,14100,17500,16300,19000
15804.268,16653.262,-0.0717519881310352,47263,Bottom-middle,14100,17500,16300,19000
15804.273,18810.07,0.162598872173446,60294,Bottom-middle,14100,17500,16300,19000
15804.94,16489.707,-0.105861320003945,47018,Bottom-middle,14100,17500,16300,19000
15805.021,17624.416,-0.00887589799624071,48967,Bottom-middle,14100,17500,16300,19000
15805.972,17871.643,-0.177968814529742,49354,Bottom-middle,14100,17500,16300,19000
15814.566,16604.748,-0.113484901688998,47159,Bottom-middle,14100,17500,16300,19000
15814.627,17367.338,-0.0338695672041478,48462,Bottom-middle,14100,17500,16300,19000
15817.789,18750.572,0.0549589512610178,60173,Bottom-middle,14100,17500,16300,19000
15821.444,17969.76,-0.147826787201074,49493,Bottom-middle,14100,17500,16300,19000
15822.654,16360.066,-0.0925220342398914,46822,Bottom-middle,14100,17500,16300,19000
15823.002,18838.92,-0.0254959700028834,60346,Bottom-middle,14100,17500,16300,19000
15830.919,18629.498,-0.0697331582809129,59985,Bottom-middle,14100,17500,16300,19000
15833.761,17515.227,0.0408029437616668,48776,Bottom-middle,14100,17500,16300,19000
15839.378,17585.219,0.00955376568930517,48873,Bottom-middle,14100,17500,16300,19000
15839.551,18511.834,-0.160878303638635,59826,Bottom-middle,14100,17500,16300,19000
15848.272,16808.936,-0.120548692341999,47504,Bottom-middle,14100,17500,16300,19000
15848.373,17046.174,0.0809278667830255,47899,Bottom-middle,14100,17500,16300,19000
15849.17,17799.488,-0.17513662143802,49244,Bottom-middle,14100,17500,16300,19000
15849.652,16962.848,-0.251772423649465,47746,Bottom-middle,14100,17500,16300,19000
15849.777,18763.254,0.000306817063545913,60199,Bottom-middle,14100,17500,16300,19000
15857.82,18546.541,-0.0417816661774263,59863,Bottom-middle,14100,17500,16300,19000
15859.159,18039.795,-0.136685384761189,59136,Bottom-middle,14100,17500,16300,19000
15860.071,18452.357,-0.125280425721587,59736,Bottom-middle,14100,17500,16300,19000
15860.37,18967.002,0.0249410566183609,60629,Bottom-middle,14100,17500,16300,19000
15861.362,16621.629,-0.0808460709937318,47226,Bottom-middle,14100,17500,16300,19000
15862.384,18727.666,0.104862922656317,60103,Bottom-middle,14100,17500,16300,19000
15865.439,16565.758,-0.0399844099901684,47121,Bottom-middle,14100,17500,16300,19000
15865.903,17262.555,-0.0948544518671991,48275,Bottom-middle,14100,17500,16300,19000
15869.091,17487.572,0.134159760867635,48719,Bottom-middle,14100,17500,16300,19000
15869.877,18239.68,-0.0762112059776392,59416,Bottom-middle,14100,17500,16300,19000
15871.688,18808.201,0.070432122266155,60285,Bottom-middle,14100,17500,16300,19000
15872.643,18132.94,-0.075581809386709,59274,Bottom-middle,14100,17500,16300,19000
15872.722,17401.793,0.113725830870811,48563,Bottom-middle,14100,17500,16300,19000
15873.227,16358.093,-0.128530546732048,46786,Bottom-middle,14100,17500,16300,19000
15874.561,18944.055,-0.0201331344792779,60581,Bottom-middle,14100,17500,16300,19000
15875.288,18397.207,-0.104806806835461,59651,Bottom-middle,14100,17500,16300,19000
15877.774,18892.291,-0.000221665910514211,60470,Bottom-middle,14100,17500,16300,19000
15885.943,18839.646,0.0663686763952792,60347,Bottom-middle,14100,17500,16300,19000
15886.992,17971.818,-0.0396784513044876,49504,Bottom-middle,14100,17500,16300,19000
15890.165,16995.41,-0.286410074366502,47834,Bottom-middle,14100,17500,16300,19000
15890.6,17712.816,-0.12690908927179,49100,Bottom-middle,14100,17500,16300,19000
15892.293,18594.084,-0.0777219518250866,59939,Bottom-middle,14100,17500,16300,19000
15895.712,18766.764,0.17488183406904,60208,Bottom-middle,14100,17500,16300,19000
15896.488,17465.098,-0.0738214930906856,48693,Bottom-middle,14100,17500,16300,19000
15898.639,16554.553,-0.153740802826837,47061,Bottom-middle,14100,17500,16300,19000
15900.596,18714.133,0.159598456660002,60115,Bottom-middle,14100,17500,16300,19000
15904.314,16830.664,-0.0364271693860535,47517,Bottom-middle,14100,17500,16300,19000
15907.664,18629.678,0.0804422543459307,59986,Bottom-middle,14100,17500,16300,19000
15909.975,17401.258,0.101073531966111,48556,Bottom-middle,14100,17500,16300,19000
15910.696,18572.492,0.0537015097289245,59914,Bottom-middle,14100,17500,16300,19000
15912.058,18924.377,0.170584244706568,60531,Bottom-middle,14100,17500,16300,19000
15915.209,18126.535,-0.102972878901381,59233,Bottom-middle,14100,17500,16300,19000
15916.739,17557.646,0.0455840665367678,48820,Bottom-middle,14100,17500,16300,19000
15919.864,18988.502,0.0127977593265106,60660,Bottom-middle,14100,17500,16300,19000
15920.664,17121.31,0.0386690936729495,48018,Bottom-middle,14100,17500,16300,19000
15921.869,18790.3,0.0324114346182157,60248,Bottom-middle,14100,17500,16300,19000
15922.378,18328.043,-0.167399947186785,59558,Bottom-middle,14100,17500,16300,19000
15923.056,18683.055,0.0300714502117437,60060,Bottom-middle,14100,17500,16300,19000
15924.539,16981.744,-0.0812995512354896,47800,Bottom-middle,14100,17500,16300,19000
15926.522,18744.314,0.20060414479173,60155,Bottom-middle,14100,17500,16300,19000
15927.086,18847.723,0.151767930883072,60380,Bottom-middle,14100,17500,16300,19000
15927.229,18815.799,0.183628517249277,60306,Bottom-middle,14100,17500,16300,19000
15931.11,18008.615,-0.114622550459084,59109,Bottom-middle,14100,17500,16300,19000
15934.697,17728.033,0.0738861520496287,49135,Bottom-middle,14100,17500,16300,19000
15938.922,16919.34,-0.0184369208678267,47690,Bottom-middle,14100,17500,16300,19000
15946.604,17347.764,0.0929775242609913,48450,Bottom-middle,14100,17500,16300,19000
15947.098,17132.178,0.0227253017592725,48052,Bottom-middle,14100,17500,16300,19000
15948.64,17856.045,-0.129762592898072,49325,Bottom-middle,14100,17500,16300,19000
15948.655,17605.89,-0.134004411211538,48900,Bottom-middle,14100,17500,16300,19000
15950.119,18492.924,-0.0915603637197876,59804,Bottom-middle,14100,17500,16300,19000
15951.233,18865.234,0.0949402266434642,60420,Bottom-middle,14100,17500,16300,19000
15954.35,18629.977,0.179447324281504,59987,Bottom-middle,14100,17500,16300,19000
15958.673,17405.838,0.233740222924805,48564,Bottom-middle,14100,17500,16300,19000
15958.899,16690.48,-0.0626590903142068,47312,Bottom-middle,14100,17500,16300,19000
15961.426,18900.277,0.134852891784748,60481,Bottom-middle,14100,17500,16300,19000
15980.075,17946.32,-0.143764730188286,49431,Bottom-middle,14100,17500,16300,19000
15980.76,17355.99,-0.0357548496169329,48463,Bottom-middle,14100,17500,16300,19000
15981.581,17254.324,0.0436955934823088,48276,Bottom-middle,14100,17500,16300,19000
15981.669,17426.326,0.092889326156349,48600,Bottom-middle,14100,17500,16300,19000
15982.487,18924.168,0.226213058692197,60532,Bottom-middle,14100,17500,16300,19000
15984.465,18965.926,0.0892803634706436,60611,Bottom-middle,14100,17500,16300,19000
15985.334,18697.469,0.0107555786320277,60090,Bottom-middle,14100,17500,16300,19000
15987.658,18624.727,0.10202096301889,59978,Bottom-middle,14100,17500,16300,19000
15988.623,18091.828,-0.018531221467928,59192,Bottom-middle,14100,17500,16300,19000
15989.099,16858.389,-0.0914223392905068,47577,Bottom-middle,14100,17500,16300,19000
15990.2,17121.139,0.131051086915248,48027,Bottom-middle,14100,17500,16300,19000
15990.325,16461.18,-0.195486241234279,46953,Bottom-middle,14100,17500,16300,19000
15993.022,18462.18,-0.169320340565188,59727,Bottom-middle,14100,17500,16300,19000
15993.673,17282.484,0.0939751563528406,48348,Bottom-middle,14100,17500,16300,19000
15999.044,18561.443,-0.0439465193472411,65746,Bottom-middle,14100,17500,16300,19000
16000.052,17654.943,-0.185960887287094,55636,Bottom-middle,14100,17500,16300,19000
16000.155,17446.715,0.052670688741605,55446,Bottom-middle,14100,17500,16300,19000
16004.3125,17586.484,-0.0256498498483461,55562,Bottom-middle,14100,17500,16300,19000
16008.4375,18724.088,0.25074398542292,66063,Bottom-middle,14100,17500,16300,19000
16010.979,18755.695,0.12875123492568,66122,Bottom-middle,14100,17500,16300,19000
16012.415,18847.846,0.33861038142496,66279,Bottom-middle,14100,17500,16300,19000
16013.808,18362.54,-0.0928722009850562,65442,Bottom-middle,14100,17500,16300,19000
16014.818,18987.09,0.0355028016942837,66582,Bottom-middle,14100,17500,16300,19000
16015.962,18884.63,0.205663919735558,66363,Bottom-middle,14100,17500,16300,19000
16021.026,17508.322,-0.0175353106755001,55515,Bottom-middle,14100,17500,16300,19000
16021.375,17125.818,0.191794873179337,55075,Bottom-middle,14100,17500,16300,19000
16021.98,18812.95,0.200802784561869,66195,Bottom-middle,14100,17500,16300,19000
16024.313,16928.309,-0.125934126015945,54852,Bottom-middle,14100,17500,16300,19000
16025.774,16704.604,-0.157441619541438,54558,Bottom-middle,14100,17500,16300,19000
16029.438,17179.834,0.106579261453546,55136,Bottom-middle,14100,17500,16300,19000
16033.423,17675.627,-0.0417816661774263,55651,Bottom-middle,14100,17500,16300,19000
16034.604,18757.613,-0.023337461888145,66137,Bottom-middle,14100,17500,16300,19000
16035.745,18277.219,-0.1098319383392,65384,Bottom-middle,14100,17500,16300,19000
16038.089,17353.434,0.0721835160262342,55349,Bottom-middle,14100,17500,16300,19000
16038.518,18684.58,-0.0206864709047306,65962,Bottom-middle,14100,17500,16300,19000
16038.545,17524.266,0.0258319946425786,55525,Bottom-middle,14100,17500,16300,19000
16039.253,17399.2,0.121874962341692,55396,Bottom-middle,14100,17500,16300,19000
16041.295,17700.902,0.179820498211833,55686,Bottom-middle,14100,17500,16300,19000
16044.568,16638.754,-0.147312859606009,54503,Bottom-middle,14100,17500,16300,19000
16047.508,17311.123,0.0472013435377635,55286,Bottom-middle,14100,17500,16300,19000
16047.961,17033.78,-0.0145845532315286,54967,Bottom-middle,14100,17500,16300,19000
16048.346,18706.27,0.0198709721917542,66036,Bottom-middle,14100,17500,16300,19000
16058.347,17731.773,0.0304684261176947,55715,Bottom-middle,14100,17500,16300,19000
16060.53,18832.459,0.214254951911189,66259,Bottom-middle,14100,17500,16300,19000
16061.633,18184.24,-0.157384825445538,65283,Bottom-middle,14100,17500,16300,19000
16064.804,17138.82,0.103386399673446,55093,Bottom-middle,14100,17500,16300,19000
16065.277,18964.03,0.055043656046843,66527,Bottom-middle,14100,17500,16300,19000
16065.95,17453.422,0.14033297633021,55454,Bottom-middle,14100,17500,16300,19000
16066.56,17354.36,-0.04539533245059,55334,Bottom-middle,14100,17500,16300,19000
16069.63,18929.29,0.202501860443745,66439,Bottom-middle,14100,17500,16300,19000
16069.743,18870.5,0.280949536127824,66312,Bottom-middle,14100,17500,16300,19000
16070.064,16370.228,0.0158028838769971,54227,Bottom-middle,14100,17500,16300,19000
16072.265,18701.564,0.0369455486692416,66004,Bottom-middle,14100,17500,16300,19000
16074.64,17912.58,-0.177056419177325,55868,Bottom-middle,14100,17500,16300,19000
16078.586,18791.38,0.125143324150901,66196,Bottom-middle,14100,17500,16300,19000
16080.068,18745.46,0.202039254740448,66102,Bottom-middle,14100,17500,16300,19000
16080.902,18390.473,-0.0876193200316578,65516,Bottom-middle,14100,17500,16300,19000
16090.463,16441.8,-0.0567828720827243,54312,Bottom-middle,14100,17500,16300,19000
16099.884,17660.818,0.176408446239265,55629,Bottom-middle,14100,17500,16300,19000
16103.072,17702.998,0.0243358977626993,55687,Bottom-middle,14100,17500,16300,19000
16104.782,18265.623,-0.230638707293841,65363,Bottom-middle,14100,17500,16300,19000
16104.958,18773.725,0.273631354238994,66160,Bottom-middle,14100,17500,16300,19000
16105.929,18977.5,0.0226381834206829,66546,Bottom-middle,14100,17500,16300,19000
16110.022,16933.076,-0.178963544909952,54872,Bottom-middle,14100,17500,16300,19000
16110.306,17332.422,0.0826227173552058,55317,Bottom-middle,14100,17500,16300,19000
16112.771,17265.09,0.256331264190844,55221,Bottom-middle,14100,17500,16300,19000
16115.448,17356.781,-0.022473932772916,55351,Bottom-middle,14100,17500,16300,19000
16115.622,17018.717,0.108932250664563,54959,Bottom-middle,14100,17500,16300,19000
16115.72,16866.346,-0.100043527567138,54766,Bottom-middle,14100,17500,16300,19000
16116.271,18744.973,0.226597222502194,66103,Bottom-middle,14100,17500,16300,19000
16119.356,18919.355,0.117222305056019,66440,Bottom-middle,14100,17500,16300,19000
16121.591,18130.172,-0.158656558114263,65215,Bottom-middle,14100,17500,16300,19000
16122.181,18812.785,-0.0219386072943553,66219,Bottom-middle,14100,17500,16300,19000
16123.377,17562.904,0.120790822754685,55556,Bottom-middle,14100,17500,16300,19000
16124.106,18863.902,0.14256931234751,66313,Bottom-middle,14100,17500,16300,19000
16124.494,18578.516,-0.104085890835523,65792,Bottom-middle,14100,17500,16300,19000
16127.184,17823.725,-0.16252690272421,55779,Bottom-middle,14100,17500,16300,19000
16130.28,18722.326,0.170248631464094,66052,Bottom-middle,14100,17500,16300,19000
16132.373,17164.58,-0.0149529047431844,55126,Bottom-middle,14100,17500,16300,19000
16132.866,17601.611,-0.0409157249095003,55592,Bottom-middle,14100,17500,16300,19000
16138.816,18906.62,0.19464390952947,66407,Bottom-middle,14100,17500,16300,19000
16138.938,16610.904,-0.0679539316674705,54467,Bottom-middle,14100,17500,16300,19000
16139.517,18060.475,-0.18122145243261,65174,Bottom-middle,14100,17500,16300,19000
16140.06,17514.998,-0.0711362771687415,55479,Bottom-middle,14100,17500,16300,19000
16141.34,17629.543,0.152883847322401,55616,Bottom-middle,14100,17500,16300,19000
16142.984,17214.756,0.266634199111833,55179,Bottom-middle,14100,17500,16300,19000
16144.881,17402.002,0.260438120055756,55402,Bottom-middle,14100,17500,16300,19000
16146.329,17673.47,0.178100938460609,55652,Bottom-middle,14100,17500,16300,19000
16148.125,17705.525,0.126430756582406,55688,Bottom-middle,14100,17500,16300,19000
16150.924,18880.82,0.175112361269599,66336,Bottom-middle,14100,17500,16300,19000
16152.25,18539.797,0.0426671662484627,65725,Bottom-middle,14100,17500,16300,19000
16152.369,17959.496,0.0138924070954751,55931,Bottom-middle,14100,17500,16300,19000
16153.709,18213.65,-0.167776120660649,65319,Bottom-middle,14100,17500,16300,19000
16153.972,16836.332,-0.0343965359021818,54739,Bottom-middle,14100,17500,16300,19000
16154.43,18837.373,0.27476245022149,66280,Bottom-middle,14100,17500,16300,19000
16156.38,16494.64,-0.0835030729293233,54356,Bottom-middle,14100,17500,16300,19000
16157.028,17063.98,0.256149879292027,55007,Bottom-middle,14100,17500,16300,19000
16158.532,18690.588,0.249350167584039,65983,Bottom-middle,14100,17500,16300,19000
16161.216,18754.45,0.206080428332511,66123,Bottom-middle,14100,17500,16300,19000
16163.006,18977.893,0.34225703952445,66547,Bottom-middle,14100,17500,16300,19000
16163.142,18343.29,-0.0341952373902798,65456,Bottom-middle,14100,17500,16300,19000
16164.397,18604.16,0.0413661538825471,65842,Bottom-middle,14100,17500,16300,19000
16165.819,17166.363,0.0791286746509342,55119,Bottom-middle,14100,17500,16300,19000
16165.876,16436.914,-0.0525907989948902,54274,Bottom-middle,14100,17500,16300,19000
16169.877,17338.844,0.138940007413236,55321,Bottom-middle,14100,17500,16300,19000
16172.505,18671.877,0.158461193196172,65946,Bottom-middle,14100,17500,16300,19000
16173.886,17366.396,0.196404653987455,55364,Bottom-middle,14100,17500,16300,19000
16174.42,17038.412,0.0293799565213326,54978,Bottom-middle,14100,17500,16300,19000
16175.642,17606.19,0.070036142328645,55600,Bottom-middle,14100,17500,16300,19000
16179.628,18538.861,0.0415189625994065,65726,Bottom-middle,14100,17500,16300,19000
16180.424,18903.744,0.0645196397542428,66408,Bottom-middle,14100,17500,16300,19000
16188.369,17752.547,0.0538165613486672,55729,Bottom-middle,14100,17500,16300,19000
16191.979,18451.738,-0.0285423697581826,65605,Bottom-middle,14100,17500,16300,19000
16192.274,16970.742,0.111864730818333,54905,Bottom-middle,14100,17500,16300,19000
16193.549,16820.025,0.0536446886462208,54713,Bottom-middle,14100,17500,16300,19000
16193.585,17440.797,0.246395007204457,55437,Bottom-middle,14100,17500,16300,19000
16195.416,17495.76,-0.081709117040818,55494,Bottom-middle,14100,17500,16300,19000
16195.997,18695.65,0.0606656420173961,66005,Bottom-middle,14100,17500,16300,19000
16198.555,17284.002,0.168223345994641,55263,Bottom-middle,14100,17500,16300,19000
16199.295,17699.506,0.0684812075109688,55689,Bottom-middle,14100,17500,16300,19000
16203.114,17227.912,0.273534580402581,55193,Bottom-middle,14100,17500,16300,19000
16203.144,17730.9,-0.0547707851963153,55718,Bottom-middle,14100,17500,16300,19000
16204.356,18027.256,-0.207176448351279,65157,Bottom-middle,14100,17500,16300,19000
16205.108,18590.666,0.317748766377082,65806,Bottom-middle,14100,17500,16300,19000
16206.877,18889.578,0.286095641795696,66364,Bottom-middle,14100,17500,16300,19000
16211.051,17016.28,0.130173952691891,54962,Bottom-middle,14100,17500,16300,19000
16211.101,17538.488,-0.0855117002076856,55542,Bottom-middle,14100,17500,16300,19000
16211.494,18672.818,0.192212209647435,65952,Bottom-middle,14100,17500,16300,19000
16212.86,18164.861,0.00676708646349865,65271,Bottom-middle,14100,17500,16300,19000
16214.765,18767.998,0.291582542580425,66147,Bottom-middle,14100,17500,16300,19000
16217.581,17311.082,0.0165084007623838,55296,Bottom-middle,14100,17500,16300,19000
16219.711,18473.188,-0.274719867249502,65625,Bottom-middle,14100,17500,16300,19000
16220.442,17370.271,0.19927542655981,55356,Bottom-middle,14100,17500,16300,19000
16220.68,18721.762,0.157191788257753,66053,Bottom-middle,14100,17500,16300,19000
16224.005,18409.271,-0.244411922872094,65541,Bottom-middle,14100,17500,16300,19000
16227.016,16961.773,0.0850076620392033,54895,Bottom-middle,14100,17500,16300,19000
16229.851,18909.104,0.334850434220452,66419,Bottom-middle,14100,17500,16300,19000
16232.686,17473.617,-0.0344211654000558,55473,Bottom-middle,14100,17500,16300,19000
16233.173,17589.766,0.044163426943764,55582,Bottom-middle,14100,17500,16300,19000
16235.389,18060.182,-0.14742650086439,65170,Bottom-middle,14100,17500,16300,19000
16236.734,18684.404,0.279783742036022,65963,Bottom-middle,14100,17500,16300,19000
16237.64,18379.676,-0.0912014506404603,65477,Bottom-middle,14100,17500,16300,19000
16238.467,17622.11,0.0785442961350281,55609,Bottom-middle,14100,17500,16300,19000
16239.2705,18892.35,0.357514580923308,66350,Bottom-middle,14100,17500,16300,19000
16241.263,16720.033,-0.0981785658852303,54585,Bottom-middle,14100,17500,16300,19000
16241.978,17210.46,0.109136956997155,55166,Bottom-middle,14100,17500,16300,19000
16242.223,17173.256,0.22582251552208,55129,Bottom-middle,14100,17500,16300,19000
16243.389,17509.896,0.0443656193413048,55516,Bottom-middle,14100,17500,16300,19000
16243.698,16626.762,-0.151027011590199,54485,Bottom-middle,14100,17500,16300,19000
16245.555,17717.293,0.132669875048472,55700,Bottom-middle,14100,17500,16300,19000
16248.236,17066.68,0.18020520092431,55016,Bottom-middle,14100,17500,16300,19000
16251.315,16356.095,-0.137468176283242,54216,Bottom-middle,14100,17500,16300,19000
16252.096,18601.266,0.021148283965191,65833,Bottom-middle,14100,17500,16300,19000
16252.927,16895.412,0.02773282503957,54819,Bottom-middle,14100,17500,16300,19000
16257.747,17335.418,0.103537425392257,55322,Bottom-middle,14100,17500,16300,19000
16258.085,18852.467,0.161861857040311,66300,Bottom-middle,14100,17500,16300,19000
16258.728,17928.955,-0.0379575155297182,55886,Bottom-middle,14100,17500,16300,19000
16260.656,16419.43,-0.113190770217169,54296,Bottom-middle,14100,17500,16300,19000
16264.229,17387.691,0.276492425763431,55386,Bottom-middle,14100,17500,16300,19000
16266.113,18940.518,0.117982750017333,66500,Bottom-middle,14100,17500,16300,19000
16268.008,17455.486,0.118292577251621,55455,Bottom-middle,14100,17500,16300,19000
16269.665,18176.502,0.0172020345394044,65277,Bottom-middle,14100,17500,16300,19000
16272.846,17132.049,0.00417517225232044,55090,Bottom-middle,14100,17500,16300,19000
16273.874,17699.334,0.0529349489976876,55680,Bottom-middle,14100,17500,16300,19000
16276.343,17496.05,0.0851993625588903,55501,Bottom-middle,14100,17500,16300,19000
16276.734,17613.23,0.0237657823902036,55601,Bottom-middle,14100,17500,16300,19000
16276.787,18613.973,-0.0275029018037689,65856,Bottom-middle,14100,17500,16300,19000
16280.828,17755.146,-0.0513070201246114,55734,Bottom-middle,14100,17500,16300,19000
16281.529,17334.168,0.144949290965582,55318,Bottom-middle,14100,17500,16300,19000
16283.675,17642.86,0.130744469333813,55623,Bottom-middle,14100,17500,16300,19000
16283.746,18714.953,-0.0151247062728324,66037,Bottom-middle,14100,17500,16300,19000
16284.249,16961.078,-0.0824484426596097,54896,Bottom-middle,14100,17500,16300,19000
16286.742,17097.723,0.0332291475352905,55053,Bottom-middle,14100,17500,16300,19000
16288.413,18855.195,0.120726004751802,66301,Bottom-middle,14100,17500,16300,19000
16289.016,17068.201,0.0770178186816679,55017,Bottom-middle,14100,17500,16300,19000
16290.271,17162.426,0.103060088175896,55120,Bottom-middle,14100,17500,16300,19000
16290.589,16918.652,0.0843049459754106,54845,Bottom-middle,14100,17500,16300,19000
16293.113,18881.02,0.261592695503564,66365,Bottom-middle,14100,17500,16300,19000
16294.175,16361.293,0.0985657087276656,54221,Bottom-middle,14100,17500,16300,19000
16297.098,16998.283,0.0462157396619405,54943,Bottom-middle,14100,17500,16300,19000
16297.279,17708.273,0.0802039843307258,55696,Bottom-middle,14100,17500,16300,19000
16299.954,18064.89,-0.180945643292131,65180,Bottom-middle,14100,17500,16300,19000
16300.164,18944.91,-0.0375287549546236,66501,Bottom-middle,14100,17500,16300,19000
16300.451,18754.51,0.113393448934451,66124,Bottom-middle,14100,17500,16300,19000
16300.541,16766.467,-0.139058721403042,54631,Bottom-middle,14100,17500,16300,19000
16300.702,17394.795,0.207309059068554,55391,Bottom-middle,14100,17500,16300,19000
16301.157,17911.807,-0.00326281569851849,55887,Bottom-middle,14100,17500,16300,19000
16301.848,18609.457,0.116051421119297,65850,Bottom-middle,14100,17500,16300,19000
16302.24,18973.844,0.0650178972111436,66548,Bottom-middle,14100,17500,16300,19000
16302.61,16810.041,0.0569133928647419,54698,Bottom-middle,14100,17500,16300,19000
16302.652,16846.285,-0.0832283021170133,54730,Bottom-middle,14100,17500,16300,19000
16304.302,17181.385,0.16371566501206,55137,Bottom-middle,14100,17500,16300,19000
16307.776,17237.725,0.2026699689384,55204,Bottom-middle,14100,17500,16300,19000
16308.455,18177.588,0.0537819494735252,65291,Bottom-middle,14100,17500,16300,19000
16312.098,18903.393,0.021181997649411,66409,Bottom-middle,14100,17500,16300,19000
16316.512,18371.05,-0.0187353706796463,65484,Bottom-middle,14100,17500,16300,19000
16317.276,17058.117,0.149669142826151,55008,Bottom-middle,14100,17500,16300,19000
16319.522,18535.4,-0.158595508483428,65711,Bottom-middle,14100,17500,16300,19000
16322.029,18771.773,0.211544934273208,66156,Bottom-middle,14100,17500,16300,19000
16322.298,17643.416,0.274251612372959,55624,Bottom-middle,14100,17500,16300,19000
16323.656,17506.314,-0.0299102790396457,55511,Bottom-middle,14100,17500,16300,19000
16325.136,18702.195,0.148185008060352,66006,Bottom-middle,14100,17500,16300,19000
16326.198,16433.105,-0.137496023124273,54292,Bottom-middle,14100,17500,16300,19000
16326.466,18663.592,0.259256754134371,65928,Bottom-middle,14100,17500,16300,19000
16327.215,16334.359,0.14047640361031,54197,Bottom-middle,14100,17500,16300,19000
16329.755,18957.178,0.0639969333992134,66511,Bottom-middle,14100,17500,16300,19000
16329.923,16522.334,-0.178600386509723,54382,Bottom-middle,14100,17500,16300,19000
16330.002,18879.223,0.233309186519112,66343,Bottom-middle,14100,17500,16300,19000
16331.311,17721.621,0.0715467427676252,55707,Bottom-middle,14100,17500,16300,19000
16332.04,17262.355,-0.000410953946988174,55233,Bottom-middle,14100,17500,16300,19000
16333.407,17186.018,0.02181849939135,55144,Bottom-middle,14100,17500,16300,19000
16334.078,17326.436,0.278146460153508,55305,Bottom-middle,14100,17500,16300,19000
16335.815,17697.91,0.119345685773189,55670,Bottom-middle,14100,17500,16300,19000
16336.286,17772.39,0.0859996135361181,55755,Bottom-middle,14100,17500,16300,19000
16337.215,18594.436,0.147896713593272,65823,Bottom-middle,14100,17500,16300,19000
16338.043,18829.996,-0.0677599042152041,66260,Bottom-middle,14100,17500,16300,19000
16338.059,17584.19,0.173090288360899,55583,Bottom-middle,14100,17500,16300,19000
16339.109,17287.06,0.0305327173066781,55267,Bottom-middle,14100,17500,16300,19000
16342.017,17102.64,0.177278783339002,55057,Bottom-middle,14100,17500,16300,19000
16342.546,18294.742,0.0318682874252888,65409,Bottom-middle,14100,17500,16300,19000
16343.567,17409.465,0.191675817136983,55397,Bottom-middle,14100,17500,16300,19000
16345.374,16766.197,-0.0933051716190191,54642,Bottom-middle,14100,17500,16300,19000
16345.827,18561.775,-0.00571669723109043,65765,Bottom-middle,14100,17500,16300,19000
16346.005,16987.666,-0.094272458963197,54910,Bottom-middle,14100,17500,16300,19000
16346.188,18679.793,0.0533016891450359,65953,Bottom-middle,14100,17500,16300,19000
16347.349,17439.006,0.262238114180336,55438,Bottom-middle,14100,17500,16300,19000
16351.297,17220.47,0.035362652896168,55184,Bottom-middle,14100,17500,16300,19000
16353.441,18922.975,0.00304991054124983,66450,Bottom-middle,14100,17500,16300,19000
16353.764,18789.936,0.159033215504073,66171,Bottom-middle,14100,17500,16300,19000
16354.033,18626.172,0.135932249803332,65870,Bottom-middle,14100,17500,16300,19000
16355.66,17354.777,0.220186388787462,55346,Bottom-middle,14100,17500,16300,19000
16355.82,17463.807,0.286841977744892,55468,Bottom-middle,14100,17500,16300,19000
16367.435,17090.268,0.0704025548030575,55039,Bottom-middle,14100,17500,16300,19000
16368.694,18083.512,-0.209341301521094,65191,Bottom-middle,14100,17500,16300,19000
16369.804,17545.816,0.036138595595066,55539,Bottom-middle,14100,17500,16300,19000
16370.063,18178.129,-0.0766275989492095,65284,Bottom-middle,14100,17500,16300,19000
16371.771,18982.988,0.149869539534936,66583,Bottom-middle,14100,17500,16300,19000
16373.175,17834.723,0.147555666626203,55801,Bottom-middle,14100,17500,16300,19000
16374.225,17289.352,0.106084011078873,55268,Bottom-middle,14100,17500,16300,19000
16375.011,17044.37,0.169984843965402,54988,Bottom-middle,14100,17500,16300,19000
16375.327,16903.156,-0.0357200773019447,54820,Bottom-middle,14100,17500,16300,19000
16378.905,18860.338,0.0968049664640733,66302,Bottom-middle,14100,17500,16300,19000
16381.395,16497.72,-0.18985762299276,54363,Bottom-middle,14100,17500,16300,19000
16382.906,17817.016,0.086345730540407,55796,Bottom-middle,14100,17500,16300,19000
16384.797,17777.787,0.031370562016628,55761,Bottom-middle,14100,17500,16300,19000
16385.107,17318.145,0.183032296482281,55306,Bottom-middle,14100,17500,16300,19000
16385.451,16592.541,0.0826468510045693,54456,Bottom-middle,14100,17500,16300,19000
16387.512,18941.8,0.169559068656226,66502,Bottom-middle,14100,17500,16300,19000
16390.047,16962.416,-0.0074075618062996,54889,Bottom-middle,14100,17500,16300,19000
16391.926,17515.967,-0.0276827577913382,55519,Bottom-middle,14100,17500,16300,19000
16393.355,16705.58,-0.0603437099996413,54559,Bottom-middle,14100,17500,16300,19000
16393.885,18913.906,0.0814654144210282,66420,Bottom-middle,14100,17500,16300,19000
16397.322,18025.264,-0.172971768268205,65148,Bottom-middle,14100,17500,16300,19000
16398.03,18078.025,0.0435965178049136,65194,Bottom-middle,14100,17500,16300,19000
16398.559,17252.158,-0.0919227345934195,55212,Bottom-middle,14100,17500,16300,19000
16399.13,17687.193,0.0525706867919282,55667,Bottom-middle,14100,17500,16300,19000
16399.348,18626.092,0.231365204398061,65871,Bottom-middle,14100,17500,16300,19000
16400.371,18797.41,0.137210819825493,66197,Bottom-middle,14100,17500,16300,19000
16400.76,18572.12,-0.0387508717396855,65793,Bottom-middle,14100,17500,16300,19000
16401.365,18743.371,0.32097317932553,66090,Bottom-middle,14100,17500,16300,19000
16406.307,17938.686,-0.257746733706553,55903,Bottom-middle,14100,17500,16300,19000
16407.723,16785.217,-0.0611761104574792,54666,Bottom-middle,14100,17500,16300,19000
16408.254,17094.03,0.140797803002517,55040,Bottom-middle,14100,17500,16300,19000
16408.654,18668.852,0.0927418796424853,65940,Bottom-middle,14100,17500,16300,19000
16410.445,17349.71,0.230660206364781,55347,Bottom-middle,14100,17500,16300,19000
16410.748,17801.53,0.184513399712065,55786,Bottom-middle,14100,17500,16300,19000
16411.686,16654.838,-0.0207404203223772,54524,Bottom-middle,14100,17500,16300,19000
16412.996,17221.07,0.0605942831050372,55180,Bottom-middle,14100,17500,16300,19000
16413.383,16387.217,-0.0967588805182964,54260,Bottom-middle,14100,17500,16300,19000
16413.492,17649.965,0.255066314981957,55630,Bottom-middle,14100,17500,16300,19000
16414.486,18945.803,0.169214062919366,66512,Bottom-middle,14100,17500,16300,19000
16414.6,16871.908,-0.0599664328038708,54781,Bottom-middle,14100,17500,16300,19000
16414.633,18692.459,0.210882823421095,66007,Bottom-middle,14100,17500,16300,19000
16416.756,17402.094,0.32769833409694,55403,Bottom-middle,14100,17500,16300,19000
16417.293,16320.127,0.0867193806433716,54181,Bottom-middle,14100,17500,16300,19000
16419.494,18154.172,-0.00644337855377669,65254,Bottom-middle,14100,17500,16300,19000
16419.557,16594.158,0.0116432710263853,54444,Bottom-middle,14100,17500,16300,19000
16421.967,17200.291,-0.107593202539797,55161,Bottom-middle,14100,17500,16300,19000
16423.31,18744.271,0.0149939448479265,66091,Bottom-middle,14100,17500,16300,19000
16424.229,18987.078,0.050804143592828,66549,Bottom-middle,14100,17500,16300,19000
16424.752,17879.715,-0.0313312447235161,55846,Bottom-middle,14100,17500,16300,19000
16426.38,17596.406,0.100742476686121,55569,Bottom-middle,14100,17500,16300,19000
16427.367,16719.672,0.0317228075769367,54586,Bottom-middle,14100,17500,16300,19000
16432.062,17041.068,-0.000687419359286568,54981,Bottom-middle,14100,17500,16300,19000
16432.316,18532.975,-0.101098643030353,65712,Bottom-middle,14100,17500,16300,19000
16433.34,17455.951,0.10239602204442,55456,Bottom-middle,14100,17500,16300,19000
16434.121,18306.844,-0.094604083520908,65418,Bottom-middle,14100,17500,16300,19000
16435.578,16424.404,-0.0209722286443936,54303,Bottom-middle,14100,17500,16300,19000
16436.133,17630.521,0.13462890255398,55619,Bottom-middle,14100,17500,16300,19000
16436.375,18889.68,0.237895072185044,66366,Bottom-middle,14100,17500,16300,19000
16436.719,17843.416,0.198548014833944,55817,Bottom-middle,14100,17500,16300,19000
16437.764,17534.928,0.219898701324577,55531,Bottom-middle,14100,17500,16300,19000
16438.38,18857.152,0.11412203554364,66314,Bottom-middle,14100,17500,16300,19000
16439.852,17292.51,0.271346493889374,55278,Bottom-middle,14100,17500,16300,19000
16439.877,18633.395,0.0460652486976873,65879,Bottom-middle,14100,17500,16300,19000
16440.168,17119.105,0.274416544502222,55076,Bottom-middle,14100,17500,16300,19000
16440.182,18705.256,0.0845092805983947,66024,Bottom-middle,14100,17500,16300,19000
16441.83,18777.816,-0.0552037558302782,66172,Bottom-middle,14100,17500,16300,19000
16442.992,17753.129,0.058804354473952,55730,Bottom-middle,14100,17500,16300,19000
16443.277,17472.543,0.226117616109468,55474,Bottom-middle,14100,17500,16300,19000
16446.924,17266.643,0.0986913292081501,55234,Bottom-middle,14100,17500,16300,19000
16447.096,16485.24,-0.104761850063565,54357,Bottom-middle,14100,17500,16300,19000
16447.793,18674.984,0.227495390265149,65954,Bottom-middle,14100,17500,16300,19000
16447.992,18446.564,0.0735162025382696,65576,Bottom-middle,14100,17500,16300,19000
16448.863,16843.104,-0.0591004915359448,54743,Bottom-middle,14100,17500,16300,19000
16449.58,17686.037,-0.0110407511660555,55658,Bottom-middle,14100,17500,16300,19000
16454.445,18800.357,0.111130460296462,66214,Bottom-middle,14100,17500,16300,19000
16457.572,16320.102,0.207330379439149,54182,Bottom-middle,14100,17500,16300,19000
16463.158,18573.637,-0.0790171406982411,65794,Bottom-middle,14100,17500,16300,19000
16464.621,17342.299,0.0403926463806184,55335,Bottom-middle,14100,17500,16300,19000
16465.73,18772.375,0.0156305384358306,66157,Bottom-middle,14100,17500,16300,19000
16466.545,18866.28,0.0899346486306818,66303,Bottom-middle,14100,17500,16300,19000
16466.943,17033.857,0.157127740808034,54972,Bottom-middle,14100,17500,16300,19000
16467.625,17780.838,-0.0560696970982042,55764,Bottom-middle,14100,17500,16300,19000
16468.523,18696.098,-0.00871910733450795,66008,Bottom-middle,14100,17500,16300,19000
16468.854,17822.252,-0.0110407511660555,55797,Bottom-middle,14100,17500,16300,19000
16469.773,18958.33,0.283236027352849,66519,Bottom-middle,14100,17500,16300,19000
16470.143,16657.256,0.102690341232826,54519,Bottom-middle,14100,17500,16300,19000
16473.326,16388.996,-0.0720896105548336,54261,Bottom-middle,14100,17500,16300,19000
16475.242,16602.512,-0.110680889326084,54445,Bottom-middle,14100,17500,16300,19000
16475.986,17578.629,0.0141497938918312,55570,Bottom-middle,14100,17500,16300,19000
16477.047,17211.795,0.0050324854044449,55169,Bottom-middle,14100,17500,16300,19000
16477.148,17915.643,0.0327923967787842,55892,Bottom-middle,14100,17500,16300,19000
16478.57,18416.79,0.154025222027755,65550,Bottom-middle,14100,17500,16300,19000
16479.264,18378.623,-0.00434438542428313,65504,Bottom-middle,14100,17500,16300,19000
16481.537,17967.768,-0.131356664433599,55932,Bottom-middle,14100,17500,16300,19000
16483.049,18888.191,0.0775593161821369,66387,Bottom-middle,14100,17500,16300,19000
16483.322,16970.389,0.00490527503517008,54906,Bottom-middle,14100,17500,16300,19000
16484.021,18658.207,-0.0080099567283149,65929,Bottom-middle,14100,17500,16300,19000
16486.549,17124.055,0.0275205237837029,55081,Bottom-middle,14100,17500,16300,19000
16487.46,18930.762,0.128258133710068,66460,Bottom-middle,14100,17500,16300,19000
16488.637,17634.64,0.0527402262781255,55617,Bottom-middle,14100,17500,16300,19000
16490.615,17724.83,0.0807938964951129,55709,Bottom-middle,14100,17500,16300,19000
16491.732,18555.209,0.140334513185635,65747,Bottom-middle,14100,17500,16300,19000
16492.72,18746.408,0.19682213442212,66112,Bottom-middle,14100,17500,16300,19000
16493.088,17256.564,0.269607089985523,55226,Bottom-middle,14100,17500,16300,19000
16494.576,18619.209,0.251408230560073,65859,Bottom-middle,14100,17500,16300,19000
16495.31,17183.62,0.129871280257402,55145,Bottom-middle,14100,17500,16300,19000
16496.645,16662.355,0.0377554150862541,54525,Bottom-middle,14100,17500,16300,19000
16497.422,17007.895,0.0280674468583286,54955,Bottom-middle,14100,17500,16300,19000
16498.312,17862.852,0.168272090260314,55830,Bottom-middle,14100,17500,16300,19000
16499.367,16406.932,-0.0738214930906856,54275,Bottom-middle,14100,17500,16300,19000
16499.42,17075.975,0.145062961054911,55024,Bottom-middle,14100,17500,16300,19000
16500.166,18455.54,0.104428974786197,65590,Bottom-middle,14100,17500,16300,19000
16500.479,18811.047,0.100101358182925,66230,Bottom-middle,14100,17500,16300,19000
16502.8,18854.496,-0.0149374868717223,66304,Bottom-middle,14100,17500,16300,19000
16507.412,16816.883,-0.00668488595874852,54691,Bottom-middle,14100,17500,16300,19000
16507.432,16983.887,0.248851780926565,54927,Bottom-middle,14100,17500,16300,19000
16507.797,17701.73,0.0227309582830557,55697,Bottom-middle,14100,17500,16300,19000
16508.15,16682.703,-0.0383155997484076,54543,Bottom-middle,14100,17500,16300,19000
16508.979,16624.244,0.0196193665196405,54486,Bottom-middle,14100,17500,16300,19000
16515.836,17488.787,0.0927337199031637,55495,Bottom-middle,14100,17500,16300,19000
16515.871,18694.139,0.0787223526076698,65992,Bottom-middle,14100,17500,16300,19000
16517.299,18979.525,0.0128190150469881,66564,Bottom-middle,14100,17500,16300,19000
16517.744,17307.81,0.268520178649061,55287,Bottom-middle,14100,17500,16300,19000
16518.504,16332.629,0.0575977792441779,54193,Bottom-middle,14100,17500,16300,19000
16518.572,18728.035,0.115854623610537,66064,Bottom-middle,14100,17500,16300,19000
16520.795,17376.139,0.0417248043103575,55365,Bottom-middle,14100,17500,16300,19000
16520.816,17465.217,0.18952058612502,55469,Bottom-middle,14100,17500,16300,19000
16522.295,18780.473,0.0177714138450808,66161,Bottom-middle,14100,17500,16300,19000
16522.387,17404.459,0.167153548827778,55404,Bottom-middle,14100,17500,16300,19000
16525.592,17847.635,0.107742352288198,55821,Bottom-middle,14100,17500,16300,19000
16527.15,18635.06,0.298069418069767,65880,Bottom-middle,14100,17500,16300,19000
16533.574,16766.176,-0.0452407601421037,54643,Bottom-middle,14100,17500,16300,19000
16535.395,17638.46,0.0770902547344532,55620,Bottom-middle,14100,17500,16300,19000
16536.475,18953.818,0.111438086334629,66513,Bottom-middle,14100,17500,16300,19000
16536.578,18570.127,0.0513881380986317,65783,Bottom-middle,14100,17500,16300,19000
16537.883,17264.6,0.209024475918514,55227,Bottom-middle,14100,17500,16300,19000
16537.93,17156.582,0.137492465169425,55098,Bottom-middle,14100,17500,16300,19000
16538.307,18200.87,0.0311738374635355,65320,Bottom-middle,14100,17500,16300,19000
16538.703,17899.6,0.164505650429744,55874,Bottom-middle,14100,17500,16300,19000
16540.568,16879.295,-0.0955322072451248,54790,Bottom-middle,14100,17500,16300,19000
16541.545,18883.703,-0.0080099567283149,66367,Bottom-middle,14100,17500,16300,19000
16541.922,17343.924,-0.0439465193472411,55336,Bottom-middle,14100,17500,16300,19000
16543.018,17041.246,0.15247986047808,54979,Bottom-middle,14100,17500,16300,19000
16543.922,18825.615,0.0756964733775533,66250,Bottom-middle,14100,17500,16300,19000
16549.145,18228.824,-0.00196276643298309,65336,Bottom-middle,14100,17500,16300,19000
16549.842,17366.34,0.0908255360143969,55366,Bottom-middle,14100,17500,16300,19000
16550.096,16392.258,-0.0597063627953491,54262,Bottom-middle,14100,17500,16300,19000
16552,16974.559,0.0923849429632028,54907,Bottom-middle,14100,17500,16300,19000
16553.4,16940.791,0.156375346786691,54882,Bottom-middle,14100,17500,16300,19000
16555.3,17704.51,0.335352732379,55681,Bottom-middle,14100,17500,16300,19000
16555.346,18517.19,0.123166316846824,65697,Bottom-middle,14100,17500,16300,19000
16555.53,16700.986,-0.0207647616199599,54568,Bottom-middle,14100,17500,16300,19000
16557.59,18786.088,-0.066893962947278,66186,Bottom-middle,14100,17500,16300,19000
16558.672,17765.764,0.109129918742755,55745,Bottom-middle,14100,17500,16300,19000
16558.76,17416.799,-0.0384419335225302,55423,Bottom-middle,14100,17500,16300,19000
16561.43,17019.043,0.0657002475767947,54968,Bottom-middle,14100,17500,16300,19000
16561.928,18639.766,-0.0415986469527203,65887,Bottom-middle,14100,17500,16300,19000
16562.17,18869.709,0.199800192019339,66325,Bottom-middle,14100,17500,16300,19000
16563.18,17081.586,0.103785721492014,55034,Bottom-middle,14100,17500,16300,19000
16563.752,16661.875,-0.0634206724904628,54520,Bottom-middle,14100,17500,16300,19000
16563.912,17202.768,0.0663176059585772,55162,Bottom-middle,14100,17500,16300,19000
16564.21,17501.59,0.0634012132616809,55512,Bottom-middle,14100,17500,16300,19000
16566.502,16869.39,0.235962253385924,54782,Bottom-middle,14100,17500,16300,19000
16569.658,17321.676,0.195661067997541,55307,Bottom-middle,14100,17500,16300,19000
16570.332,17459.648,0.175245349061839,55461,Bottom-middle,14100,17500,16300,19000
16572.613,17255.486,0.189183879857307,55205,Bottom-middle,14100,17500,16300,19000
16575.766,18920.455,0.0859468268806112,66441,Bottom-middle,14100,17500,16300,19000
16575.986,16765.02,0.0509819649291679,54636,Bottom-middle,14100,17500,16300,19000
16576.873,17586.281,0.145812526913608,55584,Bottom-middle,14100,17500,16300,19000
16578.92,17856.041,0.0151691957773065,55831,Bottom-middle,14100,17500,16300,19000
16579.1,16358.656,0.0538227836124264,54222,Bottom-middle,14100,17500,16300,19000
16580.564,18051.309,0.105942649858438,65171,Bottom-middle,14100,17500,16300,19000
16584.422,16530.986,-0.145498717332555,54397,Bottom-middle,14100,17500,16300,19000
16584.484,18591.57,0.0585147839518241,65813,Bottom-middle,14100,17500,16300,19000
16585.707,18179.86,-0.0294871582582799,65285,Bottom-middle,14100,17500,16300,19000
16587.436,18547.932,0.15778009147644,65736,Bottom-middle,14100,17500,16300,19000
16588.488,18018.97,-0.0916208675527288,65134,Bottom-middle,14100,17500,16300,19000
16588.68,18731.043,0.270769169316789,66075,Bottom-middle,14100,17500,16300,19000
16588.96,17517.3,0.222263828340244,55520,Bottom-middle,14100,17500,16300,19000
16591.373,18815.104,0.112927310712095,66231,Bottom-middle,14100,17500,16300,19000
16591.777,18956.025,0.026916478369299,66514,Bottom-middle,14100,17500,16300,19000
16591.95,17053.137,0.180112571513571,54982,Bottom-middle,14100,17500,16300,19000
16592.502,18283.12,-0.0297499444176303,65395,Bottom-middle,14100,17500,16300,19000
16594.525,17748.793,0.0360384592235047,55731,Bottom-middle,14100,17500,16300,19000
16594.979,17688.316,0.100952683911261,55668,Bottom-middle,14100,17500,16300,19000
16595.193,18697.516,0.114325819496546,65993,Bottom-middle,14100,17500,16300,19000
16596.67,16864.783,0.240270586415348,54771,Bottom-middle,14100,17500,16300,19000
16600.564,16840.514,0.029008519645977,54744,Bottom-middle,14100,17500,16300,19000
16601.67,17826.271,0.191791405499925,55795,Bottom-middle,14100,17500,16300,19000
16602.6,18643.607,-0.103263496200167,65898,Bottom-middle,14100,17500,16300,19000
16605.293,17444.875,0.124862563300792,55449,Bottom-middle,14100,17500,16300,19000
16606.262,17871.49,-0.0196598719018207,55843,Bottom-middle,14100,17500,16300,19000
16606.836,18219.244,0.0906038164218742,65331,Bottom-middle,14100,17500,16300,19000
16607.527,16593.078,0.0170993859866897,54448,Bottom-middle,14100,17500,16300,19000
16610.248,18621.56,0.136285562257836,65867,Bottom-middle,14100,17500,16300,19000
16612.678,16978.494,0.0762009156054157,54918,Bottom-middle,14100,17500,16300,19000
16614.656,18759.83,0.0223358313377913,66125,Bottom-middle,14100,17500,16300,19000
16616.424,16732.041,-0.0967689366907228,54603,Bottom-middle,14100,17500,16300,19000
16619.01,17176.053,0.165598377424397,55138,Bottom-middle,14100,17500,16300,19000
16620.65,17356.232,-0.0929942227674891,55352,Bottom-middle,14100,17500,16300,19000
16623.848,16796.17,0.129089885574427,54676,Bottom-middle,14100,17500,16300,19000
16625.992,18567.19,0.107352572578213,65773,Bottom-middle,14100,17500,16300,19000
16626.295,18123.133,-0.0025340693204178,65226,Bottom-middle,14100,17500,16300,19000
16626.902,18828.725,0.0294781009911871,66269,Bottom-middle,14100,17500,16300,19000
16629.389,16930.543,0.296541613784567,54865,Bottom-middle,14100,17500,16300,19000
16629.457,17761.824,0.0527329487189267,55741,Bottom-middle,14100,17500,16300,19000
16631.275,18251.38,0.130119774791753,65370,Bottom-middle,14100,17500,16300,19000
16632.82,17846.22,0.0234480074410475,55822,Bottom-middle,14100,17500,16300,19000
16633.686,18953.117,0.236809178811151,66479,Bottom-middle,14100,17500,16300,19000
16637.365,16306.238,0.045726504248003,54159,Bottom-middle,14100,17500,16300,19000
16637.707,17412.984,0.151333821704704,55416,Bottom-middle,14100,17500,16300,19000
16640.184,16478.39,0.0123396630679446,54342,Bottom-middle,14100,17500,16300,19000
16640.213,17953.717,0.00427193220315427,55927,Bottom-middle,14100,17500,16300,19000
16644.168,16509.3,0.00287884386458319,54370,Bottom-middle,14100,17500,16300,19000
16644.404,18212.781,0.0178116025689739,65324,Bottom-middle,14100,17500,16300,19000
16645.78,17217.795,0.0326261130551085,55172,Bottom-middle,14100,17500,16300,19000
16651.549,17439.588,0.0581176312103349,55439,Bottom-middle,14100,17500,16300,19000
16651.607,17065.902,0.108976414444669,55018,Bottom-middle,14100,17500,16300,19000
16651.863,16549.973,-0.195053270600316,54416,Bottom-middle,14100,17500,16300,19000
16655.174,18700.863,0.0250459906343547,65994,Bottom-middle,14100,17500,16300,19000
16657.71,17134.326,0.150558781410134,55082,Bottom-middle,14100,17500,16300,19000
16658.332,16860.36,0.0192215011217604,54760,Bottom-middle,14100,17500,16300,19000
16661.049,17173.375,0.147307034076975,55130,Bottom-middle,14100,17500,16300,19000
16661.107,17852.457,0.0598307191005858,55827,Bottom-middle,14100,17500,16300,19000
16661.912,18548.305,-0.0136385749698333,65737,Bottom-middle,14100,17500,16300,19000
16663.26,16970.56,0.0501145950833179,54911,Bottom-middle,14100,17500,16300,19000
16663.303,17327.275,0.146569552398376,55312,Bottom-middle,14100,17500,16300,19000
16663.35,17805.178,-0.0448124606151669,55787,Bottom-middle,14100,17500,16300,19000
16663.713,16633.88,-0.0977155765524305,54492,Bottom-middle,14100,17500,16300,19000
16663.855,17490.076,-0.000624781394171292,55496,Bottom-middle,14100,17500,16300,19000
16666.295,16781.473,0.049288673928739,54659,Bottom-middle,14100,17500,16300,19000
16666.848,17605.81,0.155866228457456,55595,Bottom-middle,14100,17500,16300,19000
16668.686,18235,-0.0158034281396483,65348,Bottom-middle,14100,17500,16300,19000
16670.04,17002.111,0.0733304742434387,54945,Bottom-middle,14100,17500,16300,19000
16670.08,16585.518,-0.146993530230427,54437,Bottom-middle,14100,17500,16300,19000
16672.36,18984.973,0.186938286526781,66565,Bottom-middle,14100,17500,16300,19000
16673.543,16427.734,-0.095037054154871,54297,Bottom-middle,14100,17500,16300,19000
16675.93,17883.75,0.0260822911920541,55857,Bottom-middle,14100,17500,16300,19000
16676.168,18718.564,-0.0344211654000558,66025,Bottom-middle,14100,17500,16300,19000
16677.03,16737.047,-0.131839558041723,54607,Bottom-middle,14100,17500,16300,19000
16681.078,18160.684,-0.0846877296846034,65261,Bottom-middle,14100,17500,16300,19000
16683.85,17427.385,0.04255236527926,55428,Bottom-middle,14100,17500,16300,19000
16685.117,18748.203,0.0475608675514702,66104,Bottom-middle,14100,17500,16300,19000
16685.643,16871.113,0.122017453659569,54783,Bottom-middle,14100,17500,16300,19000
16686.172,17185.059,0.0741813026836197,55134,Bottom-middle,14100,17500,16300,19000
16688.416,18278.457,0.0953230121370662,65385,Bottom-middle,14100,17500,16300,19000
16688.848,16930.605,0.344464656038064,54866,Bottom-middle,14100,17500,16300,19000
16691.336,18843.684,-0.0664609923133151,66270,Bottom-middle,14100,17500,16300,19000
16691.646,17644.1,0.239605726432164,55625,Bottom-middle,14100,17500,16300,19000
16692.645,16545.219,0.0123819219058159,54404,Bottom-middle,14100,17500,16300,19000
16693.629,18403.168,0.223150207879388,65526,Bottom-middle,14100,17500,16300,19000
16696.621,18692.357,0.138863465491699,65984,Bottom-middle,14100,17500,16300,19000
16697.668,17907.957,0.00921393496587514,55888,Bottom-middle,14100,17500,16300,19000
16698.096,17088.793,0.122776899814696,55048,Bottom-middle,14100,17500,16300,19000
16698.104,18906.195,0.103522327154764,66421,Bottom-middle,14100,17500,16300,19000
16699.38,18318.297,-0.0233513163148385,65419,Bottom-middle,14100,17500,16300,19000
16703.4,17510.684,0.00809103438117678,55517,Bottom-middle,14100,17500,16300,19000
16703.463,17330.764,-0.00105662535327713,55323,Bottom-middle,14100,17500,16300,19000
16706.504,17217.322,0.110965346426038,55185,Bottom-middle,14100,17500,16300,19000
16708.768,18427.014,0.0950005566250353,65551,Bottom-middle,14100,17500,16300,19000
16712.184,17692.89,-0.185960887287094,55671,Bottom-middle,14100,17500,16300,19000
16712.586,18115.24,-0.0917730880897316,65208,Bottom-middle,14100,17500,16300,19000
16712.873,17942.352,0.0109576926764177,55917,Bottom-middle,14100,17500,16300,19000
16718.55,16902.889,-0.0651620804114263,54836,Bottom-middle,14100,17500,16300,19000
16718.68,17151.941,0.0993380310492381,55108,Bottom-middle,14100,17500,16300,19000
16719.748,18884.709,0.0978012528297171,66368,Bottom-middle,14100,17500,16300,19000
16720.514,18380.559,0.160660680732249,65495,Bottom-middle,14100,17500,16300,19000
16726.162,16759.309,0.137126209603039,54637,Bottom-middle,14100,17500,16300,19000
16726.264,17554.033,0.0524925754901612,55552,Bottom-middle,14100,17500,16300,19000
16730.361,18908.209,-0.0121878579208995,66429,Bottom-middle,14100,17500,16300,19000
16736.309,17049.102,0.267058011297668,54983,Bottom-middle,14100,17500,16300,19000
16739.035,18248.078,0.197879070277118,65357,Bottom-middle,14100,17500,16300,19000
16739.305,18519.738,0.146750505223971,65690,Bottom-middle,14100,17500,16300,19000
16739.494,16844.76,0.192727943277965,54747,Bottom-middle,14100,17500,16300,19000
16739.8,16979.947,0.157266391747286,54912,Bottom-middle,14100,17500,16300,19000
16741.08,17134.508,0.0222407538577302,55083,Bottom-middle,14100,17500,16300,19000
16742.613,17724.205,-0.0710144340705393,55710,Bottom-middle,14100,17500,16300,19000
16745.021,18987.389,-0.0948996360759622,66572,Bottom-middle,14100,17500,16300,19000
16745.174,18013.822,-0.0996392887617511,65135,Bottom-middle,14100,17500,16300,19000
16745.748,17190.586,0.0652765078430329,55149,Bottom-middle,14100,17500,16300,19000
16747.152,16878.498,0.175660097405364,54791,Bottom-middle,14100,17500,16300,19000
16747.793,16511.182,-0.155456974246944,54383,Bottom-middle,14100,17500,16300,19000
16750.43,17402.254,0.052954055795981,55405,Bottom-middle,14100,17500,16300,19000
16753.398,18716.54,0.154231328140944,66038,Bottom-middle,14100,17500,16300,19000
16753.82,17346.814,0.0197121307743487,55337,Bottom-middle,14100,17500,16300,19000
16755.693,18460.041,0.160126976879851,65600,Bottom-middle,14100,17500,16300,19000
16755.713,17244.559,0.0922749551779108,55213,Bottom-middle,14100,17500,16300,19000
16759.898,17081.254,0.0531684604678223,55035,Bottom-middle,14100,17500,16300,19000
16763.229,16715.822,0.0459870649449156,54587,Bottom-middle,14100,17500,16300,19000
16763.807,16907.629,0.0605318847476996,54830,Bottom-middle,14100,17500,16300,19000
16764.605,18798.328,-0.09633596605676,66187,Bottom-middle,14100,17500,16300,19000
16764.996,16351.161,0.0580214292685328,54209,Bottom-middle,14100,17500,16300,19000
16765.156,17541.04,0.0670162870668831,55536,Bottom-middle,14100,17500,16300,19000
16766.854,17109.428,0.199562059749217,55063,Bottom-middle,14100,17500,16300,19000
16771.291,16816.717,0.120836166769584,54704,Bottom-middle,14100,17500,16300,19000
16772.955,18355.348,0.103430539375238,65467,Bottom-middle,14100,17500,16300,19000
16774.395,17484.35,-0.111877355294363,55480,Bottom-middle,14100,17500,16300,19000
16782.947,17886.893,-0.0541781018190357,55858,Bottom-middle,14100,17500,16300,19000
16783.225,17704.217,0.0441214321317684,55690,Bottom-middle,14100,17500,16300,19000
16784.926,16461.6,-0.0393990140628981,54324,Bottom-middle,14100,17500,16300,19000
16784.945,18881.312,0.0067091035596434,66320,Bottom-middle,14100,17500,16300,19000
16788.797,16308.331,-0.0426476074453521,54174,Bottom-middle,14100,17500,16300,19000
16789.26,16834.814,0.207634299073932,54731,Bottom-middle,14100,17500,16300,19000
16789.965,16534.793,-0.118417468388871,54398,Bottom-middle,14100,17500,16300,19000
16791.15,17091.295,0.150651049556493,55049,Bottom-middle,14100,17500,16300,19000
16791.582,17154.889,0.279305402431276,55112,Bottom-middle,14100,17500,16300,19000
16792.094,16764.451,-0.0218650170151297,54644,Bottom-middle,14100,17500,16300,19000
16792.676,18490.406,-0.0339881947660929,65643,Bottom-middle,14100,17500,16300,19000
16792.943,17387.52,0.296225955866635,55387,Bottom-middle,14100,17500,16300,19000
16793.348,16387.115,0.101854110562024,54255,Bottom-middle,14100,17500,16300,19000
16795.229,17758.549,0.240612146141176,55742,Bottom-middle,14100,17500,16300,19000
16795.78,17016.64,0.0283228796985102,54973,Bottom-middle,14100,17500,16300,19000
16795.967,17256.703,0.15516490347006,55235,Bottom-middle,14100,17500,16300,19000
16796.096,18910.756,0.0107842923935364,66410,Bottom-middle,14100,17500,16300,19000
16799.248,18936.9,-0.0859446708416487,66480,Bottom-middle,14100,17500,16300,19000
16800.77,18095.46,-0.0556809001898673,65195,Bottom-middle,14100,17500,16300,19000
16801.79,17825.668,0.0503438994919268,55798,Bottom-middle,14100,17500,16300,19000
16808.566,16356.584,-0.0361530479359077,54223,Bottom-middle,14100,17500,16300,19000
16809.064,16958.28,0.0958953148592898,54897,Bottom-middle,14100,17500,16300,19000
16809.639,17857.115,-0.00541213292453701,55832,Bottom-middle,14100,17500,16300,19000
16810.197,17365.178,0.17284064811879,55367,Bottom-middle,14100,17500,16300,19000
16810.463,17510.799,0.0177882298728036,55513,Bottom-middle,14100,17500,16300,19000
16810.748,18265.426,0.0431198575727486,65377,Bottom-middle,14100,17500,16300,19000
16812.422,16803.799,0.268866233730582,54688,Bottom-middle,14100,17500,16300,19000
16814.133,17974.297,-0.206310507083353,55933,Bottom-middle,14100,17500,16300,19000
16815.164,16425.41,-0.0787253835296799,54284,Bottom-middle,14100,17500,16300,19000
16817.559,18692.438,-0.102021845482208,65995,Bottom-middle,14100,17500,16300,19000
16820.781,16626.15,-0.0115448302110144,54498,Bottom-middle,14100,17500,16300,19000
16824.807,18719.092,0.12578151694904,66049,Bottom-middle,14100,17500,16300,19000
16825.328,17083.105,0.0327544561217177,55041,Bottom-middle,14100,17500,16300,19000
16825.393,18353.625,-0.0636837118447183,65468,Bottom-middle,14100,17500,16300,19000
16828.006,17554.938,-0.211073184056946,55548,Bottom-middle,14100,17500,16300,19000
16829.33,18892.58,0.011078588253657,66388,Bottom-middle,14100,17500,16300,19000
16830.027,16570.059,-0.179466327777649,54423,Bottom-middle,14100,17500,16300,19000
16830.604,16679.244,-0.170424172068907,54550,Bottom-middle,14100,17500,16300,19000
16831.908,18231.27,-0.0382829769614422,65344,Bottom-middle,14100,17500,16300,19000
16832.229,18660.264,0.0298094460573921,65930,Bottom-middle,14100,17500,16300,19000
16832.658,17161.668,0.0918509778134447,55121,Bottom-middle,14100,17500,16300,19000
16834.143,17656.518,-0.209341301521094,55631,Bottom-middle,14100,17500,16300,19000
16834.484,16965.455,0.0262467896963486,54903,Bottom-middle,14100,17500,16300,19000
16834.963,17279.834,0.0478537835517908,55252,Bottom-middle,14100,17500,16300,19000
16837.059,17922.104,-0.0765300970905133,55893,Bottom-middle,14100,17500,16300,19000
16846.115,18266.596,0.193988383587326,65378,Bottom-middle,14100,17500,16300,19000
16847.324,17007.033,0.201993306539329,54956,Bottom-middle,14100,17500,16300,19000
16847.562,17113.262,0.0250308526103246,55064,Bottom-middle,14100,17500,16300,19000
16848.36,18341.771,-0.0287925471585371,65449,Bottom-middle,14100,17500,16300,19000
16851.773,16364.344,-0.00368025038868523,54234,Bottom-middle,14100,17500,16300,19000
16853.46,18911.68,-0.00818772137502602,66422,Bottom-middle,14100,17500,16300,19000
16860.002,17415.201,0.0476700539342791,55415,Bottom-middle,14100,17500,16300,19000
16862.072,18065.432,-0.07460945820724,65181,Bottom-middle,14100,17500,16300,19000
16862.148,18551.35,0.0691112285439363,65758,Bottom-middle,14100,17500,16300,19000
16863.342,16558.65,-0.141797882622871,54424,Bottom-middle,14100,17500,16300,19000
16868.303,16402.2,-0.12404608663039,54276,Bottom-middle,14100,17500,16300,19000
16870.04,17292.219,0.0874067866539861,55274,Bottom-middle,14100,17500,16300,19000
16871.139,16831.613,0.106626330423617,54705,Bottom-middle,14100,17500,16300,19000
16874.748,18861.646,0.145728110168869,66305,Bottom-middle,14100,17500,16300,19000
16877.715,16943.568,0.226914849390514,54873,Bottom-middle,14100,17500,16300,19000
16879.732,16676.4,0.014111226286922,54538,Bottom-middle,14100,17500,16300,19000
16879.852,16970.566,0.0188342225773891,54913,Bottom-middle,14100,17500,16300,19000
16881.975,17192.932,0.0294192319416271,55156,Bottom-middle,14100,17500,16300,19000
16883.008,16864.676,0.120150774616651,54767,Bottom-middle,14100,17500,16300,19000
16884.809,16897.828,-0.00661272113933058,54821,Bottom-middle,14100,17500,16300,19000
16886.492,18706.064,0.0639280665633972,66009,Bottom-middle,14100,17500,16300,19000
16887.227,16726.04,-0.0038484527720779,54604,Bottom-middle,14100,17500,16300,19000
16889.969,18170.475,-0.170373944464427,65278,Bottom-middle,14100,17500,16300,19000
16890.162,18753.826,0.0315528098936757,66113,Bottom-middle,14100,17500,16300,19000
16897.918,17369.137,0.101667170407193,55357,Bottom-middle,14100,17500,16300,19000
16899.197,17044.184,0.0985471205764889,54998,Bottom-middle,14100,17500,16300,19000
16899.332,17797.953,0.119632522425985,55780,Bottom-middle,14100,17500,16300,19000
16899.926,16843.725,0.189298243920975,54745,Bottom-middle,14100,17500,16300,19000
16900.748,17213.371,0.0973893282811275,55170,Bottom-middle,14100,17500,16300,19000
16900.928,17433.955,0.0485394428587905,55433,Bottom-middle,14100,17500,16300,19000
16903.56,16749.926,0.101506647525185,54625,Bottom-middle,14100,17500,16300,19000
16904.15,18636.184,0.0403721961937965,65881,Bottom-middle,14100,17500,16300,19000
16904.955,16341.257,0.0521104638944778,54198,Bottom-middle,14100,17500,16300,19000
16907.771,17336.617,0.0852171267593194,55324,Bottom-middle,14100,17500,16300,19000
16909.777,16793.705,0.061230478186982,54682,Bottom-middle,14100,17500,16300,19000
16911.057,16926.418,0.208657010849749,54860,Bottom-middle,14100,17500,16300,19000
16911.262,16951.463,0.0278017416702411,54890,Bottom-middle,14100,17500,16300,19000
16911.541,18791.252,0.177516460277761,66188,Bottom-middle,14100,17500,16300,19000
16922.854,18399.76,0.10975773159172,65527,Bottom-middle,14100,17500,16300,19000
16924.76,17349.76,0.0476106038783602,55350,Bottom-middle,14100,17500,16300,19000
16926.79,17108.627,0.105299828184741,55058,Bottom-middle,14100,17500,16300,19000
16928.4,17213.594,0.0426959912695178,55163,Bottom-middle,14100,17500,16300,19000
16930.623,17400.896,0.0727308688608568,55406,Bottom-middle,14100,17500,16300,19000
16932.545,17694.51,0.0293373493568364,55672,Bottom-middle,14100,17500,16300,19000
16932.576,17038.28,0.0224380350552512,54989,Bottom-middle,14100,17500,16300,19000
16932.682,16612.879,0.0336072743526141,54468,Bottom-middle,14100,17500,16300,19000
16933.615,17268.225,-0.0548466741835595,55241,Bottom-middle,14100,17500,16300,19000
16933.62,18819.367,0.0439285463311955,66251,Bottom-middle,14100,17500,16300,19000
16935.084,16855.36,0.110262367891328,54761,Bottom-middle,14100,17500,16300,19000
16936.584,18578.174,0.0835776466054716,65801,Bottom-middle,14100,17500,16300,19000
16936.656,17838.73,-0.150263176893851,55812,Bottom-middle,14100,17500,16300,19000
16943.338,16822.96,0.168491311396641,54714,Bottom-middle,14100,17500,16300,19000
16945.697,16979.51,0.141717582240089,54919,Bottom-middle,14100,17500,16300,19000
16948.123,18239.68,-0.1759905466219,65349,Bottom-middle,14100,17500,16300,19000
16948.78,17060.117,0.214411043441906,55011,Bottom-middle,14100,17500,16300,19000
16953.936,18477.01,0.101900247837388,65634,Bottom-middle,14100,17500,16300,19000
16955.264,16301.814,0.0695012160122035,54160,Bottom-middle,14100,17500,16300,19000
16955.857,17788.21,0.0444288208485565,55772,Bottom-middle,14100,17500,16300,19000
16955.99,17015.314,0.045372044560867,54963,Bottom-middle,14100,17500,16300,19000
16956.947,16784.34,-0.0199299869292331,54667,Bottom-middle,14100,17500,16300,19000
16957.14,16926.096,0.28214712378474,54867,Bottom-middle,14100,17500,16300,19000
16957.658,16408.75,-0.0746874343586115,54285,Bottom-middle,14100,17500,16300,19000
16958.162,18792.871,-0.108644042225335,66181,Bottom-middle,14100,17500,16300,19000
16959.246,17375.574,0.0723238440328731,55381,Bottom-middle,14100,17500,16300,19000
16960.3,18513.63,0.19136530462219,65683,Bottom-middle,14100,17500,16300,19000
16966.236,18632.459,0.0364942857262316,65882,Bottom-middle,14100,17500,16300,19000
16967.021,17160.088,0.170621498817844,55122,Bottom-middle,14100,17500,16300,19000
16972.285,18309.887,-0.153965009375126,65420,Bottom-middle,14100,17500,16300,19000
16972.85,16754.262,-0.126210939800205,54626,Bottom-middle,14100,17500,16300,19000
16976.21,17062.62,0.054415728845358,55019,Bottom-middle,14100,17500,16300,19000
16979.889,16828.854,0.152174668562183,54740,Bottom-middle,14100,17500,16300,19000
16981.34,17283.414,0.0305460970959998,55269,Bottom-middle,14100,17500,16300,19000
16982.684,18473.355,-0.0114737218000186,65626,Bottom-middle,14100,17500,16300,19000
16983.7,17850.648,-0.0398032242938251,55823,Bottom-middle,14100,17500,16300,19000
16985.79,17881.64,-0.104129437468093,55852,Bottom-middle,14100,17500,16300,19000
16986.088,18607.926,0.0387470435661562,65807,Bottom-middle,14100,17500,16300,19000
16988.154,16626.053,0.0511437409316196,54499,Bottom-middle,14100,17500,16300,19000
16991.676,16917.783,0.00736374691020064,54846,Bottom-middle,14100,17500,16300,19000
16991.953,17548.12,0.0355050581885655,55540,Bottom-middle,14100,17500,16300,19000
16993.354,17138.725,0.118092961326388,55094,Bottom-middle,14100,17500,16300,19000
16994.572,17346.914,-0.0673269335812411,55338,Bottom-middle,14100,17500,16300,19000
16996.086,16751.934,-0.0166693694075741,54627,Bottom-middle,14100,17500,16300,19000
16996.998,16726.71,0.0381037641168273,54593,Bottom-middle,14100,17500,16300,19000
16999.822,16481.914,-0.0444689363524475,54346,Bottom-middle,14100,17500,16300,19000
17000.625,18447.82,0.0761428093035749,65591,Bottom-middle,14100,17500,16300,19000
17000.63,16783.018,0.102743943518705,54668,Bottom-middle,14100,17500,16300,19000
17001.408,16989.621,0.0812725021486688,54932,Bottom-middle,14100,17500,16300,19000
17010.186,18750.822,-0.100871040680186,66105,Bottom-middle,14100,17500,16300,19000
17010.338,17057.918,0.109866638347206,55012,Bottom-middle,14100,17500,16300,19000
17012.164,17154.94,0.094154129453565,55109,Bottom-middle,14100,17500,16300,19000
17012.605,17178.236,0.0957830524596277,55139,Bottom-middle,14100,17500,16300,19000
17017.084,16872.777,0.0733427688567373,54784,Bottom-middle,14100,17500,16300,19000
17018.955,17530.695,-0.0395250091546221,55527,Bottom-middle,14100,17500,16300,19000
17021.062,17831.578,-0.0352256413391257,55802,Bottom-middle,14100,17500,16300,19000
17025.3,18347.287,0.107236286750312,65460,Bottom-middle,14100,17500,16300,19000
17025.322,17274.217,-0.0413486955434632,55246,Bottom-middle,14100,17500,16300,19000
17025.643,16919.773,0.0674342608538386,54847,Bottom-middle,14100,17500,16300,19000
17026.996,18827.01,-0.105214941288481,66189,Bottom-middle,14100,17500,16300,19000
17028.346,18375.559,0.0166982956261346,65501,Bottom-middle,14100,17500,16300,19000
17028.65,17367.725,0.216261309597408,55358,Bottom-middle,14100,17500,16300,19000
17030.318,16301.263,0.0960907643761097,54164,Bottom-middle,14100,17500,16300,19000
17030.34,16722.387,-0.114087762049241,54594,Bottom-middle,14100,17500,16300,19000
17033.27,17485.684,0.100658018663925,55497,Bottom-middle,14100,17500,16300,19000
17033.73,16544.875,-0.103232787668895,54405,Bottom-middle,14100,17500,16300,19000
17034.059,17071.207,0.145949712837014,55025,Bottom-middle,14100,17500,16300,19000
17034.45,16848.17,0.190533882995279,54750,Bottom-middle,14100,17500,16300,19000
17035.82,17251.068,-0.0474112431783575,55216,Bottom-middle,14100,17500,16300,19000
17039.156,17027.865,-0.0348541360340189,54964,Bottom-middle,14100,17500,16300,19000
17039.371,17616.666,-0.0374519598377966,55610,Bottom-middle,14100,17500,16300,19000
17042.287,16389.887,-0.013416143643414,54238,Bottom-middle,14100,17500,16300,19000
17049.73,18168.768,-0.14687126930724,65255,Bottom-middle,14100,17500,16300,19000
17052.691,18415.06,-0.00827079012471665,65545,Bottom-middle,14100,17500,16300,19000
17054.408,17639.322,0.187636116954158,55626,Bottom-middle,14100,17500,16300,19000
17054.734,18341.668,-0.155599038119526,65450,Bottom-middle,14100,17500,16300,19000
17056.242,18944.703,0.0108231907484677,66481,Bottom-middle,14100,17500,16300,19000
17057.654,17892.904,-0.0449798205768868,55865,Bottom-middle,14100,17500,16300,19000
17059.605,17206.771,0.304800129425561,55167,Bottom-middle,14100,17500,16300,19000
17059.668,17140.89,-0.023723032009606,55099,Bottom-middle,14100,17500,16300,19000
17060.232,17294.652,-0.0201331344792779,55283,Bottom-middle,14100,17500,16300,19000
17060.346,18733.701,-0.121680455291206,66054,Bottom-middle,14100,17500,16300,19000
17063.527,16826.238,0.149330464908159,54724,Bottom-middle,14100,17500,16300,19000
17063.998,18012.605,-0.216003327328522,65136,Bottom-middle,14100,17500,16300,19000
17064.312,16863.018,0.164173182365819,54772,Bottom-middle,14100,17500,16300,19000
17066.398,17682.826,-0.0198813677576605,55659,Bottom-middle,14100,17500,16300,19000
17066.863,16767.938,0.23885782927372,54645,Bottom-middle,14100,17500,16300,19000
17069.71,17007.299,0.319539713917574,54950,Bottom-middle,14100,17500,16300,19000
17070.38,16693.023,0.0843992400025346,54562,Bottom-middle,14100,17500,16300,19000
17070.383,17090.27,0.14581789921122,55050,Bottom-middle,14100,17500,16300,19000
17070.441,16886.768,0.31666635764752,54806,Bottom-middle,14100,17500,16300,19000
17070.967,17258.39,0.0315305685978575,55228,Bottom-middle,14100,17500,16300,19000
17076.6,17049.033,0.302198451060205,54999,Bottom-middle,14100,17500,16300,19000
17078.99,18439.05,-0.123565406958759,65577,Bottom-middle,14100,17500,16300,19000
17079.16,16577.33,-0.0190126359477369,54429,Bottom-middle,14100,17500,16300,19000
17080.53,17577.168,0.0547111313173595,55571,Bottom-middle,14100,17500,16300,19000
17081.21,18397.793,0.024049178828424,65528,Bottom-middle,14100,17500,16300,19000
17082.322,17932.28,0.0065533590304369,55904,Bottom-middle,14100,17500,16300,19000
17082.373,16910.797,-0.0378849304717595,54831,Bottom-middle,14100,17500,16300,19000
17083.742,18473.506,0.0319143984350544,65621,Bottom-middle,14100,17500,16300,19000
17083.82,16940.96,0.244936958148369,54883,Bottom-middle,14100,17500,16300,19000
17084.322,16782.666,0.229436952463157,54660,Bottom-middle,14100,17500,16300,19000
17093.006,18872.908,-0.0119917907775683,66337,Bottom-middle,14100,17500,16300,19000
17095.445,18915.91,-0.026647036696082,66430,Bottom-middle,14100,17500,16300,19000
17096.371,18211.45,-0.0739596772445987,65321,Bottom-middle,14100,17500,16300,19000
17096.84,16759.502,0.191905663965182,54632,Bottom-middle,14100,17500,16300,19000
17099.691,16835.535,-0.0456784018830929,54732,Bottom-middle,14100,17500,16300,19000
17101.12,18129.117,-0.0598035392191429,65222,Bottom-middle,14100,17500,16300,19000
17106.629,18710.93,-0.0354422967022525,66026,Bottom-middle,14100,17500,16300,19000
17106.918,17276.295,0.256496320832045,55253,Bottom-middle,14100,17500,16300,19000
17107.326,17237.672,0.181888235685675,55209,Bottom-middle,14100,17500,16300,19000
17109.23,16370.97,-0.00217435444912136,54239,Bottom-middle,14100,17500,16300,19000
17111.523,16863.688,0.0922528061515147,54773,Bottom-middle,14100,17500,16300,19000
17111.914,16783.969,0.128046565149386,54661,Bottom-middle,14100,17500,16300,19000
17115.709,17395.768,0.13490722964987,55398,Bottom-middle,14100,17500,16300,19000
17117.176,18809.57,-0.10667266833268,66220,Bottom-middle,14100,17500,16300,19000
17117.678,17212.346,0.0531199147630079,55173,Bottom-middle,14100,17500,16300,19000
17118.607,18271.963,-0.128009839638419,65396,Bottom-middle,14100,17500,16300,19000
17120.81,18605.557,-0.0673092431075634,65843,Bottom-middle,14100,17500,16300,19000
17124.074,16909.92,0.241312552433477,54832,Bottom-middle,14100,17500,16300,19000
17126.797,17727.4,-0.0318233415962781,55711,Bottom-middle,14100,17500,16300,19000
17127.01,16708.854,0.0697079771999008,54570,Bottom-middle,14100,17500,16300,19000
17127.139,17260.713,0.187685664558697,55229,Bottom-middle,14100,17500,16300,19000
17134.127,16325.372,0.114802211643949,54183,Bottom-middle,14100,17500,16300,19000
17134.537,18065.225,-0.111297189697445,65167,Bottom-middle,14100,17500,16300,19000
17135.057,16647.463,0.079387409041022,54517,Bottom-middle,14100,17500,16300,19000
17140.223,17880.91,-0.163013443687057,55847,Bottom-middle,14100,17500,16300,19000
17142.484,16892.379,0.183983926661224,54813,Bottom-middle,14100,17500,16300,19000
17144.117,17325.395,0.0639652844686201,55300,Bottom-middle,14100,17500,16300,19000
17145.762,16850.855,0.0759732576013075,54751,Bottom-middle,14100,17500,16300,19000
17146.05,17283.307,0.0533643122763545,55264,Bottom-middle,14100,17500,16300,19000
17148.352,17211.842,0.242794810660574,55174,Bottom-middle,14100,17500,16300,19000
17153.428,16984.883,-0.0323280029153807,54928,Bottom-middle,14100,17500,16300,19000
17156.256,18920.178,-0.0920062597171303,66442,Bottom-middle,14100,17500,16300,19000
17166.049,17044.959,0.130761309500665,54990,Bottom-middle,14100,17500,16300,19000
17167.672,16687.117,0.050349490389595,54551,Bottom-middle,14100,17500,16300,19000
17168.791,18249.959,-0.142452724496616,65359,Bottom-middle,14100,17500,16300,19000
17168.947,16605.879,0.00538879327673608,54474,Bottom-middle,14100,17500,16300,19000
17173.535,17271.111,0.121672600766355,55242,Bottom-middle,14100,17500,16300,19000
17174.197,16802.701,-0.0547707851963153,54692,Bottom-middle,14100,17500,16300,19000
17175.334,18048.248,-0.12140414936671,65172,Bottom-middle,14100,17500,16300,19000
17176.395,16857.91,0.106175402384269,54762,Bottom-middle,14100,17500,16300,19000
17176.873,16709.838,-0.00238133848679636,54579,Bottom-middle,14100,17500,16300,19000
17177.39,16746.355,0.0431080554269791,54618,Bottom-middle,14100,17500,16300,19000
17177.77,16964.21,0.0640139616903886,54904,Bottom-middle,14100,17500,16300,19000
17178.68,17582.664,0.0254829886945519,55576,Bottom-middle,14100,17500,16300,19000
17179.477,16404.404,-0.0370189892038336,54249,Bottom-middle,14100,17500,16300,19000
17183.139,18367.098,-0.139566984570995,65485,Bottom-middle,14100,17500,16300,19000
17183.523,18991.812,0.0500131614827583,66573,Bottom-middle,14100,17500,16300,19000
17184.215,16830.064,-0.00324727975472217,54725,Bottom-middle,14100,17500,16300,19000
17186.639,17452.273,-0.0885424946454266,55457,Bottom-middle,14100,17500,16300,19000
17187.088,17911.713,0.277252187228307,55881,Bottom-middle,14100,17500,16300,19000
17187.47,18649.71,-0.146444937463561,65903,Bottom-middle,14100,17500,16300,19000
17188.936,17086.922,0.104385544046487,55042,Bottom-middle,14100,17500,16300,19000
17189.035,18703.268,-0.208693653666273,66017,Bottom-middle,14100,17500,16300,19000
17192.29,17737.84,-0.0273045429044613,55719,Bottom-middle,14100,17500,16300,19000
17193.488,17227.018,0.0177349850593512,55198,Bottom-middle,14100,17500,16300,19000
17197.129,17156.72,0.108966599144926,55113,Bottom-middle,14100,17500,16300,19000
17198.098,18932.744,-0.100658289153395,66472,Bottom-middle,14100,17500,16300,19000
17198.518,17671.662,-0.0144174500459861,55649,Bottom-middle,14100,17500,16300,19000
17199.389,18206.332,0.0211580519063551,65310,Bottom-middle,14100,17500,16300,19000
17201.465,17382.799,0.111079397799553,55388,Bottom-middle,14100,17500,16300,19000
17204.87,16765.234,0.102537538946081,54638,Bottom-middle,14100,17500,16300,19000
17206.55,18770.865,-0.0248986296403425,66126,Bottom-middle,14100,17500,16300,19000
17208.227,17892.934,-0.0479531051368721,55866,Bottom-middle,14100,17500,16300,19000
17209.387,18890.2,-0.20587753644939,66338,Bottom-middle,14100,17500,16300,19000
17211.848,17039.277,0.145825233836751,54984,Bottom-middle,14100,17500,16300,19000
17212.314,16653.348,0.043548000948505,54521,Bottom-middle,14100,17500,16300,19000
17213.143,16807.066,0.0473389832235126,54699,Bottom-middle,14100,17500,16300,19000
17214.123,18991.363,-0.0274936352566483,66594,Bottom-middle,14100,17500,16300,19000
17215.057,16887.14,0.0926382680153149,54797,Bottom-middle,14100,17500,16300,19000
17215.469,16846.104,-0.0123396630679444,54752,Bottom-middle,14100,17500,16300,19000
17218.217,17080.8,-0.0383179011057224,55036,Bottom-middle,14100,17500,16300,19000
17219.865,17528.865,0.0374066489118312,55521,Bottom-middle,14100,17500,16300,19000
17220.398,16317.088,0.024570607450357,54176,Bottom-middle,14100,17500,16300,19000
17221.107,18658.9,-0.00265249710307973,65931,Bottom-middle,14100,17500,16300,19000
17221.902,18152.72,-0.148313753671471,65247,Bottom-middle,14100,17500,16300,19000
17223.893,17129.016,0.11103283652741,55077,Bottom-middle,14100,17500,16300,19000
17226.639,16346.781,-0.0608323740717966,54203,Bottom-middle,14100,17500,16300,19000
17227.477,17270.979,-0.0227682457537104,55222,Bottom-middle,14100,17500,16300,19000
17228.445,16618.924,0.0101748098981297,54487,Bottom-middle,14100,17500,16300,19000
17228.553,16680.31,0.157117187060305,54552,Bottom-middle,14100,17500,16300,19000
17228.965,16910.377,0.0312240528414066,54837,Bottom-middle,14100,17500,16300,19000
17230.328,18027.691,-0.159549678615353,65151,Bottom-middle,14100,17500,16300,19000
17230.867,18341.006,-0.141998139218846,65435,Bottom-middle,14100,17500,16300,19000
17231.945,16506.41,-0.0248958114528705,54378,Bottom-middle,14100,17500,16300,19000
17241.99,17197.395,0.010106772985947,55164,Bottom-middle,14100,17500,16300,19000
17243.816,17069.889,0.0717546072472371,55020,Bottom-middle,14100,17500,16300,19000
17244.176,18586.346,0.0185581651478942,65766,Bottom-middle,14100,17500,16300,19000
17244.994,17107.754,0.0223056418242446,55065,Bottom-middle,14100,17500,16300,19000
17251.24,18730.586,0.0257654014598089,66065,Bottom-middle,14100,17500,16300,19000
17251.541,16627.62,0.018641745444144,54493,Bottom-middle,14100,17500,16300,19000
17252.066,18992.383,-0.097435497087867,66595,Bottom-middle,14100,17500,16300,19000
17252.56,17269.691,-0.032256312230241,55247,Bottom-middle,14100,17500,16300,19000
17252.92,18557.91,-0.134437381845501,65748,Bottom-middle,14100,17500,16300,19000
17258.193,16540.502,-0.0768522875284263,54408,Bottom-middle,14100,17500,16300,19000
17261.332,16401.443,0.0815749993855309,54277,Bottom-middle,14100,17500,16300,19000
17264.105,16931.707,-0.0304200421547678,54868,Bottom-middle,14100,17500,16300,19000
17268,16830.96,0.0538556864024165,54733,Bottom-middle,14100,17500,16300,19000
17268.963,18945.469,0.0548706540667335,66494,Bottom-middle,14100,17500,16300,19000
17269.004,16594.695,0.0105649503636377,54454,Bottom-middle,14100,17500,16300,19000
17269.307,17470.516,-0.155652942909686,55465,Bottom-middle,14100,17500,16300,19000
17269.707,18903.766,0.077372189750984,66376,Bottom-middle,14100,17500,16300,19000
17270.525,17223.6,-0.0377707765811278,55186,Bottom-middle,14100,17500,16300,19000
17270.576,16859.479,-0.0339881947660929,54768,Bottom-middle,14100,17500,16300,19000
17270.727,18178.596,-0.0744576841039215,65286,Bottom-middle,14100,17500,16300,19000
17273.389,16986.62,0.0348870396932442,54933,Bottom-middle,14100,17500,16300,19000
17273.963,16681.781,0.0524327455241769,54544,Bottom-middle,14100,17500,16300,19000
17276.684,16892.97,0.00707938319024055,54814,Bottom-middle,14100,17500,16300,19000
17276.98,18810.164,-0.161657404052982,66221,Bottom-middle,14100,17500,16300,19000
17277.11,17877.709,-0.209465610767864,55853,Bottom-middle,14100,17500,16300,19000
17277.322,16500.99,-0.0357200773019448,54371,Bottom-middle,14100,17500,16300,19000
17277.678,17277.727,-0.00974183926416668,55265,Bottom-middle,14100,17500,16300,19000
17278.787,16959.217,0.0607232716460961,54898,Bottom-middle,14100,17500,16300,19000
17279.523,17156.834,0.336808426221702,55114,Bottom-middle,14100,17500,16300,19000
17280.002,17991.965,-0.00870791526534407,55954,Bottom-middle,14100,17500,16300,19000
17280.834,17596.436,-0.128172023452683,55585,Bottom-middle,14100,17500,16300,19000
17286.32,18114.822,-0.123778469189633,65216,Bottom-middle,14100,17500,16300,19000
17288.97,17350.09,0.129298565997989,55332,Bottom-middle,14100,17500,16300,19000
17289.162,16924.17,0.0645566157894074,54853,Bottom-middle,14100,17500,16300,19000
17289.764,17012.928,0.0770208053923711,54957,Bottom-middle,14100,17500,16300,19000
17300.816,18438.402,-0.077392537295696,65572,Bottom-middle,14100,17500,16300,19000
17302.316,16827.402,0.204652532584561,54726,Bottom-middle,14100,17500,16300,19000
17306.523,18303.371,-0.0848128961104322,65413,Bottom-middle,14100,17500,16300,19000
17307.725,16666.803,0.133762448812848,54528,Bottom-middle,14100,17500,16300,19000
17313.723,18690.398,0.245600086987719,65973,Bottom-middle,14100,17500,16300,19000
17315.088,18722.086,-0.0236809666544454,66066,Bottom-middle,14100,17500,16300,19000
17316.12,16949.354,0.0326314933816833,54886,Bottom-middle,14100,17500,16300,19000
17317.033,16711.424,0.18352395805472,54580,Bottom-middle,14100,17500,16300,19000
17323.965,16643.404,-0.0185344670104734,54513,Bottom-middle,14100,17500,16300,19000
17325.195,16819.889,-0.00823829544446481,54706,Bottom-middle,14100,17500,16300,19000
17325.79,17071.232,0.059478098267384,55026,Bottom-middle,14100,17500,16300,19000
17326.037,17224.656,0.207644393669484,55187,Bottom-middle,14100,17500,16300,19000
17327.184,16921.1,-0.0162363987736112,54854,Bottom-middle,14100,17500,16300,19000
17328.281,16789.117,-0.00671104482642588,54669,Bottom-middle,14100,17500,16300,19000
17330.701,17089.613,0.00425652887740191,55055,Bottom-middle,14100,17500,16300,19000
17331.213,18463.996,-0.172971768268205,65606,Bottom-middle,14100,17500,16300,19000
17334.057,17941.316,-0.0499784608989335,55905,Bottom-middle,14100,17500,16300,19000
17334.195,18777.918,-0.0206589188722931,66173,Bottom-middle,14100,17500,16300,19000
17334.46,17029.447,0.0477828500536112,54980,Bottom-middle,14100,17500,16300,19000
17338.377,17157.205,0.107449724855684,55115,Bottom-middle,14100,17500,16300,19000
17338.902,17452.691,-0.10369646683413,55450,Bottom-middle,14100,17500,16300,19000
17340.637,18253.2,-0.131632856892868,65364,Bottom-middle,14100,17500,16300,19000
17346.059,16734.754,0.031119400462095,54611,Bottom-middle,14100,17500,16300,19000
17346.137,18585.354,-0.215785935934321,65767,Bottom-middle,14100,17500,16300,19000
17346.68,16872.717,0.089174103836942,54792,Bottom-middle,14100,17500,16300,19000
17351.559,16784.605,0.15200313460364,54662,Bottom-middle,14100,17500,16300,19000
17351.967,16974.906,0.116754437533581,54920,Bottom-middle,14100,17500,16300,19000
17355.924,17055.139,0.0487630559844216,55009,Bottom-middle,14100,17500,16300,19000
17358.672,16496.71,-0.00887589799624086,54372,Bottom-middle,14100,17500,16300,19000
17362.389,16806.768,0.0267975749874906,54700,Bottom-middle,14100,17500,16300,19000
17362.688,17854.105,-0.074962898402652,55818,Bottom-middle,14100,17500,16300,19000
17366.066,16828.842,0.14569576003766,54734,Bottom-middle,14100,17500,16300,19000
17367.605,17084.344,0.0445612777923892,55043,Bottom-middle,14100,17500,16300,19000
17367.791,18644.271,-0.0712236692869078,65899,Bottom-middle,14100,17500,16300,19000
17368.254,16680.803,0.282104706878777,54553,Bottom-middle,14100,17500,16300,19000
17369.268,16934.625,0.207327590543103,54874,Bottom-middle,14100,17500,16300,19000
17370.992,17425.73,-0.131839558041723,55424,Bottom-middle,14100,17500,16300,19000
17371.463,16743.982,0.0369656576370808,54619,Bottom-middle,14100,17500,16300,19000
17373.797,17009.088,0.0191179236951917,54951,Bottom-middle,14100,17500,16300,19000
17375.145,18923.564,-0.0239338978371693,66451,Bottom-middle,14100,17500,16300,19000
17378.994,16892.537,0.109678466285452,54815,Bottom-middle,14100,17500,16300,19000
17379.105,16614.662,0.130731392960536,54479,Bottom-middle,14100,17500,16300,19000
17383.729,16986.822,0.112754233155421,54934,Bottom-middle,14100,17500,16300,19000
17386.56,17046.395,-0.00647283142870424,54991,Bottom-middle,14100,17500,16300,19000
17387.842,16802.812,0.00207550045331423,54689,Bottom-middle,14100,17500,16300,19000
17389.674,16564.242,0.168264435874867,54425,Bottom-middle,14100,17500,16300,19000
17393.055,17499.014,-0.0555920051604305,55498,Bottom-middle,14100,17500,16300,19000
17393.824,18872.465,0.162879390816427,66326,Bottom-middle,14100,17500,16300,19000
17395.746,17162.967,0.259835423444256,55131,Bottom-middle,14100,17500,16300,19000
17396.3,18628.955,-0.12547373836628,65860,Bottom-middle,14100,17500,16300,19000
17402.9,17803.543,-0.133761832474217,55781,Bottom-middle,14100,17500,16300,19000
17404.576,17004.67,0.221852159774979,54952,Bottom-middle,14100,17500,16300,19000
17405.121,16753.977,0.0303744741200104,54628,Bottom-middle,14100,17500,16300,19000
17407.904,16874.416,0.109201292251338,54793,Bottom-middle,14100,17500,16300,19000
17410.178,17337.934,0.0565874002392736,55325,Bottom-middle,14100,17500,16300,19000
17411.281,17281.88,0.0257850680464138,55254,Bottom-middle,14100,17500,16300,19000
17411.594,18189.684,-0.179033357143686,65292,Bottom-middle,14100,17500,16300,19000
17415.727,16580.404,0.0898235499728514,54438,Bottom-middle,14100,17500,16300,19000
17417.193,18400.498,-0.229802864901495,65487,Bottom-middle,14100,17500,16300,19000
17419.465,16819.96,0.028356691147165,54715,Bottom-middle,14100,17500,16300,19000
17419.932,16776.613,0.137986828466448,54655,Bottom-middle,14100,17500,16300,19000
17422.287,17158.344,-0.075887128796316,55116,Bottom-middle,14100,17500,16300,19000
17422.549,16356.043,-0.00584510355849991,54217,Bottom-middle,14100,17500,16300,19000
17423.43,17033.926,0.190030253444974,54974,Bottom-middle,14100,17500,16300,19000
17425.355,16320.319,-0.00276058650135942,54184,Bottom-middle,14100,17500,16300,19000
17427.586,17196.057,-0.0136082131281676,55140,Bottom-middle,14100,17500,16300,19000
17428.121,16861.037,0.0853701737012536,54774,Bottom-middle,14100,17500,16300,19000
17431.893,17737.896,-0.200248918207872,55703,Bottom-middle,14100,17500,16300,19000
17435.264,17080.09,-0.0642028081864222,55037,Bottom-middle,14100,17500,16300,19000
17438.398,16663.512,0.129153444504682,54529,Bottom-middle,14100,17500,16300,19000
17440.746,18889.045,-0.0281424330328732,66351,Bottom-middle,14100,17500,16300,19000
17441.062,18484.621,-0.163608278288336,65627,Bottom-middle,14100,17500,16300,19000
17441.166,17282.092,0.0705058836637541,55248,Bottom-middle,14100,17500,16300,19000
17441.469,18311.582,-0.118134224571641,65429,Bottom-middle,14100,17500,16300,19000
17444.25,16590.484,0.070934875088843,54455,Bottom-middle,14100,17500,16300,19000
17445.889,16888.172,0.196956482403277,54804,Bottom-middle,14100,17500,16300,19000
17447.12,16925.15,0.00965115890190772,54855,Bottom-middle,14100,17500,16300,19000
17449.322,17038.83,-0.0417816661774263,54992,Bottom-middle,14100,17500,16300,19000
17449.338,16536.732,0.0116183232759435,54409,Bottom-middle,14100,17500,16300,19000
17450.338,16628.422,0.0725111032272305,54494,Bottom-middle,14100,17500,16300,19000
17452.342,16466.416,0.00584510355849991,54332,Bottom-middle,14100,17500,16300,19000
17454.434,17308.777,0.0778168015599003,55288,Bottom-middle,14100,17500,16300,19000
17454.887,17453.135,0.0156556873505072,55462,Bottom-middle,14100,17500,16300,19000
17455.059,16574.318,0.0341225891811393,54434,Bottom-middle,14100,17500,16300,19000
17456.752,16825.902,-0.0227309582830557,54727,Bottom-middle,14100,17500,16300,19000
17457.438,16801.652,-0.0448124606151669,54693,Bottom-middle,14100,17500,16300,19000
17459.396,16716.287,0.188599504389404,54588,Bottom-middle,14100,17500,16300,19000
17461.918,16660.85,0.161401460052929,54530,Bottom-middle,14100,17500,16300,19000
17462.496,16515.723,0.180339234300116,54388,Bottom-middle,14100,17500,16300,19000
17470.508,16606.385,0.135830179239537,54461,Bottom-middle,14100,17500,16300,19000
17471.162,16848.049,-0.00627807419246297,54753,Bottom-middle,14100,17500,16300,19000
17474.549,18195.607,-0.147169478124265,65306,Bottom-middle,14100,17500,16300,19000
17479.148,16876.89,0.305967231181915,54798,Bottom-middle,14100,17500,16300,19000
17479.213,16899.53,0.16177066601512,54822,Bottom-middle,14100,17500,16300,19000
17480.832,17503.418,0.0772867408599978,55506,Bottom-middle,14100,17500,16300,19000
17482.01,16426.422,0.0803085916624379,54293,Bottom-middle,14100,17500,16300,19000
17482.213,16559.652,0.156751202204534,54420,Bottom-middle,14100,17500,16300,19000
17484.791,16465.477,0.14629287128352,54333,Bottom-middle,14100,17500,16300,19000
17485.908,16820.932,0.236934492184963,54716,Bottom-middle,14100,17500,16300,19000
17487.205,16773.791,0.239372397232272,54656,Bottom-middle,14100,17500,16300,19000
17487.537,18528.312,-0.194620299966353,65698,Bottom-middle,14100,17500,16300,19000
17492.65,16980.232,0.0188064992675952,54914,Bottom-middle,14100,17500,16300,19000
17492.715,17141.338,0.19110858847886,55100,Bottom-middle,14100,17500,16300,19000
17497.35,17703.396,-0.103063989842033,55673,Bottom-middle,14100,17500,16300,19000
17498.643,17364.53,-0.00806250804803748,55368,Bottom-middle,14100,17500,16300,19000
